"rmax", "topt", "ctmin", "ctmax", "e", "eh", "q10", "thermal_safety_margin", "thermal_tolerance", "breadth", "skewness", "tAdaptation", "line", "mediumConcentration", "r_tref", "e_from_fit", "eh_from_fit", "th", "r_tadapt", "r_tref_0025", "r_tref_0975", "e_from_fit_0025", "e_from_fit_0975", "sd_e_from_fit", "sd_r_tref", "speed_quantile"
975.13, 29.19, -30.83, 48.13, 0.29, 0.65, NA, 18.94, 78.96, 13.4, -0.36, 15, "all", 50, 753.188560495453, 0.329829797469869, 2.54884347663282, 35.2023506379411, 599.817919275694, 741.791247177085, 764.682033426607, 0.309345952913271, 0.352346844970728, 0.0110323101431737, 5.64008687405451, 5
1056.22, 31.18, -Inf, 46.19, 0.23, 0.79, NA, 15.01, Inf, 13.97, -0.56, 15, "all", 100, 793.736071179151, 0.249703303791224, 3.35617906540457, 37.2975016733502, 668.625305691966, 780.229851959058, 805.123137706264, 0.230992278854617, 0.270585981697881, 0.00990607920331828, 6.33535212512497, 5
889.99, 30.18, -35.68, 45.58, 0.25, 1.06, NA, 15.41, 81.26, 12.97, -0.81, 15, "all", 200, 665.136840909348, 0.291513369261742, 3.19241825686596, 35.9923283521552, 544.383763132345, 654.929506319751, 677.334203551864, 0.263583808707334, 0.32008153552024, 0.013962469016372, 5.77023311433981, 5
804.23, 32.1, -28.13, 45.5, 0.29, 0.98, NA, 13.4, 73.62, 11.49, -0.69, 20, "all", 50, 525.718395332278, 0.330719569393526, 3.70003350164384, 37.2224183170774, 525.562793988627, 497.281679823917, 554.898652052219, 0.274208501276217, 0.400555953065917, 0.0322596902342876, 14.4853735822279, 5
890.33, 31.49, -32.05, 45.13, 0.29, 0.83, NA, 13.63, 77.18, 12.06, -0.54, 20, "all", 100, 614.422133916497, 0.307453676205382, 3.64371021005484, 36.8208448117411, 614.176650084543, 594.599612441258, 634.710071927904, 0.269192855662654, 0.349895643342803, 0.0205020472124314, 10.2898146421921, 5
784.54, 30.79, -30.17, 47.38, 0.28, 0.83, NA, 16.59, 77.55, 12.73, -0.55, 20, "all", 200, 558.524012126863, 0.325105002421529, 2.9447568285269, 36.5406336393057, 557.419701179237, 550.343376813103, 566.755795400053, 0.302510031472405, 0.349835072423223, 0.0118956753243983, 4.17269323211553, 5
950.1, 32.1, -Inf, 44.49, 0.23, 0.79, NA, 12.39, Inf, 13.44, -0.56, 25, "all", 50, 697.032153960625, 0.234319197021096, 4.17513796503725, 37.6253579126906, 813.200158165109, 679.044999095458, 713.703655230071, 0.205360110234583, 0.265693243104954, 0.0149608868181017, 8.63743734444652, 5
943.1, 31.86, -34.89, 45.98, 0.28, 0.74, NA, 14.12, 80.88, 12.61, -0.46, 25, "all", 100, 658.10282590796, 0.289113619099717, 3.5418151596959, 37.4429758188106, 794.121954691445, 645.382267980576, 668.46659631496, 0.269708766079905, 0.311462072508928, 0.0109996759162028, 5.89633934997073, 5
871.96, 33.75, -Inf, 44.72, 0.22, 1.03, NA, 10.97, Inf, 13, -0.81, 25, "all", 200, 606.4545344263, 0.232674870977095, 4.82822277579739, 38.8486507411277, 707.547674430349, 594.492712715604, 617.618692437262, 0.214046978348265, 0.253350951552637, 0.00977988766829178, 5.8082485233585, 5
967.13, 29.2, -31.38, 48.07, 0.29, 0.65, NA, 18.86, 79.45, 13.45, -0.36, 15, "all", 50, 748.42156774521, 0.325739358375656, 2.56120580961908, 35.2485247112822, 597.731086123584, 738.180845087039, 758.381075488123, 0.306719171438731, 0.346595444222119, 0.0100830481360444, 5.10085379967147, 6
1048.24, 30.96, -Inf, 46.64, 0.23, 0.78, NA, 15.68, Inf, 13.98, -0.55, 15, "all", 100, 789.588509051474, 0.257587787685154, 3.19004759265835, 37.1677385508092, 661.511912507348, 777.995330598437, 799.620060795, 0.239845036721686, 0.279380985327522, 0.0102871497683936, 5.71246602732532, 6
881.73, 30.09, -35.49, 45.71, 0.25, 1.06, NA, 15.63, 81.2, 13.01, -0.82, 15, "all", 200, 661.1799219951, 0.293077779803989, 3.14188277423975, 35.9345604868669, 540.548979384343, 650.331123342306, 672.22718935484, 0.266684312808625, 0.318898783094971, 0.0133697826743018, 5.51864374171911, 6
789.8, 32.12, -28.61, 45.42, 0.28, 0.98, NA, 13.3, 74.03, 11.52, -0.7, 20, "all", 50, 517.757832555589, 0.327153346574977, 3.73273289089577, 37.2459318764509, 517.616701538742, 489.471899405764, 546.199791919573, 0.272194512460415, 0.397088363997049, 0.0321290958388155, 14.1959773807078, 6
884.86, 31.5, -32.24, 44.85, 0.29, 0.83, NA, 13.35, 77.09, 11.98, -0.54, 20, "all", 100, 610.220809115864, 0.30604875927207, 3.72826526581597, 36.7726553693605, 610.013015760514, 589.762078898032, 629.674292610043, 0.271195838496496, 0.352046458441243, 0.0199981403408264, 10.0534984598546, 6
779, 30.8, -29.37, 47.31, 0.28, 0.83, NA, 16.52, 76.68, 12.6, -0.55, 20, "all", 200, 551.080359346129, 0.330664158877962, 2.9553486982667, 36.4824486660141, 549.992486687926, 543.776527198886, 558.063550403339, 0.3117456718569, 0.352962428695704, 0.0105745977956704, 3.75046415625213, 6
935.53, 32.04, -Inf, 44.5, 0.23, 0.82, NA, 12.46, Inf, 13.55, -0.59, 25, "all", 50, 689.876319759238, 0.231844981890089, 4.15366425788755, 37.6094208161183, 803.484521507209, 673.963552585385, 703.972396917441, 0.207317083250179, 0.262908249639108, 0.014024690800605, 7.92533069182667, 6
932.08, 31.78, -34.87, 46.04, 0.28, 0.72, NA, 14.26, 80.91, 12.65, -0.44, 25, "all", 100, 652.451643129977, 0.289655893112855, 3.50338220890645, 37.3913549050163, 787.319124443638, 641.341760481559, 662.392853182476, 0.269792089764353, 0.313559315336846, 0.0109454929342694, 5.41893700083903, 6
865.95, 33.68, -Inf, 44.78, 0.22, 1.04, NA, 11.11, Inf, 12.99, -0.82, 25, "all", 200, 601.886557328343, 0.234948620955259, 4.7538720185859, 38.8082847553861, 703.251210097515, 591.320694413483, 612.445757345367, 0.217260119855864, 0.253248372976897, 0.00926515796537012, 5.41874747409876, 6
962.93, 29.17, -30.94, 47.95, 0.29, 0.67, NA, 18.78, 78.9, 13.36, -0.38, 15, "all", 50, 743.941824296449, 0.328931349170013, 2.57047496668395, 35.171493227497, 592.852663679135, 734.739434363374, 753.068427248557, 0.311877693400772, 0.348069001364609, 0.00929086198472122, 4.63688576245915, 7
1042.15, 30.97, -Inf, 46.53, 0.23, 0.79, NA, 15.57, Inf, 14.02, -0.56, 15, "all", 100, 786.813625576732, 0.254752789087212, 3.21749529938587, 37.1698966278613, 660.47689532087, 775.9999344072, 796.814032558247, 0.237635564110978, 0.2745949487157, 0.00926847135416689, 5.46004084537209, 7
873.24, 30.03, -35.11, 45.93, 0.25, 1.05, NA, 15.9, 81.04, 13.05, -0.79, 15, "all", 200, 655.860761592472, 0.295741800656171, 3.08231091766986, 35.906204712349, 535.201069863292, 646.079670673229, 667.223693811819, 0.272262730447797, 0.321864718029818, 0.0126854181173183, 5.32458364498684, 7
780.2, 32.21, -28.66, 45.24, 0.28, 0.99, NA, 13.03, 73.9, 11.44, -0.71, 20, "all", 50, 509.167542606531, 0.326187634311019, 3.81789987399463, 37.2820523924246, 509.054343818143, 483.874854266604, 537.150305507403, 0.27030786711856, 0.391265179454973, 0.0304525692347597, 13.8544423089616, 7
878.57, 31.56, -32.6, 44.53, 0.29, 0.86, NA, 12.97, 77.13, 11.88, -0.57, 20, "all", 100, 605.002086336159, 0.303287393804389, 3.84634882495074, 36.7583601419279, 604.841026596832, 585.951371060747, 625.701581963668, 0.269942323140491, 0.341463777571813, 0.0188343318497141, 9.7969864842771, 7
771.63, 30.85, -29.75, 47.06, 0.28, 0.84, NA, 16.21, 76.81, 12.55, -0.56, 20, "all", 200, 545.196193282522, 0.327445088649109, 3.01420936501292, 36.513109354835, 544.255781797229, 538.418892720194, 552.062273979297, 0.308753574599083, 0.347466275774168, 0.00996023205584462, 3.53957465089718, 7
920.86, 32.03, -Inf, 44.44, 0.22, 0.81, NA, 12.41, Inf, 13.74, -0.59, 25, "all", 50, 684.478315892755, 0.22567311750515, 4.18666644674958, 37.6256984884799, 794.004804033041, 669.681177159841, 698.209999604173, 0.200840003168691, 0.250681889565427, 0.012921985223326, 7.457260821175, 7
924.54, 31.86, -36.03, 45.51, 0.27, 0.8, NA, 13.65, 81.54, 12.58, -0.53, 25, "all", 100, 648.37007682172, 0.282404616883493, 3.68030685022318, 37.3819186588534, 779.436530763425, 637.928515834843, 657.246464632276, 0.266028201665158, 0.300772514783144, 0.00898100617874704, 4.97228616555064, 7
857.76, 33.6, -Inf, 44.92, 0.22, 1.01, NA, 11.32, Inf, 13.16, -0.79, 25, "all", 200, 599.923230153913, 0.232990166639726, 4.65966678247128, 38.8135254577256, 700.013156414602, 589.015883209029, 609.622492418329, 0.216745871881722, 0.250864976164523, 0.00893965092550308, 5.3558092679047, 7
956.44, 29.1, -30.85, 47.98, 0.29, 0.67, NA, 18.88, 78.83, 13.36, -0.38, 15, "all", 50, 741.168630744495, 0.329998785342601, 2.55569680061106, 35.0996648706047, 590.167139225595, 731.858297183878, 749.881975444132, 0.313776337607257, 0.350043866713041, 0.00927642473081599, 4.64914550845783, 8
1035.42, 30.86, -Inf, 46.74, 0.23, 0.77, NA, 15.89, Inf, 14.11, -0.55, 15, "all", 100, 785.275630896289, 0.255641951920759, 3.1458196583561, 37.1252090154059, 658.767741586657, 773.712199077751, 794.507762662519, 0.236974707214564, 0.274588454598964, 0.009755534924075, 5.32481544443339, 8
865.99, 30.04, -35.32, 45.91, 0.25, 1.04, NA, 15.88, 81.23, 13.07, -0.79, 15, "all", 200, 650.927771379733, 0.294433952069155, 3.08857638946777, 35.9199576092993, 531.655499714725, 642.274940522586, 661.082292402014, 0.272401831483786, 0.317354539322493, 0.0115258452747295, 4.94207477919152, 8
767.74, 32.25, -28.9, 45.2, 0.28, 0.99, NA, 12.95, 74.1, 11.45, -0.71, 20, "all", 50, 501.17213280051, 0.324340811857983, 3.84516815595455, 37.3131305669375, 501.068704845829, 476.096936682337, 528.797039003535, 0.269047907556686, 0.384537549496565, 0.0296108618843269, 13.3462787185384, 8
870.96, 31.49, -31.73, 44.99, 0.29, 0.83, NA, 13.5, 76.72, 11.96, -0.54, 20, "all", 100, 599.314242506741, 0.309441228888535, 3.67755251804727, 36.7689842342247, 599.086387408685, 583.633568731712, 616.101839511773, 0.276755217549065, 0.34211107369149, 0.0169839539341053, 8.41750257532957, 8
766.12, 30.89, -29.65, 46.87, 0.28, 0.85, NA, 15.98, 76.52, 12.46, -0.56, 20, "all", 200, 539.197411264674, 0.327711694444467, 3.060960382496, 36.5135604388204, 538.354728449836, 533.130138047602, 545.793606955123, 0.310919798119029, 0.34826498498607, 0.00925936527027702, 3.27496096184535, 8
907.94, 32, -Inf, 44.39, 0.22, 0.83, NA, 12.39, Inf, 13.89, -0.61, 25, "all", 50, 679.309353479544, 0.22114716821165, 4.2020317702408, 37.6235388490628, 785.669427215474, 664.008744153881, 693.166283518098, 0.195810667615305, 0.24905412318174, 0.0134615062480865, 7.21172515091095, 8
917.21, 31.77, -34.62, 45.77, 0.28, 0.79, NA, 14, 80.39, 12.52, -0.51, 25, "all", 100, 640.33565349102, 0.290958490467929, 3.56890344012583, 37.3054180937463, 773.576846865292, 629.30459527575, 648.524022252861, 0.27300182917172, 0.310276266949963, 0.00924216694216074, 4.84881011813197, 8
851.42, 33.61, -Inf, 44.78, 0.22, 1.05, NA, 11.17, Inf, 13.21, -0.83, 25, "all", 200, 597.851207981432, 0.229706255475724, 4.73592448847481, 38.7930753525572, 696.102417714691, 588.926694782448, 606.57279736999, 0.215195349672342, 0.246115001086897, 0.00795671361681116, 4.61840631645034, 8
950.62, 29.09, -30.92, 47.81, 0.29, 0.68, NA, 18.72, 78.73, 13.32, -0.39, 15, "all", 50, 736.436631043826, 0.329448607303622, 2.57668754942505, 35.0733863887356, 586.65349154305, 726.461215758963, 744.661042150734, 0.312834117168176, 0.348457252036094, 0.00902853938338074, 4.6022273849727, 9
1030.64, 30.86, -Inf, 46.64, 0.23, 0.78, NA, 15.78, Inf, 14.12, -0.56, 15, "all", 100, 782.317783817935, 0.25401715412201, 3.17063774543478, 37.1219574427194, 657.024354213745, 771.979593450975, 791.303045497179, 0.23799111500961, 0.271817647168983, 0.00867363098053144, 4.99148076560087, 9
861.32, 29.96, -35.13, 46.02, 0.26, 0.68, NA, 16.06, 81.15, 13.1, -0.43, 15, "all", 200, 649.183205708193, 0.296001052717515, 3.04916338808281, 35.8641244220344, 529.644322824989, 640.593277257429, 658.93276707489, 0.27331991696484, 0.317853223035395, 0.0114493321975582, 4.69183702801965, 9
757.35, 32.28, -28.29, 45.06, 0.28, 1, NA, 12.78, 73.36, 11.32, -0.72, 20, "all", 50, 490.495150146227, 0.328272372090755, 3.89553173654593, 37.2890374073025, 490.403542566231, 467.493232381475, 517.870318264385, 0.279128089453822, 0.391325010170955, 0.0285083197326877, 12.7975538642315, 9
864.89, 31.5, -32.8, 44.63, 0.29, 0.84, NA, 13.14, 77.43, 11.97, -0.56, 20, "all", 100, 598.278799511817, 0.302431300731022, 3.79554045163457, 36.7404266085769, 598.099776157445, 582.467036191158, 614.978910237672, 0.272039276475748, 0.337237416053998, 0.0167336694828655, 8.39695399816788, 9
761.69, 30.9, -29.33, 46.73, 0.29, 0.85, NA, 15.83, 76.06, 12.37, -0.57, 20, "all", 200, 534.127549801662, 0.329830208391731, 3.08825644324591, 36.4792142202509, 533.329284025061, 528.382998089814, 540.046298674485, 0.314343781914359, 0.347988571780651, 0.00865940907824134, 2.98543082304405, 9
893.21, 32, -Inf, 44.38, 0.22, 0.8, NA, 12.37, Inf, 14.1, -0.58, 25, "all", 50, 672.887373911987, 0.215605942616612, 4.22227644695881, 37.6633959670904, 775.436703191807, 658.215298860794, 686.432959846599, 0.191563418180185, 0.243061179652231, 0.0132058250525695, 7.23552048365169, 9
908.77, 31.69, -34.68, 45.85, 0.28, 0.78, NA, 14.16, 80.53, 12.59, -0.51, 25, "all", 100, 636.80548834545, 0.291022987914657, 3.52516453448505, 37.2662434607686, 769.071613545148, 626.606765182069, 644.246164381851, 0.274242022477557, 0.309351511801158, 0.00866827135096604, 4.52362217857925, 9
845.08, 33.61, -Inf, 44.74, 0.22, 1.06, NA, 11.13, Inf, 13.24, -0.85, 25, "all", 200, 594.505202729839, 0.228364995078691, 4.75778444170271, 38.7870460419221, 691.597375276062, 585.492049818012, 602.8982645714, 0.21351755420127, 0.243969800206358, 0.00803388284566997, 4.62397089042977, 9
945.8, 29.06, -30.84, 47.81, 0.29, 0.68, NA, 18.75, 78.65, 13.31, -0.39, 15, "all", 50, 733.302464839612, 0.330166511391141, 2.57270292819679, 35.0415307196735, 583.854852114424, 725.413961178064, 742.476947814818, 0.314020277140278, 0.349716031916898, 0.00870032575734467, 4.26661556582659, 10
1024.79, 30.82, -Inf, 46.7, 0.23, 0.78, NA, 15.88, Inf, 14.17, -0.55, 15, "all", 100, 779.759229982685, 0.253530586586795, 3.14891199925243, 37.1093604356014, 655.089337609547, 769.589291805503, 789.785994762677, 0.235682704842061, 0.272924894774515, 0.00941523496852218, 5.16586923905481, 10
855, 29.9, -34.61, 46.13, 0.26, 0.67, NA, 16.24, 80.74, 13.09, -0.41, 15, "all", 200, 644.667260655421, 0.299539022839971, 3.01083614752583, 35.8028398970701, 524.665891031544, 636.160674681708, 654.379601880693, 0.277931608320764, 0.320973439396082, 0.0111446902060065, 4.54631525071959, 10
747.95, 32.38, -27.5, 45.03, 0.29, 1.01, NA, 12.64, 72.53, 11.19, -0.72, 20, "all", 50, 478.714497268712, 0.333324138888389, 3.93848053289745, 37.3277255049198, 478.634641091277, 457.157514821244, 505.726360470683, 0.281864212529287, 0.391842259771898, 0.0287245243188534, 12.5295426523593, 10
857.92, 31.48, -32.55, 44.78, 0.29, 0.83, NA, 13.3, 77.33, 11.99, -0.54, 20, "all", 100, 593.251866280886, 0.304119904590867, 3.74353851479119, 36.7549319221952, 593.054777505726, 579.501387560228, 609.091324933617, 0.275284127686261, 0.333633276666654, 0.0151664237703664, 7.53748992471287, 10
753.97, 30.93, -29.9, 46.67, 0.28, 0.86, NA, 15.74, 76.57, 12.41, -0.57, 20, "all", 200, 529.958725481857, 0.325607977304637, 3.1092477679337, 36.5324413350508, 529.215897392475, 524.09919671319, 535.743404691062, 0.310335472086817, 0.341671119452743, 0.00803170301615769, 2.93826171469446, 10
878.19, 32.06, -Inf, 44.25, 0.21, 0.8, NA, 12.2, Inf, 14.37, -0.59, 25, "all", 50, 667.250565860487, 0.207247569222177, 4.31176194750374, 37.7193328181292, 764.835918661095, 652.95960602337, 681.275632813737, 0.183916789666732, 0.232594465888547, 0.0125685260901726, 7.40809379637017, 10
900.81, 31.68, -35.5, 45.76, 0.27, 0.8, NA, 14.08, 81.26, 12.67, -0.52, 25, "all", 100, 634.755284728022, 0.286333225256524, 3.55054224872669, 37.2697186725508, 764.347093506311, 624.663959174936, 643.105006729202, 0.269211264304372, 0.303839496326532, 0.00881410181758755, 4.56516918523211, 10
837.55, 33.53, -Inf, 44.87, 0.21, 1.05, NA, 11.34, Inf, 13.36, -0.84, 25, "all", 200, 591.418127114398, 0.228113748958449, 4.65954918776352, 38.7762732611048, 687.854669233466, 582.430675783006, 599.933892817092, 0.212367549325814, 0.243687803508849, 0.00799623029727737, 4.54317820140997, 10
941.6, 29.02, -30.41, 47.84, 0.29, 0.69, NA, 18.82, 78.25, 13.27, -0.39, 15, "all", 50, 730.19740293647, 0.333580663689728, 2.56047292846643, 34.9655651396266, 579.981713523651, 721.766715191625, 738.474677972234, 0.317073503774159, 0.350166043516925, 0.00853118344494936, 4.31956279289884, 11
1021.45, 30.78, -Inf, 46.63, 0.23, 0.8, NA, 15.85, Inf, 14.18, -0.57, 15, "all", 100, 778.514350141904, 0.252995953549239, 3.15543917633813, 37.0662049895226, 654.283830198542, 768.112680391314, 787.542333269109, 0.235865968179058, 0.27048571318858, 0.00869681728200411, 4.86766690903633, 11
848.77, 29.82, -34.66, 46.28, 0.26, 0.68, NA, 16.46, 80.94, 13.17, -0.42, 15, "all", 200, 642.88227928601, 0.299669213801903, 2.96678718345434, 35.7628322143316, 523.145032174104, 634.955073405206, 651.8749196054, 0.277499604512514, 0.321771528563294, 0.0111955236964795, 4.41755461564203, 11
737.39, 32.39, -28.04, 45.05, 0.28, 1.02, NA, 12.65, 73.09, 11.27, -0.73, 20, "all", 50, 474.139961357481, 0.329488135405462, 3.93921242328564, 37.365437489862, 474.062394806569, 453.580226897564, 498.396763261177, 0.280273427359693, 0.384836381016232, 0.0267284762551233, 11.5567598406583, 11
854.05, 31.5, -32.38, 44.66, 0.29, 0.84, NA, 13.16, 77.04, 11.93, -0.55, 20, "all", 100, 589.007908555404, 0.305020454053424, 3.78396720198602, 36.7333646579522, 588.826661749736, 574.314563489336, 603.958948685096, 0.278033666387216, 0.336747760832127, 0.0150409937167411, 7.46545089150919, 11
750.58, 30.98, -30.02, 46.39, 0.28, 0.88, NA, 15.4, 76.4, 12.32, -0.59, 20, "all", 200, 525.824258374597, 0.324256121647669, 3.18192391530295, 36.5349414917664, 525.192609792537, 520.055115955199, 531.260303729333, 0.309586559594156, 0.340819307714418, 0.00804432923556715, 2.85957194966612, 11
865.67, 32.07, -Inf, 44.21, 0.2, 0.78, NA, 12.14, Inf, 14.51, -0.58, 25, "all", 50, 660.69297206945, 0.203297515804968, 4.34414342671202, 37.7450301545431, 755.386164652003, 646.461748946392, 675.41438731454, 0.177023274041323, 0.230151591911382, 0.0133461915685241, 7.20122083781112, 11
896.48, 31.65, -35.05, 45.82, 0.27, 0.79, NA, 14.17, 80.87, 12.65, -0.52, 25, "all", 100, 630.685198073292, 0.28910964096927, 3.52272972907291, 37.2399003522421, 760.663179301864, 620.872129455895, 638.839516267135, 0.273528415394187, 0.306880667159927, 0.00856346559544388, 4.35935206636326, 11
831.9, 33.51, -Inf, 44.9, 0.21, 1.04, NA, 11.38, Inf, 13.37, -0.83, 25, "all", 200, 587.809613231737, 0.228127268364809, 4.64040366032308, 38.7733930111092, 683.655897132098, 578.956234565286, 596.421750437475, 0.214337799367221, 0.242233745001203, 0.0073371533309726, 4.380474887894, 11
936.7, 29.01, -30.56, 47.75, 0.3, 0.69, NA, 18.74, 78.31, 13.26, -0.4, 15, "all", 50, 726.667784287316, 0.332412249449441, 2.57196832666587, 34.9630966534548, 577.662340316094, 718.55006282291, 734.630290844358, 0.316436916194448, 0.349346491305049, 0.0083220075373244, 4.176555017834, 12
1016.04, 30.75, -Inf, 46.71, 0.23, 0.79, NA, 15.96, Inf, 14.19, -0.56, 15, "all", 100, 774.733649090614, 0.254047384543963, 3.13152277909141, 37.0523247744891, 650.630579959935, 764.812590154952, 783.793050230518, 0.237012786192289, 0.271067607312118, 0.00858809934466778, 4.88086317333542, 12
843.98, 29.85, -34.82, 46.25, 0.26, 0.68, NA, 16.41, 81.07, 13.17, -0.42, 15, "all", 200, 638.953831287625, 0.298554833484098, 2.97874529823188, 35.7907494076645, 520.353343097023, 631.308796899534, 647.293486340092, 0.277872128728379, 0.319327360057064, 0.0105940367974796, 4.04428572226075, 12
729.69, 32.47, -27.43, 44.97, 0.29, 1, NA, 12.49, 72.4, 11.16, -0.71, 20, "all", 50, 464.692821897441, 0.333388161171827, 3.99026484270019, 37.3847232988165, 464.625547116011, 444.137889866087, 489.214245431315, 0.285915223129325, 0.390262310735997, 0.0265713080896599, 11.6153488872079, 12
847.8, 31.43, -31.95, 44.83, 0.29, 0.84, NA, 13.4, 76.78, 11.94, -0.55, 20, "all", 100, 585.128243460114, 0.308154661211833, 3.70713270173257, 36.6969109390095, 584.912582610155, 571.729830998062, 599.339525419559, 0.281226262935631, 0.335209787358971, 0.0140339278310085, 6.95668688655993, 12
746.75, 31.01, -29.99, 46.31, 0.29, 0.87, NA, 15.3, 76.3, 12.28, -0.58, 20, "all", 200, 522.135715019877, 0.324232792316681, 3.20441510384132, 36.5449555662546, 521.539888196696, 517.390119613077, 527.493776196883, 0.308991341455315, 0.337774403476377, 0.00748399110988202, 2.59364448352378, 12
853.02, 32.17, -Inf, 43.91, 0.2, 0.84, NA, 11.74, Inf, 14.66, -0.64, 25, "all", 50, 654.037132037722, 0.196479662598939, 4.52956546558358, 37.7600241042138, 744.591388747787, 640.242840643878, 667.636678079842, 0.172925174361636, 0.220260862349047, 0.0122374834305747, 7.12322314327515, 12
889.87, 31.59, -35.49, 45.73, 0.27, 0.8, NA, 14.15, 81.22, 12.7, -0.53, 25, "all", 100, 629.080421708686, 0.286843580314845, 3.53133281701367, 37.1844987566218, 757.55220947993, 620.039779045791, 636.378440348811, 0.273049744721053, 0.303202342428213, 0.00801316335846193, 4.37638177190819, 12
826.88, 33.46, -Inf, 44.92, 0.21, 1.06, NA, 11.46, Inf, 13.4, -0.85, 25, "all", 200, 585.575075744891, 0.227895504025667, 4.60565499390302, 38.7461724457052, 680.93406962395, 578.01657616643, 593.284481360145, 0.214394520356851, 0.2415428617049, 0.0069725052619025, 3.90261009267511, 12
929.68, 28.96, -30.8, 47.77, 0.29, 0.69, NA, 18.81, 78.57, 13.31, -0.39, 15, "all", 50, 723.800591913166, 0.330979296397692, 2.56246042061154, 34.9393187607694, 575.926521093467, 715.629594377255, 731.160226786584, 0.31558696554246, 0.347616963056974, 0.00843968366124966, 3.96358338844265, 13
1011.27, 30.69, -Inf, 46.87, 0.23, 0.78, NA, 16.18, Inf, 14.22, -0.56, 15, "all", 100, 772.155244990989, 0.256069437978343, 3.0823790347405, 37.0178339284107, 647.551676457627, 762.627388755573, 780.828537775349, 0.241852468492212, 0.273226414839481, 0.00829527868325899, 4.76229898997705, 13
839.64, 29.76, -34.29, 46.39, 0.26, 0.68, NA, 16.63, 80.69, 13.17, -0.41, 15, "all", 200, 636.671070811373, 0.302328331887857, 2.93263244760175, 35.7098962823221, 517.125663239038, 629.470106031846, 645.031929648009, 0.280573173403527, 0.322194330145435, 0.0105711993439601, 3.95823622020323, 13
722.72, 32.53, -26.35, 44.9, 0.33, 1.18, NA, 12.37, 71.25, 10.99, -0.85, 20, "all", 50, 454.113033680592, 0.340874203041046, 4.02715000507095, 37.3714987387434, 454.052059178693, 435.864234986874, 477.834612543438, 0.293533838971942, 0.394928609616067, 0.0260433937826336, 10.9827370547825, 13
842.77, 31.48, -32.55, 44.74, 0.29, 0.84, NA, 13.26, 77.28, 11.98, -0.55, 20, "all", 100, 582.737697999963, 0.304147178232961, 3.75477772005572, 36.7395916021094, 582.54738133546, 569.429331190496, 596.884736791479, 0.278309992294698, 0.332235633020193, 0.0139593904795714, 6.87660029279242, 13
742.55, 31.03, -30.07, 46.13, 0.29, 0.89, NA, 15.1, 76.2, 12.22, -0.6, 20, "all", 200, 518.402933611934, 0.323442016075309, 3.24884262669339, 36.5358524947668, 517.862417164914, 513.632349995159, 523.778534175446, 0.30931421567946, 0.33792277939723, 0.00709196539996823, 2.58532303255687, 13
840.37, 32.26, -Inf, 43.81, 0.2, 0.82, NA, 11.55, Inf, 14.79, -0.63, 25, "all", 50, 646.045841974578, 0.192291802244761, 4.62731773527767, 37.809655598024, 733.541193683723, 631.578321187922, 660.466321611844, 0.168280150403755, 0.217063636213156, 0.0120940030514222, 7.38286126912265, 13
884.05, 31.58, -36.05, 45.69, 0.27, 0.8, NA, 14.11, 81.74, 12.76, -0.54, 25, "all", 100, 627.171200617303, 0.283660231810767, 3.54494380163455, 37.1995435773933, 753.750674007067, 617.692023771926, 633.727076782843, 0.267383063186733, 0.299771026151723, 0.00836279743570897, 4.03291920127676, 13
821.87, 33.49, -Inf, 44.75, 0.21, 1.09, NA, 11.26, Inf, 13.42, -0.88, 25, "all", 200, 583.218795249265, 0.225142827912785, 4.70580382076123, 38.7325297197281, 676.99431820544, 575.641918094185, 591.844811276984, 0.211545520733464, 0.239486925977643, 0.00707602032392137, 4.02621423774942, 13
924.93, 29, -31.17, 47.52, 0.29, 0.7, NA, 18.53, 78.7, 13.28, -0.4, 15, "all", 50, 719.094095786821, 0.327892024351152, 2.60261927119623, 34.9695054127207, 573.473765133311, 711.272403327888, 726.406126454983, 0.311903999711639, 0.344807711514193, 0.00830305960365732, 3.91617145859577, 14
1008, 30.65, -Inf, 46.93, 0.23, 0.78, NA, 16.28, Inf, 14.23, -0.56, 15, "all", 100, 770.228921537772, 0.257256395236271, 3.06074841353899, 36.9862664784227, 645.40259667904, 760.762852092985, 778.944260117248, 0.241854063361605, 0.274232445137783, 0.00843937946856117, 4.52907763816714, 14
834.63, 29.73, -34.41, 46.47, 0.26, 0.68, NA, 16.73, 80.88, 13.22, -0.42, 15, "all", 200, 634.274104846791, 0.301782159509173, 2.91476978369407, 35.705686743504, 515.362445384926, 627.25200298474, 642.635399452619, 0.281675896651832, 0.321829087274962, 0.010290867521999, 4.04645982674799, 14
714.53, 32.56, -26.06, 44.95, 0.33, 1.2, NA, 12.38, 71, 10.95, -0.87, 20, "all", 50, 447.249895214841, 0.342877392601129, 4.02030252358545, 37.3939302454732, 447.189582875688, 428.076922543984, 472.627612329558, 0.294106963528483, 0.397198413054759, 0.0271976634411095, 11.2751460821558, 14
838.46, 31.47, -32.79, 44.63, 0.29, 0.85, NA, 13.16, 77.42, 11.97, -0.56, 20, "all", 100, 580.446577977617, 0.302588555616331, 3.78807338691034, 36.7233630396308, 580.268713530635, 568.153498976782, 593.865695600889, 0.278096885841251, 0.331135160169722, 0.0133842329220612, 6.60255121876899, 14
739.39, 31.04, -29.91, 46.1, 0.29, 0.88, NA, 15.06, 76.01, 12.19, -0.6, 20, "all", 200, 515.37759268835, 0.324503341146522, 3.25703163825886, 36.5235020976521, 514.846865973226, 510.390440147168, 519.992719388418, 0.311393769044651, 0.338440960441949, 0.00696351173223019, 2.39820854681077, 14
827.51, 32.24, -Inf, 43.86, 0.19, 0.8, NA, 11.62, Inf, 14.97, -0.61, 25, "all", 50, 639.237199430078, 0.189150255629395, 4.60921339869769, 37.8387114766483, 724.293117583906, 623.91692774946, 652.968353158076, 0.166041666994328, 0.214792724559161, 0.0127047716019624, 7.34621801805924, 14
878.61, 31.6, -36.61, 45.62, 0.26, 0.81, NA, 14.02, 82.23, 12.8, -0.54, 25, "all", 100, 624.936763794881, 0.280455117142425, 3.57372744052741, 37.2187318719803, 749.637377657929, 615.835813080901, 631.858228223219, 0.264585151968189, 0.296303608794975, 0.00806548738611604, 4.00202030208799, 14
816.06, 33.47, -Inf, 44.76, 0.21, 1.11, NA, 11.28, Inf, 13.44, -0.9, 25, "all", 200, 579.954672357856, 0.224667756644775, 4.69258184813885, 38.7232158390485, 672.987150339649, 571.605241726722, 587.493277890837, 0.211743025142574, 0.240499111442491, 0.00722496388955445, 4.04609632254182, 14
918.61, 28.91, -30.87, 47.85, 0.29, 0.68, NA, 18.94, 78.72, 13.36, -0.39, 15, "all", 50, 717.651705429113, 0.33082932480928, 2.54415034510882, 34.902186061578, 571.048810361979, 709.758480489755, 726.024153780506, 0.315198861643367, 0.347639172779819, 0.00839799281205885, 4.1579742878975, 15
1004.4, 30.67, -Inf, 46.82, 0.23, 0.79, NA, 16.15, Inf, 14.21, -0.56, 15, "all", 100, 767.234992036139, 0.256012345384093, 3.08834419069713, 36.9941750058344, 643.45142400213, 758.97135402098, 775.741738986582, 0.241320226065124, 0.273281457006488, 0.00827246203785513, 4.45158409890634, 15
830.81, 29.71, -34.34, 46.51, 0.26, 0.69, NA, 16.8, 80.85, 13.24, -0.42, 15, "all", 200, 631.848048291526, 0.302363015267952, 2.90216329923546, 35.6913071469335, 513.178649094388, 625.159434026063, 639.949072584101, 0.282116496549462, 0.324383501373817, 0.0106791178917455, 3.76699213219325, 15
707.55, 32.58, -25.1, 44.79, 0.34, 1.21, NA, 12.21, 69.9, 10.77, -0.88, 20, "all", 50, 437.786270144283, 0.349859758561085, 4.07272024314002, 37.3358999166876, 437.732193043857, 419.025175455261, 461.814379611844, 0.298972911163211, 0.403737328595328, 0.0263414391135163, 10.9937399544607, 15
833.62, 31.5, -33.2, 44.31, 0.29, 0.87, NA, 12.81, 77.52, 11.9, -0.58, 20, "all", 100, 577.041872136119, 0.299737756454879, 3.90070973357556, 36.6873472458875, 576.900468747984, 564.738501026935, 590.056852073414, 0.273956067996743, 0.326192856045223, 0.0134129318095984, 6.57122534672667, 15
735.22, 31.06, -30.06, 46.04, 0.29, 0.88, NA, 14.99, 76.11, 12.18, -0.59, 20, "all", 200, 512.425184760544, 0.323285668461068, 3.27521524603096, 36.5390351983889, 511.920468003991, 507.936315399557, 517.458633653192, 0.309860410319095, 0.336455938295121, 0.00681180305302813, 2.40917376506575, 15
815.4, 32.33, -Inf, 43.72, 0.19, 0.79, NA, 11.39, Inf, 15.21, -0.6, 25, "all", 50, 633.261977819418, 0.182881160642596, 4.73564002442823, 37.8925465791711, 714.634416656436, 618.533758943664, 648.820364096229, 0.157250931955284, 0.209809829905696, 0.0133604956626444, 7.7857921226332, 15
873.82, 31.64, -36.92, 45.21, 0.26, 0.86, NA, 13.58, 82.13, 12.67, -0.6, 25, "all", 100, 620.503531440076, 0.278397405003402, 3.69978813952099, 37.1631982236536, 743.78501768233, 612.836349484214, 627.493455083603, 0.264042452059267, 0.293959513135856, 0.00766104694129513, 3.81351564184022, 15
811.63, 33.44, -Inf, 44.82, 0.21, 1.1, NA, 11.38, Inf, 13.39, -0.89, 25, "all", 200, 575.70568781709, 0.226868133640639, 4.64395520709211, 38.7075704572519, 669.011959449579, 568.076979419777, 582.534804733211, 0.214213802018464, 0.240359562002314, 0.00687310740037949, 3.83757548227121, 15
913.48, 28.91, -31.16, 47.76, 0.29, 0.68, NA, 18.85, 78.92, 13.37, -0.39, 15, "all", 50, 714.210711767683, 0.328651331376363, 2.55725759066322, 34.9139660939824, 569.18950877777, 705.636127446392, 721.869367209112, 0.312577003282384, 0.346000667406465, 0.00862047831600234, 4.11610192995504, 16
1000.93, 30.6, -Inf, 46.97, 0.23, 0.79, NA, 16.37, Inf, 14.23, -0.56, 15, "all", 100, 765.375094880684, 0.258778377356996, 3.04044540460883, 36.9385006269767, 640.65741097819, 756.249541528204, 773.36791014206, 0.242838861156247, 0.274922030954614, 0.00831804029846028, 4.32090782485318, 16
827.39, 29.71, -34.26, 46.48, 0.26, 0.69, NA, 16.76, 80.74, 13.21, -0.42, 15, "all", 200, 628.830634585376, 0.30280517159121, 2.90851591513413, 35.6806526146063, 510.575601772174, 621.682422971801, 635.789203100339, 0.283719748948386, 0.323644838095747, 0.010218007900742, 3.64912293419619, 16
701.04, 32.69, -24.52, 44.7, 0.35, 1.23, NA, 12.02, 69.22, 10.61, -0.88, 20, "all", 50, 428.944212588396, 0.353587835483938, 4.13966167775015, 37.3772944358714, 428.899444490052, 409.693714495657, 453.761188878523, 0.303603721901602, 0.406706649903445, 0.0261958534628602, 11.2779847913622, 16
829.35, 31.49, -32.86, 44.51, 0.29, 0.87, NA, 13.02, 77.37, 11.93, -0.58, 20, "all", 100, 573.688439682993, 0.302006431676033, 3.83054691545786, 36.7095121823745, 573.526854184084, 560.519266871702, 586.505470638747, 0.277533101682854, 0.330199648848829, 0.0135272515947995, 6.53951263436568, 16
732.43, 31.05, -29.52, 46.01, 0.29, 0.89, NA, 14.96, 75.53, 12.1, -0.6, 20, "all", 200, 508.419281849651, 0.327077625672003, 3.2783964891039, 36.4979633041692, 507.913702124847, 503.88134954903, 513.226947857786, 0.314160706565718, 0.340224545025286, 0.00648658438808339, 2.32824233806507, 16
804.26, 32.31, -Inf, 43.75, 0.18, 0.77, NA, 11.44, Inf, 15.43, -0.58, 25, "all", 50, 628.0380667424, 0.179297948727438, 4.72350502633843, 37.9189215166397, 707.054290683444, 613.136976079552, 642.115238100694, 0.154481106130545, 0.204736970851772, 0.012725158464862, 7.49354150352249, 16
868.98, 31.62, -36.32, 45.23, 0.27, 0.86, NA, 13.61, 81.55, 12.6, -0.59, 25, "all", 100, 615.13476057561, 0.281735106491694, 3.6855736322808, 37.1284476461005, 738.886024686161, 606.982357217658, 622.468727473962, 0.267781004967697, 0.29718443518557, 0.00777661842439814, 3.88084698097371, 16
805.53, 33.37, -Inf, 44.92, 0.21, 1.09, NA, 11.55, Inf, 13.46, -0.88, 25, "all", 200, 573.407949499725, 0.226399938231466, 4.56716828648819, 38.696377262888, 666.099950483532, 566.102961807587, 580.793466366748, 0.21339875389365, 0.238741463819883, 0.0067128128426845, 3.77549571114738, 16
908.03, 28.92, -31.6, 47.49, 0.29, 0.69, NA, 18.57, 79.1, 13.34, -0.4, 15, "all", 50, 709.771272880174, 0.325205899097957, 2.59666203290772, 34.9273934396762, 567.065218282606, 701.047846510943, 717.555679739709, 0.307513851636116, 0.342220456911638, 0.00872862511132629, 4.17922529932276, 17
998.29, 30.63, -Inf, 46.81, 0.23, 0.8, NA, 16.18, Inf, 14.17, -0.57, 15, "all", 100, 762.168842696704, 0.2581616882883, 3.07856489091125, 36.9355309944523, 638.255106810548, 752.731683024974, 770.353978885029, 0.244111194474715, 0.274745373209836, 0.0078763082187977, 4.4180954317447, 17
823.47, 29.69, -34.2, 46.52, 0.26, 0.69, NA, 16.83, 80.72, 13.23, -0.43, 15, "all", 200, 626.518406708929, 0.303346620768026, 2.89558739524981, 35.6604692983173, 508.500536576904, 619.652763945377, 634.548372658758, 0.285547454367616, 0.323789631000612, 0.00984478931596902, 3.76789084009523, 17
693.61, 32.71, -24.5, 44.63, 0.35, 1.24, NA, 11.92, 69.13, 10.57, -0.89, 20, "all", 50, 423.672191138292, 0.353513624311163, 4.1753112574936, 37.3795416810816, 423.631375699159, 406.227656939351, 445.89824807335, 0.306676882455397, 0.40531459814832, 0.0254188306621749, 10.236199797541, 17
824.17, 31.49, -33.18, 44.6, 0.29, 0.84, NA, 13.11, 77.78, 12.01, -0.56, 20, "all", 100, 571.611891544734, 0.300108941307049, 3.80633479174573, 36.7485384272364, 571.445370466202, 559.645575118219, 584.462644157681, 0.27638254948257, 0.326971695722527, 0.0128886934216449, 6.4177078610589, 17
729.03, 31.08, -29.71, 45.89, 0.29, 0.89, NA, 14.81, 75.61, 12.08, -0.6, 20, "all", 200, 505.729760420439, 0.325455271333221, 3.31412567870666, 36.5137381900468, 505.266253605245, 501.311255445619, 510.261952619517, 0.312523001710692, 0.337680444653886, 0.00643941328089141, 2.24460182100316, 17
793.92, 32.34, -Inf, 43.7, 0.18, 0.76, NA, 11.36, Inf, 15.56, -0.58, 25, "all", 50, 621.835643201113, 0.176351743731093, 4.77259687012979, 37.9392957988006, 698.733451873483, 607.100401245349, 636.878261420251, 0.151900001328495, 0.203373848964728, 0.0129335537695484, 7.75892621061769, 17
864.12, 31.59, -36.62, 45.28, 0.26, 0.85, NA, 13.69, 81.9, 12.68, -0.59, 25, "all", 100, 613.661643108704, 0.28024777247609, 3.66403338036991, 37.1325660520166, 736.304541097328, 605.19008140764, 620.62296465933, 0.265785214585786, 0.294813567946524, 0.00757470768391946, 3.89554751168106, 17
802.4, 33.46, -Inf, 44.66, 0.21, 1.12, NA, 11.2, Inf, 13.45, -0.91, 25, "all", 200, 571.294658490416, 0.223317452076468, 4.73427932603493, 38.6951788929964, 662.355743391232, 563.851190984249, 577.969072189936, 0.210754524957904, 0.236573097642456, 0.00655504306914652, 3.65039632272557, 17
903.46, 28.9, -31.51, 47.62, 0.29, 0.69, NA, 18.72, 79.12, 13.37, -0.4, 15, "all", 50, 707.301104036917, 0.326147928497514, 2.57492094479199, 34.912118606233, 564.684940452427, 699.189413370516, 714.653513630382, 0.309091205131979, 0.342630719008178, 0.00823749653927498, 3.94713084429307, 18
994.48, 30.59, -Inf, 46.89, 0.23, 0.8, NA, 16.3, Inf, 14.17, -0.57, 15, "all", 100, 759.369692171447, 0.259868731565339, 3.05285548979595, 36.9092879970749, 635.157526833044, 750.629291201145, 766.939249167237, 0.245154752810852, 0.275889174394942, 0.00773269765039336, 4.10351501660219, 18
820.13, 29.66, -34.19, 46.55, 0.26, 0.69, NA, 16.89, 80.74, 13.25, -0.43, 15, "all", 200, 624.798580217308, 0.303607253115113, 2.88455647885504, 35.6389841720953, 507.006040166278, 617.547631628462, 632.16188150625, 0.285901796410977, 0.324262247448227, 0.00966382880788608, 3.73011911810133, 18
686.27, 32.76, -23.36, 44.66, 0.36, 1.23, NA, 11.9, 68.02, 10.42, -0.87, 20, "all", 50, 413.159932416711, 0.362308084858086, 4.17555615246779, 37.3792548373678, 413.120145549188, 394.741628601225, 434.631857030282, 0.310258330761295, 0.415952737688649, 0.025800464198115, 10.2053265815427, 18
820, 31.49, -32.89, 44.58, 0.29, 0.84, NA, 13.09, 77.47, 11.96, -0.55, 20, "all", 100, 567.503446393874, 0.301856986918248, 3.80936891688372, 36.7313194541142, 567.33788489851, 555.352038514254, 579.593502235086, 0.277507284900334, 0.328454828513069, 0.0131844316161126, 6.42426609636162, 18
726.45, 31.1, -29.69, 45.7, 0.29, 0.9, NA, 14.6, 75.38, 12, -0.61, 20, "all", 200, 502.836658997075, 0.325392006911331, 3.36374866478323, 36.4899061948612, 502.417544783735, 498.568630747224, 507.07663512283, 0.313097062099544, 0.336914547425467, 0.00616411237621944, 2.21600165862678, 18
780.66, 32.5, -Inf, 43.47, 0.15, 0.78, NA, 10.97, Inf, 15.92, -0.63, 25, "all", 50, 615.283300280048, 0.168261951946569, 4.99764204912389, 38.006367526434, 687.770054605127, 601.293322075018, 629.553237483206, 0.143514096526396, 0.194755704839946, 0.0134114113398818, 7.4642119010151, 18
858.84, 31.57, -36.59, 45.29, 0.26, 0.85, NA, 13.72, 81.88, 12.69, -0.59, 25, "all", 100, 610.272296461994, 0.280512821875306, 3.65459840828279, 37.117969743091, 732.308519235784, 602.371241797335, 616.69669592098, 0.266373779276388, 0.296717240264394, 0.00744036115138947, 3.71603290051658, 18
798.05, 33.45, -Inf, 44.7, 0.21, 1.11, NA, 11.25, Inf, 13.42, -0.9, 25, "all", 200, 567.513675777542, 0.224526479884995, 4.70890921648658, 38.6901792682501, 658.490706119291, 560.956818191859, 573.829787406887, 0.212682303212777, 0.237050908037107, 0.00619970364903927, 3.34896418449897, 18
897.64, 28.89, -31.66, 47.62, 0.29, 0.68, NA, 18.74, 79.29, 13.4, -0.39, 15, "all", 50, 703.714589518556, 0.325091609904485, 2.57311286691829, 34.9126735878791, 562.226120261614, 695.51817764614, 711.805210858989, 0.309221745322387, 0.341952287545787, 0.00854240569245814, 4.21804271132545, 19
992.12, 30.55, -Inf, 46.99, 0.23, 0.8, NA, 16.45, Inf, 14.16, -0.57, 15, "all", 100, 757.572159656765, 0.262448886609759, 3.02030030015504, 36.865446880562, 632.52007629862, 748.771421162382, 765.912345522207, 0.248070678125345, 0.279541187560945, 0.0082728677376057, 4.39411988885016, 19
816.3, 29.63, -34.12, 46.58, 0.26, 0.69, NA, 16.95, 80.7, 13.26, -0.42, 15, "all", 200, 622.510968700951, 0.304179880089095, 2.87308275885532, 35.6166731608258, 504.942648172243, 615.81465174004, 630.084653653021, 0.28539671781638, 0.32434364700242, 0.0100243348443135, 3.6020493464208, 19
681.87, 32.75, -22.43, 44.54, 0.36, 1.24, NA, 11.79, 66.97, 10.27, -0.88, 20, "all", 50, 406.05727541606, 0.370058460805069, 4.20655006449714, 37.3022515698181, 406.01931540261, 390.147413130728, 428.736954504777, 0.321915270048538, 0.420808443829217, 0.025365097568431, 10.2721013428107, 19
816.8, 31.53, -32.97, 44.39, 0.29, 0.86, NA, 12.86, 77.36, 11.89, -0.57, 20, "all", 100, 564.062852318364, 0.30105383578077, 3.88607323742864, 36.7181498823605, 563.92229782115, 552.532279218171, 575.850528188948, 0.277239765525847, 0.325449411659975, 0.0123893367189234, 6.1603871936668, 19
722.61, 31.12, -29.99, 45.65, 0.29, 0.9, NA, 14.53, 75.64, 12.02, -0.61, 20, "all", 200, 500.582815853264, 0.32314995761939, 3.38358704067188, 36.5194931028392, 500.187464887389, 496.592190710582, 504.787947000302, 0.311574767412917, 0.33623479085788, 0.00622263880559858, 2.08545966456044, 19
771.34, 32.47, -Inf, 43.46, 0.17, 0.77, NA, 10.98, Inf, 16, -0.6, 25, "all", 50, 609.421392496183, 0.166928184361436, 4.99314597725727, 37.9971834541762, 680.612250703865, 594.252319255045, 623.221263624676, 0.141161362875369, 0.193675544396366, 0.0130303703700927, 7.38508461869045, 19
852.02, 31.57, -37.26, 45.27, 0.26, 0.85, NA, 13.7, 82.53, 12.77, -0.59, 25, "all", 100, 607.930722647845, 0.276870246002074, 3.66628894022496, 37.1399812442385, 727.813481844005, 600.266998878211, 614.995290013224, 0.261097485246254, 0.29206161717098, 0.00776990104662159, 3.71455270593003, 19
793.76, 33.42, -Inf, 44.71, 0.21, 1.1, NA, 11.28, Inf, 13.49, -0.9, 25, "all", 200, 566.386047041144, 0.222829585871948, 4.69620932125326, 38.6872290843223, 656.437668358516, 559.159992743343, 573.143300423265, 0.210572946254704, 0.236307381480206, 0.00645241439770519, 3.58764404678299, 19
893.8, 28.87, -31.71, 47.58, 0.29, 0.69, NA, 18.71, 79.3, 13.4, -0.4, 15, "all", 50, 701.02788455041, 0.324783608356808, 2.57701079817541, 34.9008559327229, 560.202496265944, 692.650397220159, 708.693953931582, 0.309007621085359, 0.341953637031094, 0.00835119560924642, 4.00882401451062, 20
989.21, 30.57, -Inf, 46.95, 0.23, 0.8, NA, 16.38, Inf, 14.11, -0.57, 15, "all", 100, 753.867935147183, 0.263261498820726, 3.0332284625021, 36.8645956449892, 629.080419542183, 744.968274995319, 761.841023252508, 0.248242835506716, 0.279802537803332, 0.00786980221281661, 4.31411027933517, 20
812.26, 29.62, -34.11, 46.64, 0.27, 0.69, NA, 17.02, 80.75, 13.28, -0.42, 15, "all", 200, 619.963760006762, 0.304363887000528, 2.86101355559621, 35.6127270041072, 502.805325846266, 613.762451549724, 627.823637622088, 0.28657318692972, 0.323287091397983, 0.00935010902294817, 3.48851004618013, 20
674.36, 32.84, -22.58, 44.54, 0.36, 1.24, NA, 11.7, 67.12, 10.25, -0.88, 20, "all", 50, 400.762448454135, 0.368128336391792, 4.24372624291998, 37.3794915544257, 400.72926731619, 384.686712885942, 423.723209495256, 0.319168334804066, 0.417196499825294, 0.0248870020220967, 10.0403211476586, 20
811.99, 31.51, -32.56, 44.58, 0.29, 0.85, NA, 13.07, 77.14, 11.92, -0.56, 20, "all", 100, 560.236187503812, 0.303846620824572, 3.81326025593591, 36.7284394768322, 560.073883910715, 548.933785936479, 572.823288466214, 0.281353255084513, 0.329878693719466, 0.0125854261921986, 6.10026684661054, 20
718.88, 31.15, -30.13, 45.54, 0.29, 0.93, NA, 14.39, 75.67, 11.99, -0.64, 20, "all", 200, 497.532135448737, 0.321924228445899, 3.41989371445756, 36.530653700866, 497.16984010334, 493.691569785545, 501.738384456042, 0.310216874009649, 0.332824219208254, 0.00570716130761818, 2.07395110159825, 20
759.91, 32.58, -Inf, 43.38, 0.14, 1.58, NA, 10.8, Inf, 16.29, -1.43, 25, "all", 50, 603.413895019513, 0.1612590752774, 5.11776229939257, 38.0711428867215, 671.416359826365, 588.830976079853, 618.192397869226, 0.137642649733033, 0.187571006361755, 0.0129280777724853, 7.54703753479787, 20
846.34, 31.56, -37.68, 45.27, 0.26, 0.85, NA, 13.71, 82.95, 12.83, -0.59, 25, "all", 100, 605.786856027383, 0.274716892633527, 3.66485374459394, 37.1446847648552, 724.210867753253, 597.701467805622, 612.347827360816, 0.260259192789309, 0.290788384739324, 0.00781805811531989, 3.78809614753734, 20
790.12, 33.41, -Inf, 44.68, 0.21, 1.12, NA, 11.27, Inf, 13.48, -0.91, 25, "all", 200, 563.837585464883, 0.223016080197463, 4.70051968020143, 38.66706773201, 653.56405390219, 557.089720641897, 570.102229105632, 0.210349053247221, 0.235984684631701, 0.00654208792955669, 3.38559012077891, 20
888.45, 28.86, -31.95, 47.59, 0.29, 0.68, NA, 18.74, 79.54, 13.44, -0.39, 15, "all", 50, 698.242109695113, 0.323253806674371, 2.57325081125741, 34.9036251980827, 558.556663588891, 690.148196605593, 706.32913344225, 0.308558935098381, 0.341879126415114, 0.0088891852513897, 4.18979247658848, 21
986.31, 30.57, -Inf, 46.9, 0.23, 0.8, NA, 16.33, Inf, 14.13, -0.57, 15, "all", 100, 752.500757978455, 0.261901163513361, 3.04363917848104, 36.8665112430097, 628.529797864765, 743.918003676175, 759.678913900891, 0.247189191935864, 0.278415747325373, 0.00795375031117251, 4.08674514000702, 21
808.03, 29.61, -34.38, 46.66, 0.26, 0.68, NA, 17.04, 81.04, 13.33, -0.42, 15, "all", 200, 617.826287352407, 0.302688081040433, 2.8581222703998, 35.6280044972175, 501.648156421113, 611.295330266974, 624.786427911733, 0.285383402965681, 0.322162253699082, 0.00950809832647426, 3.46851266675584, 21
670.06, 32.84, -22.14, 44.54, 0.37, 1.24, NA, 11.69, 66.67, 10.2, -0.87, 20, "all", 50, 396.009248567301, 0.371843066507628, 4.24450133146768, 37.3645250121103, 395.976266104571, 379.299576498017, 417.417357433787, 0.323328200053544, 0.424070134935139, 0.025298223369794, 9.78214774189433, 21
809.33, 31.54, -32.8, 44.22, 0.29, 0.88, NA, 12.68, 77.02, 11.8, -0.59, 20, "all", 100, 557.507910228972, 0.301953594371146, 3.94249631528268, 36.6742021083778, 557.382147270427, 545.757441094757, 571.051636210169, 0.27877979908317, 0.327173217684244, 0.012314891045022, 6.20447678078775, 21
715.09, 31.16, -30.17, 45.56, 0.29, 0.92, NA, 14.4, 75.72, 12, -0.63, 20, "all", 200, 494.899113819255, 0.321644723569064, 3.41898111883835, 36.5429425427804, 494.539869983079, 491.180242691684, 498.863971841031, 0.311136671032826, 0.332551807353363, 0.00569457261554338, 2.0025443223313, 21
750.71, 32.6, -Inf, 43.36, 0.14, 1.57, NA, 10.76, Inf, 16.39, -1.43, 25, "all", 50, 597.321866777789, 0.159488672211572, 5.14351030433547, 38.087463174951, 663.865205668661, 583.011867989241, 611.590999685488, 0.136363833880947, 0.185312297761071, 0.0128840776344003, 7.32483610405523, 21
842.35, 31.58, -37.84, 45.15, 0.26, 0.87, NA, 13.57, 82.99, 12.79, -0.61, 25, "all", 100, 602.64206479107, 0.273704283756337, 3.70665745226431, 37.1405599700071, 720.12937560576, 594.998488020581, 609.250280949322, 0.260098138956978, 0.28854260471419, 0.00741133818945575, 3.58371092332907, 21
786.16, 33.41, -Inf, 44.62, 0.21, 1.13, NA, 11.21, Inf, 13.49, -0.92, 25, "all", 200, 561.678606287609, 0.22191685411452, 4.73313693611621, 38.6569022201848, 650.597173260892, 554.519774883393, 568.111735248829, 0.210820911852075, 0.235031958991788, 0.00628491857789782, 3.39993270586372, 21
884.8, 28.87, -32.21, 47.46, 0.29, 0.69, NA, 18.59, 79.67, 13.42, -0.4, 15, "all", 50, 695.116341962688, 0.321233089616897, 2.59522925536497, 34.9202908071897, 556.870042369248, 687.206359347448, 703.162034807162, 0.305188726925974, 0.338495131952297, 0.00845022997278897, 4.02850004853084, 22
982.96, 30.53, -Inf, 47, 0.23, 0.8, NA, 16.47, Inf, 14.11, -0.57, 15, "all", 100, 749.435842497339, 0.264773775830593, 3.01324427428024, 36.8281166988441, 624.72464437186, 740.34787242928, 757.349849928074, 0.249188018898223, 0.281466266956175, 0.00789781006465832, 4.21726791345251, 22
805.94, 29.6, -34.26, 46.57, 0.26, 0.7, NA, 16.96, 80.82, 13.28, -0.43, 15, "all", 200, 615.697308240009, 0.303467353567156, 2.87115684849986, 35.5971840309077, 499.657574156012, 609.101702337988, 622.726578550269, 0.285772498506267, 0.32141356970923, 0.00908350837448303, 3.43179202138512, 22
661.26, 32.86, -22.46, 44.4, 0.37, 1.27, NA, 11.54, 66.86, 10.18, -0.91, 20, "all", 50, 391.526002925422, 0.368818773143899, 4.30922756407492, 37.3667364281487, 391.49777772963, 375.758802422014, 413.38911888249, 0.321762350774461, 0.416503477374913, 0.0244272519807045, 9.66579015578769, 22
805.63, 31.55, -32.64, 44.28, 0.29, 0.87, NA, 12.73, 76.92, 11.8, -0.58, 20, "all", 100, 554.211679738032, 0.302868453387555, 3.9253331972016, 36.6962451816955, 554.08335551641, 543.151480812737, 566.039066657115, 0.28264625749264, 0.328887378930689, 0.0118624334046881, 5.88805819951295, 22
712.66, 31.17, -30.12, 45.48, 0.29, 0.92, NA, 14.3, 75.6, 11.96, -0.63, 20, "all", 200, 492.565649337519, 0.321799650948214, 3.44162476266266, 36.5350950103614, 492.22368468319, 488.980158905374, 496.528271075962, 0.310192417972028, 0.332820714136752, 0.00591613341594495, 1.99560064079812, 22
741.65, 32.65, -Inf, 43.27, 0.14, 1.62, NA, 10.62, Inf, 16.42, -1.48, 25, "all", 50, 590.563546917078, 0.157926270329905, 5.22682757880431, 38.0920044720749, 655.692634338572, 575.74905552757, 605.859687177712, 0.134279701533156, 0.183921456187477, 0.0126881560167012, 7.54838759706351, 22
837.02, 31.56, -37.15, 45.26, 0.26, 0.86, NA, 13.71, 82.41, 12.76, -0.6, 25, "all", 100, 597.142600579063, 0.277553900850884, 3.66188341424497, 37.1204679151863, 715.180955964109, 589.656910370842, 603.454294579586, 0.263701718974622, 0.292313249401325, 0.00730975663845501, 3.67107976887811, 22
782.23, 33.4, -Inf, 44.65, 0.21, 1.12, NA, 11.26, Inf, 13.49, -0.92, 25, "all", 200, 558.760718891578, 0.22250042985853, 4.70888623270424, 38.653894726319, 647.459135631151, 552.237280911021, 565.310669584456, 0.210535724818767, 0.234018487966662, 0.00602791549244392, 3.31130002690239, 22
879.51, 28.83, -32.26, 47.6, 0.29, 0.68, NA, 18.77, 79.87, 13.49, -0.39, 15, "all", 50, 693.032943455823, 0.321179124066625, 2.56946218721696, 34.9070676050324, 555.173923546062, 685.157623468623, 700.345364175621, 0.304791322120432, 0.339594883478984, 0.00870890028286877, 3.96112657560295, 23
980.42, 30.57, -Inf, 46.84, 0.23, 0.81, NA, 16.27, Inf, 14.03, -0.58, 15, "all", 100, 745.593848105312, 0.264645599018852, 3.05223387870524, 36.8309701279582, 621.589484163415, 737.223781596691, 753.221607024824, 0.250251440967987, 0.279951119497437, 0.00758138557429646, 4.04489203328903, 23
803.13, 29.57, -33.56, 46.71, 0.27, 0.69, NA, 17.14, 80.26, 13.25, -0.42, 15, "all", 200, 612.768465419989, 0.308221430262098, 2.8370255734465, 35.5442702372479, 495.634212459197, 606.65968650772, 619.377018964711, 0.290540741958017, 0.326583612774612, 0.00928779778765437, 3.40044478959758, 23
655.72, 32.92, -22.16, 44.43, 0.37, 1.26, NA, 11.51, 66.59, 10.13, -0.89, 20, "all", 50, 386.043067646905, 0.371010223421344, 4.31821610888032, 37.403221280799, 386.016298039791, 368.840307482023, 406.5547521503, 0.325041551165715, 0.422856802573839, 0.0251879401852154, 9.61608892979978, 23
800.67, 31.55, -32.71, 44.38, 0.29, 0.86, NA, 12.83, 77.09, 11.84, -0.57, 20, "all", 100, 551.39885200696, 0.30255344298588, 3.89253105851413, 36.7236693417105, 551.263685368024, 539.856723468147, 562.82407217382, 0.279235843049659, 0.325658707540804, 0.0119943639673871, 5.70502166781461, 23
709.08, 31.18, -29.94, 45.47, 0.29, 0.92, NA, 14.29, 75.41, 11.94, -0.63, 20, "all", 200, 489.234396817029, 0.323026506032668, 3.44446381455024, 36.529844353616, 488.896035961186, 485.651889418215, 493.598321767202, 0.311408010596597, 0.335496019336653, 0.0059460738667044, 1.99174114052308, 23
733.09, 32.7, -Inf, 43.21, 0.14, 1.62, NA, 10.5, Inf, 16.55, -1.48, 25, "all", 50, 585.100345246924, 0.155227834506649, 5.30743039546005, 38.1200385248495, 648.481985123926, 571.627928627773, 600.279430008465, 0.13052398774089, 0.181045646716418, 0.0126196059080491, 7.21031730246467, 23
832.41, 31.57, -37.3, 45.2, 0.26, 0.86, NA, 13.64, 82.51, 12.75, -0.6, 25, "all", 100, 593.991631976278, 0.276632035194121, 3.68325679044572, 37.1218303167955, 711.060239441868, 586.08644056764, 600.687338020005, 0.261567295877516, 0.291089234667748, 0.0075093626197575, 3.72895665705094, 23
778.43, 33.42, -Inf, 44.56, 0.21, 1.14, NA, 11.14, Inf, 13.5, -0.93, 25, "all", 200, 556.665540019348, 0.220914174382058, 4.76998218891149, 38.6466960748296, 644.372779085768, 550.182752737012, 563.069630555525, 0.209399929485975, 0.232843444552404, 0.00625531766946787, 3.30168765877039, 23
876.86, 28.84, -32.1, 47.47, 0.29, 0.69, NA, 18.63, 79.57, 13.42, -0.4, 15, "all", 50, 689.576530890654, 0.3221492310419, 2.58864723013682, 34.8830813115371, 552.065754819216, 680.909880675882, 696.659806416878, 0.306348028914233, 0.338486196605895, 0.00836591106812331, 4.00329720146376, 24
978.25, 30.55, -39.96, 46.9, 0.23, 0.81, NA, 16.36, 86.86, 13.99, -0.58, 15, "all", 100, 742.896742778885, 0.267492135075417, 3.03261293082099, 36.794193420317, 618.123823261711, 733.966985822358, 750.069495614162, 0.253307273194384, 0.283096881343634, 0.00766182076617714, 3.95411938101605, 24
799.42, 29.59, -34.15, 46.63, 0.26, 0.69, NA, 17.03, 80.77, 13.29, -0.43, 15, "all", 200, 610.855232333077, 0.304265075209498, 2.85834830065397, 35.5912367094777, 495.4483685463, 604.799652353408, 617.837256302434, 0.287389551410975, 0.322419310222706, 0.00891782466799366, 3.29976724559571, 24
651.81, 32.93, -21.55, 44.49, 0.37, 1.25, NA, 11.56, 66.03, 10.08, -0.88, 20, "all", 50, 380.94290065392, 0.376244153804349, 4.29323462295992, 37.3976853566609, 380.914900132322, 364.60601500113, 404.773128453618, 0.326608172468929, 0.43035192260971, 0.0257815451762069, 9.84139313274955, 24
797.76, 31.52, -31.61, 44.59, 0.3, 0.85, NA, 13.07, 76.2, 11.8, -0.55, 20, "all", 100, 546.36159733522, 0.309766215815491, 3.80686457785678, 36.6983641196663, 546.19890192869, 536.12853232825, 557.828325518232, 0.28637166102443, 0.334915338914393, 0.0122595992488308, 5.6621722641564, 24
706.75, 31.21, -30.01, 45.38, 0.29, 0.92, NA, 14.18, 75.39, 11.91, -0.63, 20, "all", 200, 487.014167546496, 0.322371258168126, 3.47428033124781, 36.5395070621517, 486.69916945731, 483.445175513322, 490.915765798594, 0.311461467930314, 0.333333270739482, 0.0057211456208381, 1.89618998718283, 24
724.7, 32.74, -Inf, 43.17, 0.14, 1.62, NA, 10.43, Inf, 16.55, -1.48, 25, "all", 50, 578.219817558291, 0.154747840738525, 5.35456140152129, 38.1312833277932, 640.660615093781, 564.841097125005, 593.144994385275, 0.132277802141923, 0.181227246833696, 0.0124598227903369, 7.25107864514877, 24
826.09, 31.56, -37.78, 45.15, 0.26, 0.86, NA, 13.6, 82.93, 12.8, -0.6, 25, "all", 100, 591.311014165278, 0.274100223772616, 3.69899009123697, 37.1190892214403, 706.72142834505, 583.575665217104, 598.096080381533, 0.25957938144775, 0.289650251768536, 0.00747983744552678, 3.7688177138193, 24
774.68, 33.43, -Inf, 44.51, 0.21, 1.14, NA, 11.08, Inf, 13.48, -0.94, 25, "all", 200, 553.579176986903, 0.220972322317367, 4.79886297943629, 38.638486529534, 640.83312891808, 546.960139873521, 559.736238847401, 0.210356663755219, 0.234079853604553, 0.00602077769685786, 3.29168117900852, 24
870.86, 28.83, -32.45, 47.56, 0.29, 0.68, NA, 18.74, 80.01, 13.5, -0.39, 15, "all", 50, 686.831845375077, 0.31990920904077, 2.57434269016662, 34.9099432843018, 550.695645027597, 678.69849945017, 693.76445807272, 0.304773774883521, 0.337023116740055, 0.0085713986363869, 3.96517738350096, 25
975.8, 30.52, -39.68, 46.95, 0.23, 0.81, NA, 16.42, 86.63, 13.97, -0.57, 15, "all", 100, 740.751459684804, 0.269035429389398, 3.01790354228396, 36.7715518504769, 615.680147351762, 732.722585492539, 748.099060642222, 0.255436562593567, 0.282842878337189, 0.00739580606231131, 4.01993371282272, 25
797, 29.57, -33.75, 46.63, 0.27, 0.7, NA, 17.06, 80.38, 13.25, -0.43, 15, "all", 200, 608.427125830646, 0.306911937218381, 2.85082759140737, 35.5437552503015, 492.574351463542, 602.046650615245, 614.663011259067, 0.289137120482256, 0.325647822344268, 0.00912366211488846, 3.28493907632781, 25
646.16, 32.95, -21, 44.46, 0.38, 1.25, NA, 11.51, 65.47, 9.99, -0.87, 20, "all", 50, 374.574593990747, 0.380795439530607, 4.30957834877306, 37.3924397328649, 374.547968944047, 359.283216264802, 396.773396450118, 0.328951575429051, 0.431930203874115, 0.025573672135311, 9.69749193938804, 25
792.06, 31.51, -31.68, 44.62, 0.3, 0.84, NA, 13.11, 76.29, 11.82, -0.54, 20, "all", 100, 542.927800978169, 0.309397504137179, 3.79646517434768, 36.7041774324884, 542.762943531502, 531.896714726383, 554.252590334104, 0.285383688627391, 0.335686010285546, 0.0127479287326554, 5.7223070379996, 25
703.23, 31.22, -30.16, 45.29, 0.29, 0.92, NA, 14.07, 75.45, 11.89, -0.63, 20, "all", 200, 484.566463508277, 0.321200496584509, 3.50385154563075, 36.5386826094458, 484.271922547779, 480.998644752486, 488.534413190339, 0.310405959894222, 0.332054436891587, 0.00549040578811667, 1.88697916413182, 25
715.54, 32.8, -Inf, 43.15, 0.13, 1.6, NA, 10.35, Inf, 16.7, -1.47, 25, "all", 50, 572.330082576165, 0.152169892238574, 5.41213472837991, 38.1693781556283, 633.0617153735, 558.896539869833, 587.039860269357, 0.127209839279248, 0.179556981152637, 0.0130525841093124, 7.38029970802294, 25
821.03, 31.58, -37.89, 44.98, 0.26, 0.88, NA, 13.4, 82.87, 12.74, -0.62, 25, "all", 100, 586.980195912332, 0.273338958009513, 3.75729236316283, 37.1019661332154, 701.387399580579, 579.780777245649, 593.987553260132, 0.25856583048585, 0.288817522383814, 0.00763068290534652, 3.76605230686966, 25
771.24, 33.42, -Inf, 44.49, 0.21, 1.16, NA, 11.07, Inf, 13.45, -0.95, 25, "all", 200, 550.954859623966, 0.221414017850978, 4.80021032177365, 38.6196684269173, 637.980614962723, 544.650174890172, 557.554589192561, 0.210227327967343, 0.233671853971454, 0.00599538242082742, 3.26803260151861, 25
866.21, 28.82, -32.82, 47.52, 0.29, 0.68, NA, 18.69, 80.34, 13.54, -0.39, 15, "all", 50, 684.218000438436, 0.317316357051633, 2.58169255317881, 34.9297082303736, 549.594463706043, 676.217774303, 691.251462111336, 0.301191702447292, 0.334024529754953, 0.00835922383965335, 3.93510391281586, 26
972.9, 30.52, -39.35, 46.98, 0.23, 0.81, NA, 16.46, 86.33, 13.94, -0.57, 15, "all", 100, 737.682373072873, 0.270782577402318, 3.00845359183407, 36.7541815338112, 612.390068330948, 729.194654778381, 745.400062351719, 0.256597898986503, 0.286713868253078, 0.00769896164674736, 4.1398820060873, 26
794.48, 29.56, -33.79, 46.69, 0.27, 0.69, NA, 17.13, 80.48, 13.28, -0.42, 15, "all", 200, 607.07461772262, 0.306720614547783, 2.83976022105796, 35.5488005498809, 491.537255600923, 601.227536602972, 613.616933448442, 0.28892436447205, 0.325025152526837, 0.00919095188720325, 3.25815056861045, 26
639.23, 32.96, -21.35, 44.51, 0.38, 1.25, NA, 11.55, 65.87, 10.05, -0.88, 20, "all", 50, 372.141650250837, 0.377691052144918, 4.29725391249041, 37.4259387392307, 372.114932301427, 358.499325644663, 391.007319859939, 0.333108691238761, 0.421267569938467, 0.023257775952855, 8.76513419657466, 26
789.84, 31.53, -31.96, 44.51, 0.3, 0.85, NA, 12.98, 76.46, 11.81, -0.55, 20, "all", 100, 541.794389164887, 0.3074400825569, 3.83913503782119, 36.7047488633449, 541.644226182175, 530.48098661173, 552.560010446487, 0.28401166262723, 0.333962043953001, 0.0126293278054699, 5.81469625378015, 26
700.02, 31.24, -30.19, 45.27, 0.29, 0.92, NA, 14.03, 75.46, 11.89, -0.63, 20, "all", 200, 481.972933696405, 0.320859342227217, 3.51587628983547, 36.5533362670153, 481.689089397477, 478.266512576824, 485.915116330112, 0.309694736009243, 0.331462873547574, 0.00555527958425996, 1.93183490794323, 26
708.15, 32.85, -Inf, 43.09, 0.13, 1.6, NA, 10.24, Inf, 16.66, -1.47, 25, "all", 50, 565.745488156466, 0.151999054813996, 5.47810426976355, 38.1844189832805, 625.716920204197, 552.174823143256, 579.62920044085, 0.129760214804043, 0.179106099882186, 0.0121699263013679, 7.16943436305129, 26
816.41, 31.62, -38.5, 44.94, 0.25, 0.88, NA, 13.32, 83.44, 12.78, -0.62, 25, "all", 100, 584.997025302767, 0.269966019072167, 3.78795794471453, 37.1425217506617, 697.60087199436, 577.597099641754, 592.110424327111, 0.256305291530342, 0.285094521728396, 0.007520992125169, 3.72109748459545, 26
766.71, 33.44, -Inf, 44.43, 0.21, 1.16, NA, 10.98, Inf, 13.47, -0.96, 25, "all", 200, 548.082110319108, 0.220248314140126, 4.84562411480363, 38.6212571597884, 634.176940566599, 541.689987895079, 553.669363975997, 0.209675648639265, 0.232203506231154, 0.00578424712278189, 3.12189083946206, 26
862.54, 28.84, -32.97, 47.45, 0.29, 0.68, NA, 18.61, 80.42, 13.54, -0.39, 15, "all", 50, 681.025882680376, 0.316190432438274, 2.59342690375365, 34.9462069629344, 547.476619151925, 673.050855543563, 688.288483028276, 0.300302553177574, 0.332441502851078, 0.0081701859067779, 3.99331734610775, 27
970, 30.5, -39.44, 46.97, 0.23, 0.81, NA, 16.47, 86.41, 13.95, -0.58, 15, "all", 100, 736.2157975912, 0.270361878335796, 3.0074356603481, 36.7435399103847, 611.348329528382, 728.447945504483, 743.95786544962, 0.257383739368022, 0.28551898993447, 0.0075997537498858, 3.93584148502725, 27
792.11, 29.56, -33.6, 46.7, 0.27, 0.69, NA, 17.14, 80.3, 13.26, -0.43, 15, "all", 200, 604.808958781801, 0.307976959824507, 2.836503843639, 35.5336881572721, 489.27710370959, 598.867537786271, 611.456289677372, 0.29169080829897, 0.325145887253467, 0.0088516534663688, 3.23616552795728, 27
634.77, 32.97, -20.94, 44.48, 0.38, 1.26, NA, 11.51, 65.43, 9.99, -0.88, 20, "all", 50, 367.439151738762, 0.381200998141979, 4.30856089340762, 37.4104092043166, 367.413217563062, 353.022699770667, 388.255529443123, 0.333119606518619, 0.432825429683347, 0.0244712230803181, 8.98885107486549, 27
786.43, 31.52, -31.65, 44.51, 0.3, 0.85, NA, 12.99, 76.16, 11.77, -0.56, 20, "all", 100, 538.456381771916, 0.309458661548879, 3.8329861581135, 36.6817262971551, 538.303553269168, 527.652403244125, 549.817072656646, 0.285199695113637, 0.336020970876171, 0.0123305406496, 5.4633512360744, 27
697.47, 31.25, -30.17, 45.22, 0.29, 0.92, NA, 13.97, 75.39, 11.86, -0.63, 20, "all", 200, 479.715023222115, 0.320922533684756, 3.5318864985779, 36.5532651174812, 479.441901926656, 476.345356472369, 483.663610010789, 0.310413433325232, 0.331462556438472, 0.00545342724574385, 1.89503274989868, 27
699.16, 32.79, -Inf, 43.16, 0.13, 1.58, NA, 10.37, Inf, 16.89, -1.45, 25, "all", 50, 561.208389744024, 0.149794857048513, 5.4147262124526, 38.1885441808776, 619.78359058251, 546.332192298067, 576.70784270797, 0.125309909228072, 0.175485550442804, 0.012928980149496, 7.51410390755496, 27
811.09, 31.62, -38.62, 44.89, 0.25, 0.88, NA, 13.27, 83.51, 12.78, -0.63, 25, "all", 100, 581.415873560168, 0.269312032989604, 3.80407492817109, 37.1367042653672, 693.076291646127, 573.794748899168, 588.693819517297, 0.254466521699293, 0.285274412376307, 0.0079947495861385, 3.82150896174761, 27
763.32, 33.41, -Inf, 44.46, 0.21, 1.16, NA, 11.06, Inf, 13.48, -0.96, 25, "all", 200, 546.281902351708, 0.220402945616184, 4.80873525265997, 38.6079883850362, 632.146636180843, 539.831142943947, 551.83346569148, 0.20961748758326, 0.232256498553292, 0.00599861139030105, 3.14813143015365, 27
857.87, 28.88, -33.3, 47.28, 0.29, 0.68, NA, 18.4, 80.58, 13.52, -0.4, 15, "all", 50, 676.386855858359, 0.313641666241888, 2.62560281822674, 34.9828969698835, 544.75734991049, 669.162206465061, 683.467502740458, 0.298295778393803, 0.329521709504617, 0.00801821417152732, 3.67004180558936, 28
967.38, 30.52, -39.1, 46.9, 0.24, 0.81, NA, 16.37, 86, 13.88, -0.58, 15, "all", 100, 732.020092671869, 0.272020311827872, 3.02438582939718, 36.7302915804109, 607.177623731478, 723.742073736148, 739.265853538988, 0.258427237653377, 0.287903843263433, 0.00788625058186757, 3.96741741460507, 28
790.07, 29.54, -33.4, 46.67, 0.27, 0.7, NA, 17.13, 80.07, 13.23, -0.43, 15, "all", 200, 602.97025785026, 0.309343364266952, 2.83687716985449, 35.5000518157609, 487.329553979827, 596.799198779038, 609.530640752778, 0.293455380583667, 0.327086076276603, 0.00859936004098135, 3.19872686600453, 28
629.41, 33.02, -20.41, 44.42, 0.39, 1.27, NA, 11.4, 64.83, 9.89, -0.88, 20, "all", 50, 360.944905930684, 0.38553142223458, 4.3505990217612, 37.4119070999103, 360.921716681413, 345.116008370743, 381.107760358812, 0.336325438369724, 0.432211289632612, 0.0250810026059804, 9.28658610774528, 28
782.28, 31.5, -31.38, 44.58, 0.3, 0.84, NA, 13.08, 75.96, 11.77, -0.54, 20, "all", 100, 535.155195696032, 0.311309138882756, 3.803129310774, 36.6719394106314, 534.992601053551, 524.446542148772, 546.65490835735, 0.287875840377174, 0.338073005137677, 0.0125854791362035, 5.49083778705709, 28
694.56, 31.26, -30.35, 45.14, 0.29, 0.93, NA, 13.88, 75.5, 11.86, -0.64, 20, "all", 200, 477.930047866933, 0.319539969805602, 3.55679849119269, 36.5561202043389, 477.672218686084, 474.419167308547, 482.019957621977, 0.308544955413496, 0.330070623871137, 0.00555520857300625, 1.94155288020911, 28
693.44, 32.89, -Inf, 43.05, 0.13, 1.6, NA, 10.16, Inf, 16.96, -1.47, 25, "all", 50, 556.970837927748, 0.147629489531261, 5.55047204797711, 38.2197156969036, 614.238176197391, 544.337801681244, 571.009568420287, 0.125723803949726, 0.17272563730583, 0.0123913200202735, 6.96269657649534, 28
806.02, 31.67, -38.93, 44.81, 0.25, 0.88, NA, 13.14, 83.74, 12.77, -0.63, 25, "all", 100, 577.65631650365, 0.267532082203575, 3.84674410394689, 37.164261052332, 687.938666967876, 569.740803700675, 585.235796904324, 0.251296755686082, 0.283027696015838, 0.00824794760989129, 3.82560173845489, 28
760.28, 33.44, -Inf, 44.37, 0.21, 1.17, NA, 10.94, Inf, 13.47, -0.97, 25, "all", 200, 544.040147766379, 0.219562456677791, 4.86940821758097, 38.602249511376, 629.218407380856, 537.692923220629, 550.019955227391, 0.207840831789044, 0.232056495816634, 0.00613930365119505, 3.16415116307805, 28
851.72, 28.82, -33.38, 47.48, 0.28, 0.67, NA, 18.66, 80.86, 13.61, -0.39, 15, "all", 50, 674.569159082822, 0.313588296992332, 2.58755452042587, 34.9582037248845, 543.248614907437, 666.234693412055, 681.501534671667, 0.298035728200414, 0.331663358618364, 0.00846344813865164, 3.99567479209593, 29
964.91, 30.51, -39.13, 46.9, 0.24, 0.82, NA, 16.39, 86.03, 13.89, -0.58, 15, "all", 100, 730.730540167484, 0.271943065242421, 3.0202075480547, 36.718090625948, 606.138205653881, 722.483786028263, 738.502771371692, 0.257881149873285, 0.2871181198724, 0.00771750006036788, 4.10583964805071, 29
787.28, 29.53, -33.34, 46.72, 0.27, 0.7, NA, 17.19, 80.05, 13.24, -0.43, 15, "all", 200, 600.997426560103, 0.309865001210637, 2.82763204810311, 35.495798367091, 485.554588509004, 594.945881420021, 606.958113255281, 0.29312910086883, 0.326027888584243, 0.00867236713659714, 3.05287783312947, 29
622.64, 33.04, -20.36, 44.47, 0.39, 1.26, NA, 11.43, 64.83, 9.9, -0.88, 20, "all", 50, 356.652721407348, 0.38591261425154, 4.33854482874538, 37.4351330174522, 356.629470354086, 342.822599722788, 377.393639172428, 0.33806788000568, 0.436045810864679, 0.0245612080234719, 9.04443828017317, 29
780.32, 31.54, -31.22, 44.48, 0.3, 0.85, NA, 12.94, 75.69, 11.7, -0.55, 20, "all", 100, 532.04741218008, 0.312130975637061, 3.84418971288527, 36.6710336204188, 531.899229734459, 521.52721835091, 542.131537481235, 0.290351839560731, 0.336431370217087, 0.0118846499481407, 5.38234382138818, 29
691.91, 31.28, -30.15, 45.14, 0.29, 0.93, NA, 13.86, 75.29, 11.83, -0.64, 20, "all", 200, 475.076091781962, 0.320844520953418, 3.55983225208547, 36.5580646240342, 474.821653902296, 471.531757608853, 479.218350075062, 0.310136084170385, 0.332076455993058, 0.00562520495901774, 1.93767444878124, 29
686.1, 32.91, -Inf, 43.08, 0.13, 1.59, NA, 10.17, Inf, 16.84, -1.46, 25, "all", 50, 549.602377232589, 0.149281186129152, 5.53726109492253, 38.2283860367935, 606.775822455066, 535.44852213179, 564.260328280528, 0.123747772787929, 0.176506109540612, 0.0129545514896321, 7.1288524971181, 29
801.01, 31.67, -39.03, 44.79, 0.25, 0.88, NA, 13.12, 83.82, 12.77, -0.63, 25, "all", 100, 574.341632886953, 0.266988572299145, 3.85574870369551, 37.1616183616546, 683.768482965958, 567.234216148757, 581.64831671696, 0.252346836870697, 0.282149721486808, 0.0077633525304842, 3.67628658163184, 29
756.02, 33.43, -Inf, 44.39, 0.2, 1.17, NA, 10.95, Inf, 13.53, -0.97, 25, "all", 200, 542.251961466429, 0.218125978874134, 4.86516151465506, 38.6131758018187, 626.552524900136, 536.497464478111, 547.969433041749, 0.207292229192253, 0.229449235820932, 0.00578239100576035, 3.02632883301828, 29
849.3, 28.88, -33.89, 47.21, 0.28, 0.69, NA, 18.32, 81.1, 13.57, -0.4, 15, "all", 50, 671.09139305772, 0.309668866525822, 2.63817029261751, 35.0172572882746, 541.993419784341, 662.917094820513, 678.287191107027, 0.293089674887428, 0.3258930693083, 0.00843808250778527, 3.76105866816532, 30
961.94, 30.51, -38.87, 46.87, 0.24, 0.82, NA, 16.36, 85.74, 13.84, -0.58, 15, "all", 100, 727.205426564129, 0.273265682627807, 3.0261350812266, 36.7040607960086, 602.667920524492, 718.588987127574, 735.02214452933, 0.258108914269052, 0.290057565062838, 0.00809299241185946, 4.26736868535976, 30
784.81, 29.52, -33.11, 46.75, 0.27, 0.69, NA, 17.24, 79.86, 13.23, -0.42, 15, "all", 200, 598.897323545448, 0.311437557053048, 2.81768845235056, 35.4748991120275, 483.327034735116, 593.037839656326, 605.648853339719, 0.293532446016615, 0.329233032632173, 0.00917920579725326, 3.24355504402414, 30
618.07, 33.03, -20.26, 44.46, 0.39, 1.27, NA, 11.43, 64.72, 9.88, -0.88, 20, "all", 50, 353.653275061232, 0.386910741045642, 4.33684462178577, 37.4240746759965, 353.629998449246, 340.300308598925, 373.832785199351, 0.338222498757511, 0.435558423541487, 0.024917107588873, 8.76421127636291, 30
776.67, 31.52, -31.12, 44.56, 0.3, 0.85, NA, 13.03, 75.68, 11.72, -0.55, 20, "all", 100, 529.706820419486, 0.312856649426942, 3.81505243641342, 36.6747251408068, 529.550116136425, 519.044470136238, 540.030745457222, 0.290677947758396, 0.33597685549102, 0.0117068204742013, 5.34328710354925, 30
688.44, 31.3, -30.15, 45.13, 0.29, 0.92, NA, 13.83, 75.28, 11.83, -0.63, 20, "all", 200, 472.298790244491, 0.320749588963962, 3.56820239777405, 36.5705932773102, 472.051616814379, 469.018399621179, 476.236927591792, 0.309722382870995, 0.331724264200499, 0.00560264088307527, 1.89613594494714, 30
678.44, 32.97, -Inf, 42.99, 0.13, 1.6, NA, 10.02, Inf, 17, -1.48, 25, "all", 50, 544.894446814103, 0.146352240801893, 5.64662093601978, 38.2515100899261, 600.421269853332, 532.278803109581, 560.031367528919, 0.123982445237231, 0.17151133689967, 0.0122252699859087, 7.13027069830535, 30
796.04, 31.67, -38.92, 44.75, 0.25, 0.89, NA, 13.08, 83.67, 12.74, -0.63, 25, "all", 100, 570.198320320396, 0.267500590641297, 3.86845396992283, 37.150660468222, 679.093288297454, 563.035996295331, 577.809835000861, 0.251888292617282, 0.283087437807316, 0.00814990777454774, 3.76369116053906, 30
752.22, 33.42, -Inf, 44.39, 0.2, 1.17, NA, 10.96, Inf, 13.51, -0.97, 25, "all", 200, 539.257712678403, 0.218636412057691, 4.85799007719043, 38.6059602868828, 623.301241716125, 533.628760679134, 545.130589832048, 0.207080516827159, 0.230687434866548, 0.00585931962479848, 2.96251882683915, 30
845.53, 28.92, -34.21, 47.07, 0.28, 0.69, NA, 18.15, 81.28, 13.56, -0.41, 15, "all", 50, 667.390804795913, 0.3073315077067, 2.66518563133761, 35.0544236727277, 539.91372597435, 659.676570761473, 674.138161349833, 0.292432650596936, 0.324909328756481, 0.00833278777027344, 3.6923776912655, 31
959.09, 30.54, -39.16, 46.82, 0.24, 0.82, NA, 16.27, 85.97, 13.85, -0.58, 15, "all", 100, 725.085423461558, 0.271621708781286, 3.04423470619612, 36.7335250702803, 601.596818644605, 717.275335486794, 732.445260795505, 0.25785908378329, 0.288276403576428, 0.0079147909228214, 4.02579469001582, 31
782.79, 29.5, -32.93, 46.77, 0.27, 0.69, NA, 17.27, 79.7, 13.21, -0.42, 15, "all", 200, 597.127863085517, 0.312690333316846, 2.81198403096993, 35.4562773728658, 481.478985196301, 591.28138098538, 603.662558680978, 0.297302040267912, 0.331548878022579, 0.0091264784912407, 3.23354116924509, 31
611.49, 33.11, -19.87, 44.38, 0.39, 1.27, NA, 11.27, 64.25, 9.79, -0.88, 20, "all", 50, 346.722628047658, 0.389810200762231, 4.39971503194504, 37.4500216359168, 346.703051070057, 332.450347712599, 366.668199422038, 0.340691770966265, 0.436173510299758, 0.0248884111741097, 8.86861779712849, 31
773.49, 31.53, -30.66, 44.56, 0.3, 0.85, NA, 13.04, 75.22, 11.66, -0.55, 20, "all", 100, 525.599448157152, 0.315899571925689, 3.81015061825405, 36.6586111811947, 525.441157754143, 514.694665580321, 536.762883170085, 0.290716165490475, 0.340708456073724, 0.0123851674613952, 5.48741556069041, 31
685.7, 31.31, -30.17, 45.08, 0.29, 0.92, NA, 13.77, 75.25, 11.81, -0.63, 20, "all", 200, 470.134111817082, 0.320535991816884, 3.58482628909942, 36.5691730995796, 469.896429952424, 467.162625870383, 474.417569062095, 0.309779044014218, 0.331042385215231, 0.0054046520732267, 1.82194251917491, 31
670.66, 32.99, -Inf, 43, 0.13, 1.59, NA, 10.02, Inf, 17.13, -1.47, 25, "all", 50, 539.819207228366, 0.144711894257717, 5.65902376842484, 38.2731527618127, 594.1834450068, 526.055275262044, 553.356562048533, 0.122217428310691, 0.170227941782086, 0.0122637038752325, 6.86065675672514, 31
790.75, 31.71, -39.62, 44.72, 0.25, 0.89, NA, 13.01, 84.33, 12.81, -0.64, 25, "all", 100, 567.942135230376, 0.263849929191275, 3.89704011110686, 37.1983505508939, 674.8878027768, 560.626545346893, 575.584097833866, 0.248214401394781, 0.279950919887714, 0.007902066916599, 3.72326360728302, 31
749.06, 33.46, -Inf, 44.3, 0.2, 1.19, NA, 10.84, Inf, 13.52, -0.98, 25, "all", 200, 537.153016292606, 0.217428526652303, 4.92432867997233, 38.6036335887109, 620.388105223897, 531.376362430982, 542.997014669033, 0.206866022016566, 0.227336227821673, 0.00547514884810031, 2.98800296835619, 31
840.03, 28.92, -34.57, 47.12, 0.28, 0.68, NA, 18.2, 81.69, 13.63, -0.4, 15, "all", 50, 664.34979956132, 0.305046985619517, 2.65886330390123, 35.088262133976, 538.294569383059, 656.539538159589, 671.461290639389, 0.28947163141299, 0.322338794377189, 0.00823371892337134, 3.82478413471296, 32
956.3, 30.54, -38.78, 46.8, 0.24, 0.82, NA, 16.26, 85.59, 13.79, -0.58, 15, "all", 100, 721.618424834765, 0.27358310866941, 3.0441513987742, 36.7087576576692, 597.913397876029, 713.740121777005, 728.885359565351, 0.259729134879962, 0.290977457595225, 0.00781649468751835, 4.01700775806738, 32
780.15, 29.48, -32.79, 46.8, 0.27, 0.7, NA, 17.32, 79.59, 13.2, -0.42, 15, "all", 200, 595.455709126833, 0.31374922881258, 2.80203855659694, 35.4281327975611, 479.771978761562, 589.437374672141, 602.163635680118, 0.297756904824304, 0.330670683880421, 0.00885588384423359, 3.25282229743699, 32
608.29, 33.09, -19.32, 44.43, 0.4, 1.26, NA, 11.35, 63.75, 9.75, -0.87, 20, "all", 50, 342.817915671217, 0.39518220378249, 4.36380814769359, 37.4222913882679, 342.796643334334, 329.843270536457, 362.457003187941, 0.348012273673057, 0.443891177027014, 0.0245286705246786, 8.46674016751959, 32
770.6, 31.53, -30.68, 44.55, 0.3, 0.85, NA, 13.02, 75.22, 11.66, -0.55, 20, "all", 100, 523.673268339016, 0.315749361332345, 3.81527765420395, 36.6553686802472, 523.517035380454, 512.680796165362, 533.762661716511, 0.292793773365959, 0.341774940947742, 0.0121870755865843, 5.29292526849222, 32
683.19, 31.32, -30.11, 45.04, 0.29, 0.93, NA, 13.72, 75.16, 11.78, -0.64, 20, "all", 200, 467.753543959683, 0.320815484123698, 3.60019879476558, 36.5721003878751, 467.524925563664, 464.403792075205, 471.573052614785, 0.310164608971382, 0.3319366955088, 0.00542334307185676, 1.81863388229497, 32
666.98, 32.98, -Inf, 43.02, 0.13, 1.59, NA, 10.04, Inf, 17.04, -1.46, 25, "all", 50, 535.994007521157, 0.145990433459755, 5.63671482864544, 38.2636334454861, 590.471620515682, 523.187835902701, 550.951806847159, 0.121012397245271, 0.17210522989237, 0.0133467153495713, 6.93394033902071, 32
785.61, 31.72, -39.86, 44.71, 0.25, 0.88, NA, 12.99, 84.57, 12.84, -0.64, 25, "all", 100, 564.9596015537, 0.26260070899833, 3.90361973558694, 37.2092686838236, 670.813337856715, 557.47470335091, 571.853859429433, 0.247005324044217, 0.277411779179942, 0.00811744918696474, 3.76051625944579, 32
745.12, 33.45, -Inf, 44.3, 0.2, 1.19, NA, 10.85, Inf, 13.56, -0.98, 25, "all", 200, 535.353024524852, 0.216388928226397, 4.91908804078895, 38.6050865568893, 617.881585500972, 529.359401106073, 541.301325824348, 0.204648383197056, 0.228300556820871, 0.00593381743344496, 3.04870382486296, 32
836.53, 28.96, -34.83, 47, 0.28, 0.68, NA, 18.04, 81.84, 13.62, -0.41, 15, "all", 50, 660.651365384078, 0.303109352440281, 2.68482732029501, 35.1261863342395, 536.049293070673, 653.23567264966, 667.83232572247, 0.287981577676967, 0.31986999600757, 0.0081699040825476, 3.80738250491704, 33
953.52, 30.56, -38.9, 46.76, 0.24, 0.82, NA, 16.2, 85.66, 13.78, -0.58, 15, "all", 100, 719.303525168431, 0.272847722756788, 3.05771749582587, 36.7205567971302, 596.30101634112, 711.542896271328, 726.88461439302, 0.25811522828133, 0.288936336629785, 0.00785504002618874, 4.04810767078051, 33
778.02, 29.47, -32.73, 46.8, 0.27, 0.7, NA, 17.33, 79.53, 13.19, -0.42, 15, "all", 200, 593.813955509021, 0.314213538058608, 2.80038263296575, 35.4173267114901, 478.294440732713, 588.233271627225, 600.269337029442, 0.296173316720863, 0.332595193652339, 0.008936871255824, 3.05980998762113, 33
604.07, 33.08, -19.27, 44.45, 0.4, 1.27, NA, 11.38, 63.72, 9.75, -0.87, 20, "all", 50, 340.459357612414, 0.395759186409416, 4.35010383219784, 37.4143700200395, 340.437488631728, 325.415783661708, 359.487895658512, 0.348044389272966, 0.445713439795996, 0.0247472462251399, 8.43595427018189, 33
767.7, 31.54, -30.42, 44.49, 0.3, 0.85, NA, 12.95, 74.91, 11.6, -0.55, 20, "all", 100, 520.190198988148, 0.317301464019839, 3.83602648434251, 36.6422469495418, 520.040799005325, 509.20312508973, 530.604181276768, 0.296101838391088, 0.343852079631259, 0.0123462148930899, 5.501459800703, 33
680.63, 31.34, -30.11, 44.98, 0.29, 0.93, NA, 13.64, 75.09, 11.76, -0.64, 20, "all", 200, 465.53059841089, 0.320742807710862, 3.62156570083394, 36.569475768141, 465.312876574858, 462.302477511899, 469.575751956814, 0.309904263924773, 0.331349588278037, 0.00536644598612724, 1.84807172726562, 33
658.54, 33.01, -Inf, 42.98, 0.12, 1.6, NA, 9.97, Inf, 17.16, -1.48, 25, "all", 50, 530.197884013585, 0.144157681396834, 5.69167161169972, 38.28186747829, 583.38142465426, 516.789257859382, 544.042534043833, 0.121565612159252, 0.170713813842138, 0.0126350074137356, 6.97889592769692, 33
781.34, 31.76, -Inf, 44.54, 0.25, 0.9, NA, 12.78, Inf, 12.81, -0.65, 25, "all", 100, 561.919482273575, 0.260308853086879, 3.97777878204055, 37.2135915882283, 666.373932946138, 554.877829947448, 569.081517337673, 0.245324621613141, 0.275505113144089, 0.00805597101573782, 3.67755363849189, 33
740.55, 33.43, -Inf, 44.3, 0.2, 1.19, NA, 10.87, Inf, 13.62, -0.99, 25, "all", 200, 533.483776642909, 0.214925995893038, 4.91475287219677, 38.6052577184026, 615.12562330763, 527.465071622948, 539.041584527879, 0.203686288280276, 0.22650513996506, 0.00577104690427204, 2.90288817453029, 33
829.88, 28.96, -35.38, 47.02, 0.28, 0.68, NA, 18.07, 82.4, 13.7, -0.4, 15, "all", 50, 657.305968908633, 0.299727101613889, 2.68311144054968, 35.1593420597812, 534.577888491887, 649.598698257456, 664.183719479176, 0.283903684284167, 0.316811168347344, 0.0082660166458075, 3.75429665657178, 34
950.5, 30.55, -38.76, 46.7, 0.24, 0.83, NA, 16.15, 85.47, 13.75, -0.59, 15, "all", 100, 716.434687375306, 0.273571874281554, 3.06683881947879, 36.6968504925931, 593.629280145198, 707.920886799808, 724.701968688338, 0.257773838219992, 0.288621144636287, 0.00800341460963717, 4.21155585881504, 34
775.54, 29.43, -32.2, 46.86, 0.28, 0.7, NA, 17.42, 79.06, 13.14, -0.42, 15, "all", 200, 591.451500151689, 0.317966053006184, 2.78168908334348, 35.3582303576043, 475.145828071295, 585.618120943744, 597.755487128318, 0.299672558874903, 0.334256530626963, 0.00881216607754007, 3.06794963202679, 34
600.05, 33.11, -18.93, 44.47, 0.4, 1.27, NA, 11.36, 63.4, 9.71, -0.87, 20, "all", 50, 336.129633626119, 0.39876961636676, 4.3560011937949, 37.4297517307098, 336.108494475563, 322.847157939052, 355.789299421684, 0.35176193661746, 0.442278559982883, 0.0233250863889522, 8.29348907242437, 34
763.27, 31.5, -30.46, 44.57, 0.3, 0.84, NA, 13.07, 75.03, 11.65, -0.54, 20, "all", 100, 518.338986474775, 0.317330911548705, 3.79843831230483, 36.6345295247665, 518.177165665129, 506.938663272045, 529.015963452804, 0.294324278286219, 0.342115491158833, 0.0122611337841056, 5.46449165787468, 34
677.51, 31.34, -30.12, 44.97, 0.29, 0.93, NA, 13.63, 75.09, 11.76, -0.64, 20, "all", 200, 463.25407551772, 0.320643054625265, 3.62624346799371, 36.5743594043298, 463.040011159566, 459.994140334688, 467.058344871982, 0.309732257207171, 0.331154708909298, 0.0054451236747913, 1.81700209474301, 34
653.39, 33.02, -Inf, 43.01, 0.13, 1.59, NA, 9.99, Inf, 17.08, -1.46, 25, "all", 50, 525.184009267469, 0.145218450432646, 5.67545703234684, 38.2889753716788, 578.270539711242, 512.67557524393, 539.226953167455, 0.122113479604521, 0.172532276339831, 0.0129024523289884, 6.82189414630461, 34
776.06, 31.76, -Inf, 44.53, 0.25, 0.89, NA, 12.76, Inf, 12.85, -0.65, 25, "all", 100, 559.328042918627, 0.258384538753272, 3.98784722586032, 37.2242809182953, 662.484670170683, 551.337053362587, 566.699952515775, 0.242316178656676, 0.275056584941376, 0.00825135740985153, 3.97586348686574, 34
738.03, 33.46, -Inf, 44.28, 0.2, 1.18, NA, 10.82, Inf, 13.6, -0.98, 25, "all", 200, 530.942950154909, 0.215256144381555, 4.93833519920647, 38.6110475594779, 612.336291144265, 525.039325532722, 536.930707849489, 0.204339640388797, 0.228269193885122, 0.00594141796182669, 3.12465127730711, 34
827.39, 29.03, -35.59, 46.81, 0.28, 0.69, NA, 17.78, 82.4, 13.64, -0.41, 15, "all", 50, 653.095773143869, 0.297957950482507, 2.72882683321096, 35.2035111913562, 531.856919716286, 645.999143585211, 660.475503578416, 0.283211431321232, 0.314794874545712, 0.00843618510563615, 3.68281284932204, 35
948.41, 30.57, -38.8, 46.67, 0.24, 0.83, NA, 16.1, 85.47, 13.73, -0.59, 15, "all", 100, 714.390708152691, 0.273313782159418, 3.07692731533339, 36.7068240038124, 592.04387220759, 706.239346986029, 721.540586397642, 0.259451346375757, 0.289233417204486, 0.00751290219582581, 3.96896956467771, 35
773.84, 29.44, -32.23, 46.86, 0.28, 0.7, NA, 17.42, 79.09, 13.15, -0.42, 15, "all", 200, 590.056827043392, 0.317714027991237, 2.7827087458365, 35.3681467899515, 474.109222498967, 584.17043309603, 595.833675005076, 0.30032889116455, 0.335782864215235, 0.00898264639966224, 3.01395987287462, 35
592.43, 33.15, -19.66, 44.44, 0.39, 1.27, NA, 11.29, 64.1, 9.78, -0.87, 20, "all", 50, 334.405260863517, 0.391570154606639, 4.39149383388357, 37.4904028661891, 334.386436739736, 320.867249921949, 352.945426250481, 0.345177512670247, 0.443064472374449, 0.0246593291332989, 8.13838074870931, 35
761.21, 31.53, -29.89, 44.47, 0.31, 0.86, NA, 12.93, 74.36, 11.52, -0.55, 20, "all", 100, 513.687684150329, 0.3208733875759, 3.83657329099427, 36.6089704243091, 513.538031706416, 503.631808866623, 523.766141454633, 0.298910038160758, 0.345435685475061, 0.0117705206076339, 5.15426421536486, 35
674.93, 31.35, -30.09, 44.98, 0.29, 0.93, NA, 13.63, 75.07, 11.75, -0.63, 20, "all", 200, 461.312530169836, 0.320787305188286, 3.62622457549321, 36.5786280844984, 461.099752940647, 458.06051395716, 464.863946365684, 0.310114026815341, 0.33206035056575, 0.00550821740313692, 1.8015319375887, 35
647.42, 33.04, -Inf, 42.99, 0.12, 1.59, NA, 9.94, Inf, 17.16, -1.46, 25, "all", 50, 520.993669621232, 0.144014780134133, 5.71198214749586, 38.3043810137844, 573.201754961111, 508.235308031257, 534.42957224844, 0.119643822095296, 0.169523297703372, 0.0127726695072005, 6.71708147067744, 35
770.43, 31.76, -Inf, 44.59, 0.25, 0.88, NA, 12.83, Inf, 12.86, -0.64, 25, "all", 100, 555.044881552925, 0.259046400619686, 3.96604988910014, 37.2355254780176, 657.659021774239, 547.310164042552, 562.447967614557, 0.242157314872257, 0.274781407227861, 0.00811366404746927, 3.82840961499485, 35
734.33, 33.46, -Inf, 44.26, 0.2, 1.19, NA, 10.8, Inf, 13.59, -0.99, 25, "all", 200, 528.249473355781, 0.215114233840866, 4.95216708791146, 38.608318359986, 609.175529026619, 522.389979901683, 533.590359290591, 0.204409654441733, 0.225886542168391, 0.00555332072646698, 2.87571963254943, 35
820.71, 29.03, -36.28, 46.73, 0.27, 0.69, NA, 17.7, 83.02, 13.71, -0.41, 15, "all", 50, 649.311120925852, 0.2936789497345, 2.74463603438649, 35.2437192799461, 530.352097452735, 641.623407718047, 656.261239342148, 0.278476383611373, 0.310597472739776, 0.0082477520208687, 3.72609673286035, 36
945.48, 30.59, -38.92, 46.59, 0.24, 0.83, NA, 15.99, 85.51, 13.71, -0.59, 15, "all", 100, 711.64852421925, 0.272490279873274, 3.09949763342054, 36.7183309318043, 590.111516373544, 703.469042110194, 720.030321466124, 0.2559122283037, 0.290649569704391, 0.00855999073331419, 4.30642646431416, 36
771.11, 29.43, -32.22, 46.88, 0.28, 0.7, NA, 17.45, 79.1, 13.15, -0.42, 15, "all", 200, 588.253238483153, 0.317823405292048, 2.77800754729571, 35.3628577973386, 472.620374882751, 582.896319106687, 594.698377190608, 0.30078452150164, 0.334718934913958, 0.00870036460927806, 2.97203622317488, 36
586.72, 33.15, -19.7, 44.4, 0.39, 1.29, NA, 11.26, 64.1, 9.77, -0.89, 20, "all", 50, 331.311851781865, 0.391149451350387, 4.40690106838284, 37.4820974621974, 331.293751672034, 317.353618953753, 350.214025121988, 0.347030471788859, 0.439162396997814, 0.0239552326196898, 8.41109611020724, 36
758.19, 31.52, -29.52, 44.56, 0.31, 0.85, NA, 13.05, 74.08, 11.52, -0.54, 20, "all", 100, 510.742826169564, 0.323631306472961, 3.79762805524402, 36.6011005220502, 510.580632533706, 500.400318240887, 521.817066697045, 0.300534936915961, 0.349242318115406, 0.0125314656217428, 5.46449603818773, 36
672.73, 31.38, -30.04, 44.92, 0.29, 0.93, NA, 13.54, 74.95, 11.73, -0.64, 20, "all", 200, 458.910227250777, 0.320997818789866, 3.6505139917247, 36.5858237266323, 458.709805790581, 455.531659569033, 462.710401367633, 0.3113064617272, 0.330950837186805, 0.00529695690366275, 1.73097685492961, 36
641.22, 33.05, -Inf, 42.99, 0.12, 1.59, NA, 9.94, Inf, 17.16, -1.46, 25, "all", 50, 515.955542969795, 0.14405496911261, 5.71250213378675, 38.3051173401791, 567.673963150125, 503.896350493348, 529.285376353568, 0.118755091918328, 0.16849965290131, 0.0128268046293816, 6.60492571900478, 36
764.94, 31.77, -Inf, 44.52, 0.24, 0.88, NA, 12.74, Inf, 12.88, -0.64, 25, "all", 100, 552.036852077196, 0.256937329107771, 3.99817423564985, 37.2388778907763, 653.253748512434, 543.939893097987, 559.65665585188, 0.241030385486396, 0.273046996699225, 0.00832648768027085, 3.97242327102738, 36
730.82, 33.45, -Inf, 44.25, 0.2, 1.19, NA, 10.8, Inf, 13.63, -0.99, 25, "all", 200, 526.634993126596, 0.214138911957691, 4.95472739616471, 38.6039778541259, 606.920986834622, 520.850652674214, 532.340470772662, 0.203134098102582, 0.22561937382384, 0.00577896999580927, 2.93395798666906, 36
816.46, 29.08, -36.66, 46.68, 0.27, 0.69, NA, 17.6, 83.34, 13.73, -0.42, 15, "all", 50, 645.686625829851, 0.291218643552035, 2.76232318027053, 35.2958494354454, 528.306660482847, 638.377565251433, 652.464843567869, 0.275264591111018, 0.307616902953324, 0.00851354138609809, 3.5739637661243, 37
943.28, 30.58, -38.79, 46.61, 0.24, 0.83, NA, 16.03, 85.4, 13.7, -0.59, 15, "all", 100, 709.982320248298, 0.273273065177785, 3.09108926546487, 36.7029304622168, 588.410700018106, 702.188422506767, 717.312635236739, 0.258370861039965, 0.288940473760282, 0.0077668104860947, 3.87226839184367, 37
769.6, 29.45, -32.16, 46.79, 0.28, 0.71, NA, 17.33, 78.95, 13.11, -0.43, 15, "all", 200, 586.011246631244, 0.318065925730101, 2.7968632895359, 35.3622699710171, 470.754943795526, 580.162121438317, 591.821899363838, 0.301309447598634, 0.335504686098748, 0.00875159461237711, 3.02952137307757, 37
583.6, 33.15, -19.47, 44.46, 0.39, 1.27, NA, 11.31, 63.94, 9.76, -0.87, 20, "all", 50, 328.708560395122, 0.393296702324279, 4.3814210608597, 37.4841638397662, 328.689574701827, 316.923738600212, 346.986486992213, 0.346912559646978, 0.438558924771271, 0.0240378642650283, 7.72063751947084, 37
754.76, 31.51, -29.07, 44.66, 0.31, 0.84, NA, 13.14, 73.73, 11.5, -0.53, 20, "all", 100, 506.961920556517, 0.326785060407187, 3.76552905832358, 36.5986865074706, 506.789399935957, 496.828163702133, 517.228578107854, 0.303810945349337, 0.350866649086579, 0.0121169912435927, 5.0595019561496, 37
670.47, 31.39, -30.02, 44.83, 0.29, 0.94, NA, 13.44, 74.85, 11.69, -0.64, 20, "all", 200, 456.789829882717, 0.321001911273355, 3.67939865503457, 36.5764199997209, 456.601387846692, 453.474242248064, 460.63937465347, 0.310774273678978, 0.332399110242047, 0.00537649207640614, 1.88209124210874, 37
636.32, 33.07, -Inf, 42.97, 0.12, 1.59, NA, 9.9, Inf, 17.11, -1.46, 25, "all", 50, 511.430627753772, 0.144447001147335, 5.73778708104761, 38.3098187987762, 562.843767966416, 500.332611708688, 525.192700367587, 0.119748721992375, 0.169644611109287, 0.0128096974506927, 6.52168148312462, 37
758.86, 31.81, -Inf, 44.48, 0.24, 0.87, NA, 12.68, Inf, 12.93, -0.63, 25, "all", 100, 548.775282638278, 0.254127147343223, 4.025747115238, 37.2738959367325, 648.26488812212, 540.550442397762, 556.506084926104, 0.237108958561056, 0.27119095162305, 0.00828702193183696, 3.82044192215291, 37
726.45, 33.45, -Inf, 44.25, 0.2, 1.19, NA, 10.8, Inf, 13.7, -0.99, 25, "all", 200, 524.914237828927, 0.212311664715873, 4.95986442316453, 38.6162571251898, 604.206895582039, 519.111890113543, 530.807227844205, 0.201830097681687, 0.224463007889342, 0.0057526997793023, 3.00854953394736, 37
811.49, 29.1, -37.1, 46.65, 0.27, 0.68, NA, 17.54, 83.75, 13.78, -0.41, 15, "all", 50, 642.08925835875, 0.288498788959514, 2.77464595313158, 35.3446278839448, 526.362124842288, 635.063171120247, 648.528415994911, 0.273571888724792, 0.304945118034416, 0.00808518221175541, 3.5476058683036, 38
939.88, 30.62, -38.38, 46.54, 0.24, 0.83, NA, 15.92, 84.92, 13.61, -0.59, 15, "all", 100, 704.514730451643, 0.275249880311206, 3.11170485921273, 36.7035170118028, 583.092707611526, 696.204518921103, 712.86109507858, 0.259245707499059, 0.292226661628063, 0.00859499013850597, 4.3231464472304, 38
767.66, 29.42, -31.79, 46.83, 0.28, 0.71, NA, 17.41, 78.62, 13.08, -0.43, 15, "all", 200, 584.380270273801, 0.320827959444356, 2.7821423077411, 35.3132086974148, 468.53932931137, 578.6900794918, 590.450671823508, 0.305213582864083, 0.338404094030531, 0.00864263189775093, 3.01888648972396, 38
577.14, 33.17, -19.61, 44.48, 0.39, 1.27, NA, 11.3, 64.09, 9.78, -0.87, 20, "all", 50, 325.305761467287, 0.391833731302454, 4.38748597723901, 37.5157122969556, 325.287530296692, 311.329297452618, 344.62900713251, 0.346170413005063, 0.442265876944605, 0.0241420866642983, 8.30831613860033, 38
751.73, 31.54, -29.41, 44.48, 0.31, 0.85, NA, 12.95, 73.89, 11.47, -0.54, 20, "all", 100, 505.277056124164, 0.32420989371925, 3.82811685879552, 36.5940235362683, 505.126149451765, 495.123811143363, 515.799911354867, 0.301075206409266, 0.350505527223981, 0.0122111398415042, 5.25271078813665, 38
667.58, 31.4, -29.83, 44.85, 0.3, 0.93, NA, 13.45, 74.67, 11.67, -0.64, 20, "all", 200, 453.963362251679, 0.322237624766627, 3.67746036917478, 36.5806364600247, 453.775668300178, 450.851920500223, 457.830392499519, 0.311978181132324, 0.332539749592862, 0.00528382690125676, 1.80625088622052, 38
631.01, 33.1, -Inf, 42.98, 0.13, 1.59, NA, 9.88, Inf, 16.95, -1.46, 25, "all", 50, 505.426564551364, 0.146365688334793, 5.74186497705239, 38.3162857889205, 556.945299751079, 492.253934272097, 517.517010645236, 0.123369326334536, 0.173647479684017, 0.0127681036354315, 6.55931446718433, 38
754.29, 31.83, -Inf, 44.45, 0.24, 0.87, NA, 12.62, Inf, 12.9, -0.63, 25, "all", 100, 544.641531887822, 0.254427496964573, 4.04450757755728, 37.2825660169924, 643.552663831155, 536.964799897975, 552.69180267534, 0.238195233431505, 0.270749921944515, 0.00841655494446292, 4.03127171897754, 38
723.8, 33.46, -Inf, 44.24, 0.2, 1.19, NA, 10.78, Inf, 13.66, -0.99, 25, "all", 200, 522.257697235641, 0.213033574671626, 4.96881635167542, 38.6136014972372, 601.438918405086, 516.486240471874, 527.820496710099, 0.201807599183836, 0.224399491358812, 0.00569764035788811, 2.91524567895859, 38
805.7, 29.15, -37.84, 46.55, 0.26, 0.68, NA, 17.4, 84.38, 13.84, -0.42, 15, "all", 50, 638.107150138555, 0.28403949450759, 2.80224547732709, 35.4073521388778, 524.731906661154, 630.338281948762, 645.200835007116, 0.268360378872575, 0.302180803255025, 0.00818687825006135, 3.71989491090011, 39
936.83, 30.64, -38.53, 46.49, 0.24, 0.83, NA, 15.85, 85.02, 13.6, -0.59, 15, "all", 100, 701.972915479497, 0.274310204489252, 3.12874997071067, 36.7199918666831, 581.368725986043, 693.23552823669, 709.568611498678, 0.258868446823844, 0.290406004754923, 0.0082956513811493, 4.23508832238018, 39
765.85, 29.44, -31.72, 46.83, 0.28, 0.71, NA, 17.39, 78.54, 13.07, -0.43, 15, "all", 200, 582.356533473615, 0.321240056325476, 2.78524658668647, 35.3219551531547, 466.78789910843, 576.637453028818, 588.226136048412, 0.304297808549435, 0.340136508537878, 0.00891115653258206, 3.02605380619968, 39
573.12, 33.19, -19.59, 44.48, 0.39, 1.27, NA, 11.29, 64.07, 9.78, -0.88, 20, "all", 50, 322.700699654937, 0.391968366987541, 4.39132510438827, 37.529230266301, 322.68289619969, 309.765297693423, 340.915315515899, 0.346496747679283, 0.440152404960967, 0.0232551598204307, 7.91220398860512, 39
748.58, 31.52, -28.42, 44.65, 0.32, 0.85, NA, 13.13, 73.07, 11.41, -0.53, 20, "all", 100, 500.027381641233, 0.331349173725404, 3.76486110185467, 36.5677057837101, 499.854560117049, 489.475420262475, 510.045070237069, 0.309961169708415, 0.357403500494596, 0.012424585743359, 5.30049541491927, 39
665.08, 31.42, -29.82, 44.8, 0.3, 0.95, NA, 13.39, 74.62, 11.65, -0.65, 20, "all", 200, 451.782201431914, 0.32220082327224, 3.69560780824126, 36.5833659917837, 451.60267039405, 448.745723725212, 455.646904342881, 0.312039122050507, 0.332660208006437, 0.00531623501436926, 1.77770692372104, 39
626.11, 33.12, -Inf, 42.96, 0.13, 1.59, NA, 9.84, Inf, 16.99, -1.46, 25, "all", 50, 501.776092155314, 0.145667059793417, 5.77288401767944, 38.3241509549815, 552.668608045802, 489.934451341379, 515.393125616859, 0.121268038258673, 0.171137168799867, 0.0126867711987332, 6.5792708634202, 39
748.49, 31.84, -Inf, 44.47, 0.24, 0.86, NA, 12.63, Inf, 12.94, -0.62, 25, "all", 100, 541.073840161005, 0.253356284232857, 4.04376658767201, 37.3000719294903, 638.891969324714, 532.541666499239, 548.587123782289, 0.236544054639225, 0.271256911309773, 0.00885873972320192, 4.07057193215411, 39
720.62, 33.47, -Inf, 44.19, 0.2, 1.2, NA, 10.72, Inf, 13.6, -1, 25, "all", 200, 518.944847511243, 0.213997695445581, 4.9955346770084, 38.5965810112347, 598.010764359393, 513.270265559819, 524.784536045736, 0.203455468741802, 0.225674946023954, 0.0056733145401303, 2.91479896992073, 39
801.53, 29.22, -38.37, 46.37, 0.26, 0.69, NA, 17.15, 84.73, 13.84, -0.42, 15, "all", 50, 633.756638350051, 0.280679880155838, 2.84856227682723, 35.4680494065227, 522.39839445748, 626.806379457294, 640.162129815574, 0.26509024869958, 0.298199858766871, 0.00833890181213106, 3.54015284360084, 40
934.21, 30.6, -38.5, 46.53, 0.24, 0.84, NA, 15.92, 85.03, 13.63, -0.6, 15, "all", 100, 701.125604916025, 0.274643118876741, 3.11185384490384, 36.6913676703276, 580.529147391822, 693.021226385496, 709.313103506926, 0.259422884815277, 0.292497837716991, 0.00833887701110574, 4.06871638184467, 40
763.65, 29.42, -31.52, 46.85, 0.28, 0.71, NA, 17.43, 78.37, 13.05, -0.42, 15, "all", 200, 580.476791458327, 0.32270567029354, 2.77795760222419, 35.3006142593941, 464.805424850395, 574.539022872179, 586.416447686042, 0.304561916674866, 0.342085178072142, 0.00919868598503966, 3.04145504303333, 40
568.6, 33.21, -19.4, 44.49, 0.39, 1.27, NA, 11.28, 63.89, 9.75, -0.88, 20, "all", 50, 319.031782263962, 0.39355860234931, 4.39798229303543, 37.5396627791167, 319.014536260039, 306.545992478254, 336.598438680949, 0.345025264918619, 0.438174259334773, 0.0238795232527583, 7.88410283355882, 40
744.85, 31.53, -28.58, 44.66, 0.32, 0.84, NA, 13.14, 73.24, 11.43, -0.53, 20, "all", 100, 498.060266130233, 0.330201416336781, 3.76394111539758, 36.5855847527418, 497.889186482766, 488.053595655054, 508.901530760655, 0.307217024098454, 0.354446271936826, 0.0122030171960051, 5.16602460513165, 40
662.52, 31.43, -29.74, 44.78, 0.3, 0.94, NA, 13.35, 74.52, 11.63, -0.65, 20, "all", 200, 449.426390258324, 0.322635362671404, 3.70670563528464, 36.5865478050791, 449.252192770948, 446.366505413665, 453.265147220629, 0.311658587321783, 0.333464024844151, 0.00546022946117961, 1.74401257290684, 40
619.05, 33.12, -Inf, 42.98, 0.12, 1.57, NA, 9.86, Inf, 17.1, -1.44, 25, "all", 50, 496.983109019808, 0.144487128222277, 5.76573686386245, 38.3458963752151, 546.961140407286, 484.333409506931, 510.461040140243, 0.11947060856523, 0.169656387041701, 0.0129653962618058, 6.68562425180348, 40
742.73, 31.83, -Inf, 44.48, 0.24, 0.86, NA, 12.65, Inf, 12.97, -0.62, 25, "all", 100, 537.620894257333, 0.252656535350525, 4.03727963840942, 37.3008355865113, 634.508030106631, 529.879933338726, 544.556691321497, 0.236440185348307, 0.270325397164028, 0.00866864986411035, 3.97496223923854, 40
717.69, 33.48, -Inf, 44.18, 0.2, 1.2, NA, 10.69, Inf, 13.64, -1, 25, "all", 200, 517.485703881428, 0.212912552870955, 5.01229850381093, 38.6036866260758, 595.904001835694, 511.943641668906, 523.281764340272, 0.202094733945053, 0.224419954872673, 0.00563786774359917, 2.90114861298632, 40
795.7, 29.25, -39.03, 46.26, 0.26, 0.69, NA, 17.01, 85.29, 13.89, -0.43, 15, "all", 50, 629.792677726222, 0.27683539101275, 2.876606815119, 35.5121855294806, 520.525585489454, 622.78904136712, 636.572261315794, 0.261554752928765, 0.293719964870227, 0.00837710521103781, 3.63134841801975, 41
931.38, 30.65, -38.84, 46.43, 0.24, 0.84, NA, 15.78, 85.27, 13.62, -0.6, 15, "all", 100, 698.666082297929, 0.272618963812458, 3.14410839828827, 36.7269759689995, 579.306219846177, 691.218625015069, 706.953064043274, 0.256447263039015, 0.289866205573653, 0.00841224597505533, 4.11936226718362, 41
761.29, 29.43, -31.46, 46.83, 0.28, 0.71, NA, 17.41, 78.29, 13.03, -0.42, 15, "all", 200, 578.320389971681, 0.323059011525503, 2.78145411803257, 35.297779573199, 462.968816496187, 572.737332105345, 584.535307438194, 0.306482370150607, 0.339279607866388, 0.00846176108458715, 3.02388677199956, 41
564.27, 33.21, -19.42, 44.45, 0.39, 1.28, NA, 11.24, 63.88, 9.74, -0.89, 20, "all", 50, 316.632174414821, 0.39333679262076, 4.4114775684572, 37.5320112857017, 316.615498937211, 304.443840740937, 334.791332251603, 0.348234518340156, 0.44251109661707, 0.0236768374965169, 7.83057585315958, 41
742.96, 31.56, -28.22, 44.48, 0.32, 0.86, NA, 12.92, 72.69, 11.3, -0.54, 20, "all", 100, 493.931774476067, 0.33238771393648, 3.82990255514998, 36.5591038758445, 493.782418037939, 484.368644008271, 504.678051190385, 0.30890450438106, 0.355203939464457, 0.0122079494065933, 5.12547117108412, 41
660.99, 31.43, -29.65, 44.74, 0.3, 0.95, NA, 13.3, 74.38, 11.6, -0.65, 20, "all", 200, 447.826034970498, 0.323226631460872, 3.7200189841471, 36.5772326507763, 447.65657635852, 444.726257254309, 451.86916537844, 0.313196890520067, 0.33441805507555, 0.00548772822535333, 1.78864756302977, 41
615.38, 33.15, -Inf, 42.94, 0.12, 1.58, NA, 9.79, Inf, 17.11, -1.46, 25, "all", 50, 494.023282351846, 0.144039787657689, 5.8153806438479, 38.3456359243599, 543.545159345635, 481.420727482966, 507.053106238357, 0.119317972976901, 0.170010583887389, 0.0129193147806316, 6.62567635495808, 41
738.15, 31.89, -Inf, 44.4, 0.24, 0.87, NA, 12.51, Inf, 12.96, -0.63, 25, "all", 100, 534.032136022659, 0.250925361688618, 4.09172623845097, 37.3309864648622, 629.665915571104, 526.163671080323, 542.334140706043, 0.234119388705685, 0.268084221764279, 0.00866585569716968, 4.09314420816998, 41
714.47, 33.48, -Inf, 44.16, 0.2, 1.2, NA, 10.67, Inf, 13.64, -1, 25, "all", 200, 515.226312356726, 0.21270818109384, 5.02444181019863, 38.600260694801, 593.223960847348, 509.597027915905, 521.049723163718, 0.201966416078541, 0.224169870640026, 0.00564232335212927, 2.91475440600952, 41
791.66, 29.35, -39.59, 46.09, 0.26, 0.69, NA, 16.75, 85.69, 13.9, -0.43, 15, "all", 50, 625.041915140907, 0.273363293731881, 2.92852868083448, 35.5978674015007, 517.86889317416, 617.836745291366, 631.730771863648, 0.257552571415708, 0.290752597384753, 0.00829658883124966, 3.56675282543298, 42
927.79, 30.67, -39.11, 46.36, 0.24, 0.84, NA, 15.69, 85.47, 13.62, -0.6, 15, "all", 100, 696.073957427417, 0.271073738911491, 3.16533284079645, 36.7461984833629, 577.774918008861, 687.969071264877, 704.196133054812, 0.255827088111696, 0.287171644268504, 0.00828015424473863, 4.20075279978885, 42
760.06, 29.42, -31.28, 46.84, 0.28, 0.71, NA, 17.43, 78.12, 13.01, -0.42, 15, "all", 200, 577.139479121737, 0.324396003781815, 2.77732523714742, 35.2757471911797, 461.594066309237, 571.321433397593, 583.491781918375, 0.307853418065848, 0.341654996630326, 0.00863354840752056, 3.01642997912215, 42
560.04, 33.23, -19.33, 44.5, 0.39, 1.27, NA, 11.27, 63.83, 9.75, -0.88, 20, "all", 50, 313.635928601295, 0.394113598666059, 4.40032266724321, 37.5571270657819, 313.619217729532, 301.182753114327, 331.591379459282, 0.346633265419482, 0.438481708152893, 0.0234144864578286, 7.77600448824881, 42
739.09, 31.53, -28.43, 44.59, 0.32, 0.84, NA, 13.06, 73.02, 11.39, -0.52, 20, "all", 100, 493.231330377412, 0.331144740876693, 3.78562313101385, 36.5701310715068, 493.06836647707, 482.830366608096, 503.022394062844, 0.307803759433341, 0.355169313647729, 0.0119134321011629, 5.03712107615078, 42
658.2, 31.44, -29.54, 44.74, 0.3, 0.94, NA, 13.3, 74.28, 11.59, -0.64, 20, "all", 200, 445.38001222091, 0.323936189279045, 3.72020229949212, 36.5821521029007, 445.211916880524, 442.117353170111, 449.703657230969, 0.312725157072021, 0.335423545023365, 0.00580149100357427, 1.90324885739578, 42
609.5, 33.19, -Inf, 42.91, 0.12, 1.61, NA, 9.73, Inf, 17.04, -1.48, 25, "all", 50, 488.514082257071, 0.144560799299526, 5.85647931323108, 38.3513973053094, 537.671901634356, 476.999221397844, 501.713589717489, 0.12116003784054, 0.170004674694088, 0.0123034331127319, 6.28676361387107, 42
732.05, 31.9, -Inf, 44.39, 0.24, 0.86, NA, 12.49, Inf, 13.06, -0.62, 25, "all", 100, 531.844751808967, 0.247240321904842, 4.10709290448428, 37.3601507614947, 625.597062089246, 523.568794608603, 539.35644762897, 0.23186580155623, 0.265017957911078, 0.00872977082178481, 4.11880727877587, 42
710.95, 33.48, -Inf, 44.13, 0.2, 1.21, NA, 10.65, Inf, 13.64, -1.01, 25, "all", 200, 512.851741658832, 0.212494744260997, 5.03535466357048, 38.5910394864199, 590.407785191302, 507.210505084855, 518.633336543145, 0.201174652560092, 0.22408809076634, 0.00586127151851817, 2.89825567734779, 42
786.45, 29.36, -39.8, 46.04, 0.26, 0.69, NA, 16.68, 85.84, 13.9, -0.43, 15, "all", 50, 620.979380575372, 0.272198687572643, 2.94228772989864, 35.6086396397583, 514.922458111151, 614.208468333041, 627.674660443274, 0.257376794250957, 0.28997478285556, 0.00831047603851023, 3.57609047704548, 43
925.45, 30.66, -38.92, 46.36, 0.24, 0.84, NA, 15.7, 85.28, 13.6, -0.6, 15, "all", 100, 693.856168548852, 0.272079956336471, 3.16247653346837, 36.7294129421464, 575.535145484408, 685.773823553309, 701.070582007527, 0.256368081626083, 0.289827205789606, 0.00854115026061905, 4.0189939747139, 43
758.39, 29.41, -31, 46.79, 0.29, 0.71, NA, 17.38, 77.8, 12.96, -0.43, 15, "all", 200, 574.966242414265, 0.32631753311963, 2.78302428016089, 35.2435274842502, 459.250770812448, 569.620798849325, 581.393284584029, 0.309223125063973, 0.344439429264496, 0.00894788153551476, 2.97801327912857, 43
554.77, 33.26, -19.28, 44.48, 0.4, 1.28, NA, 11.21, 63.76, 9.73, -0.88, 20, "all", 50, 309.962620684169, 0.394297284534864, 4.42585327614686, 37.5743833414213, 309.947164429218, 297.664970776665, 328.028618298968, 0.347786352719816, 0.43980664939507, 0.0232880407695892, 7.54544687698533, 43
735.57, 31.54, -28.48, 44.65, 0.32, 0.83, NA, 13.12, 73.13, 11.41, -0.52, 20, "all", 100, 491.221015278948, 0.330805163983786, 3.76898898509605, 36.5883011624206, 491.054285963322, 481.329410611693, 501.689472387278, 0.30573346235592, 0.355577546914069, 0.0125395669571906, 5.22289646836008, 43
655.87, 31.45, -29.4, 44.69, 0.3, 0.94, NA, 13.24, 74.1, 11.56, -0.64, 20, "all", 200, 443.024849106462, 0.324785202922214, 3.73686707781371, 36.571259388391, 442.862644857467, 440.051334473233, 447.065710838525, 0.314651036352419, 0.334570849118669, 0.00552595342183343, 1.82034950132506, 43
605.11, 33.15, -Inf, 42.91, 0.12, 1.61, NA, 9.76, Inf, 16.97, -1.49, 25, "all", 50, 484.585638746938, 0.14559347437147, 5.8258666821193, 38.3258735364295, 533.711616675347, 472.530735080036, 497.710503349479, 0.121981165215355, 0.172781773453097, 0.0129937379965342, 6.53981776612019, 43
725.88, 31.94, -Inf, 44.38, 0.24, 0.85, NA, 12.43, Inf, 13.1, -0.61, 25, "all", 100, 527.81799505972, 0.245175996417639, 4.13193336311474, 37.4048635873877, 620.07345921543, 520.327777910058, 535.113947407575, 0.229135432488828, 0.262258943428668, 0.0086178914171895, 3.85320306909228, 43
706.42, 33.49, -Inf, 44.15, 0.2, 1.19, NA, 10.67, Inf, 13.71, -1, 25, "all", 200, 510.69503190539, 0.210990984425859, 5.03310371433615, 38.6110978641349, 587.339428903535, 504.566062319219, 516.307951523993, 0.199604492791326, 0.222421291400142, 0.00590091010280498, 2.90544598793471, 43
780.59, 29.4, -Inf, 45.99, 0.25, 0.69, NA, 16.59, Inf, 14.01, -0.43, 15, "all", 50, 617.597900870457, 0.267456151230991, 2.96386580197405, 35.677623471575, 513.804028660594, 610.843429970084, 624.0688005117, 0.25120242791307, 0.283960021061999, 0.00813564735218567, 3.48200562969716, 44
922.3, 30.68, -39.08, 46.32, 0.24, 0.84, NA, 15.64, 85.4, 13.6, -0.6, 15, "all", 100, 691.516483853115, 0.271140287932392, 3.17636632127825, 36.7410358457132, 573.967923785282, 683.279144564138, 700.143913625557, 0.25545392970822, 0.28784430151749, 0.00838746500924923, 4.19437188106047, 44
755.95, 29.41, -30.97, 46.83, 0.29, 0.71, NA, 17.42, 77.8, 12.97, -0.43, 15, "all", 200, 573.083068732073, 0.326599837666808, 2.77708742065932, 35.2489618233043, 457.653791765384, 567.296180983891, 579.231156797831, 0.309808020691301, 0.343344778084871, 0.00885889287546109, 3.05558869629783, 44
550.69, 33.26, -19.51, 44.51, 0.39, 1.27, NA, 11.25, 64.02, 9.77, -0.88, 20, "all", 50, 308.82109226955, 0.392255653589173, 4.41080913986459, 37.5849368154687, 308.805254425484, 296.644495834722, 327.064593194649, 0.343612371332698, 0.439097718973168, 0.0242879564335702, 7.58447586405377, 44
732.74, 31.55, -28.25, 44.62, 0.32, 0.84, NA, 13.07, 72.87, 11.36, -0.52, 20, "all", 100, 488.062887781267, 0.332357878782058, 3.78132960048222, 36.5779764945189, 487.900742056474, 478.295899658486, 498.403787904068, 0.308139149179886, 0.357865600758449, 0.0122647592783188, 5.1796647560185, 44
653.41, 31.45, -29.37, 44.72, 0.3, 0.94, NA, 13.26, 74.09, 11.56, -0.64, 20, "all", 200, 441.32921788361, 0.325021671052593, 3.72922714074946, 36.5748180415767, 441.165263614968, 438.2469161694, 445.338296673951, 0.313808626898681, 0.335093667290422, 0.00549423110102845, 1.85031515653527, 44
600.15, 33.14, -Inf, 42.97, 0.13, 1.6, NA, 9.83, Inf, 16.87, -1.47, 25, "all", 50, 479.725757491169, 0.147157761839621, 5.77029645831207, 38.3298428111436, 528.90479800002, 467.961907369698, 492.512171847072, 0.123105632914883, 0.173012706223098, 0.012872389541147, 6.2116536577105, 44
720.47, 31.98, -Inf, 44.36, 0.23, 0.84, NA, 12.37, Inf, 13.16, -0.6, 25, "all", 100, 524.83157160315, 0.242518452472268, 4.16065362811257, 37.4457053803839, 615.541524549885, 516.351217090122, 532.228953468816, 0.224851354645855, 0.261797449060173, 0.00934185706980922, 4.13561914931448, 44
704.04, 33.52, -Inf, 44.1, 0.2, 1.2, NA, 10.58, Inf, 13.68, -1.01, 25, "all", 200, 508.296227526795, 0.211028013258632, 5.08072509673461, 38.6123131206644, 584.603849190422, 502.214856006298, 514.178645172761, 0.199949040583813, 0.222777430646605, 0.00582469503527241, 3.05296240637414, 44
775.12, 29.5, -Inf, 45.82, 0.25, 0.68, NA, 16.32, Inf, 14.07, -0.43, 15, "all", 50, 612.773328548486, 0.262344558003008, 3.02211703925406, 35.7741640645431, 511.613159926019, 605.792263052351, 619.841758215793, 0.24768208081143, 0.279258837575644, 0.00834929913026724, 3.5122030682083, 45
920.19, 30.7, -38.93, 46.29, 0.24, 0.84, NA, 15.6, 85.22, 13.56, -0.6, 15, "all", 100, 688.846639864245, 0.27188238642716, 3.18466486988335, 36.7414058665763, 571.462326748468, 680.080266290785, 696.822571226086, 0.255297894272124, 0.288724795381846, 0.00829875129487021, 4.19220902817434, 45
753.57, 29.38, -30.74, 46.95, 0.29, 0.71, NA, 17.58, 77.7, 12.98, -0.42, 15, "all", 200, 571.920348014009, 0.328455086587832, 2.75062930489382, 35.2208086070955, 456.119363685341, 566.150922213966, 578.040434995948, 0.31164053922396, 0.346418556360079, 0.00886205752577551, 2.99581135998339, 45
546.86, 33.27, -19.34, 44.54, 0.39, 1.28, NA, 11.27, 63.88, 9.76, -0.89, 20, "all", 50, 305.782378997808, 0.393795976687279, 4.40322984630558, 37.5981639315374, 305.766539765352, 294.05068002308, 323.35610564927, 0.346876223944758, 0.442095364465478, 0.0233555641769084, 7.4115227390385, 45
730.2, 31.57, -28.28, 44.44, 0.32, 0.85, NA, 12.86, 72.71, 11.29, -0.53, 20, "all", 100, 485.32435952939, 0.331843848504261, 3.84720885312932, 36.562921486212, 485.18313187054, 475.448782342772, 495.807283107749, 0.306721145807886, 0.357453410804633, 0.0126019695023609, 5.13075810222024, 45
651.04, 31.48, -29.39, 44.67, 0.3, 0.94, NA, 13.18, 74.06, 11.54, -0.64, 20, "all", 200, 439.069615921412, 0.324723079784638, 3.75418228204845, 36.5896955417409, 438.915935852628, 436.192032209423, 442.854764856323, 0.313992213298408, 0.33530879167022, 0.00547766354846653, 1.70423773612208, 45
594.06, 33.13, -Inf, 43, 0.13, 1.58, NA, 9.87, Inf, 17.02, -1.45, 25, "all", 50, 476.179232092902, 0.14552222051162, 5.75196955211433, 38.3469084851135, 524.424500345165, 465.207649541831, 489.497851521277, 0.121058607942971, 0.169776956184266, 0.0127354227708747, 6.25948074657971, 45
715.64, 32.02, -Inf, 44.21, 0.23, 0.85, NA, 12.19, Inf, 13.11, -0.62, 25, "all", 100, 520.826256961216, 0.241509398430804, 4.23266513060581, 37.4367584066849, 610.529846907795, 512.554834853795, 528.393998443284, 0.225279702032515, 0.259576683887864, 0.00897741877056591, 4.05142487348679, 45
700.68, 33.53, -Inf, 44.05, 0.2, 1.21, NA, 10.52, Inf, 13.66, -1.01, 25, "all", 200, 505.813652325408, 0.210672133513825, 5.11468084191049, 38.6068548132578, 581.616686182071, 499.988243749006, 511.48527474979, 0.199677817071732, 0.221734708085433, 0.00567263392667821, 2.91194207179151, 45
770.18, 29.55, -Inf, 45.72, 0.25, 0.69, NA, 16.16, Inf, 14.09, -0.44, 15, "all", 50, 608.788509383244, 0.259191609181287, 3.0580121215399, 35.826656689449, 509.403528833757, 602.202962103402, 615.618199815816, 0.243031864182721, 0.275012444722141, 0.00830974266643697, 3.46171413570814, 46
916.93, 30.72, -38.92, 46.24, 0.24, 0.84, NA, 15.51, 85.15, 13.53, -0.6, 15, "all", 100, 685.493333168496, 0.271799453454997, 3.20241796445433, 36.7514912131717, 568.716542941642, 677.410845445577, 693.675728630525, 0.255759895837047, 0.287835728090191, 0.00805130236330502, 4.07872874122451, 46
752.07, 29.41, -30.65, 46.88, 0.29, 0.71, NA, 17.48, 77.53, 12.94, -0.42, 15, "all", 200, 569.497248397867, 0.328949442219615, 2.76635426338959, 35.2281958558486, 454.04644598392, 563.70873243995, 575.910296330315, 0.312432480845947, 0.346325102048258, 0.00855395428829787, 3.0726875766128, 46
542.06, 33.29, -19.79, 44.54, 0.39, 1.28, NA, 11.24, 64.33, 9.81, -0.89, 20, "all", 50, 304.637088897295, 0.389466627794875, 4.4181918723005, 37.6335890512489, 304.622113515704, 293.95969219346, 321.857042625628, 0.344731917432962, 0.435379817024728, 0.0232087279384063, 7.41213951336127, 46
726.86, 31.59, -27.95, 44.48, 0.32, 0.84, NA, 12.89, 72.43, 11.25, -0.52, 20, "all", 100, 481.560942000923, 0.334116081317296, 3.83734278792559, 36.5707801286354, 481.418374420567, 471.532062663242, 491.671789372931, 0.309600281848972, 0.361117121938716, 0.0127521646023236, 5.23808749240776, 46
648.87, 31.49, -29.25, 44.66, 0.3, 0.94, NA, 13.17, 73.91, 11.52, -0.64, 20, "all", 200, 436.92801740308, 0.325650175555245, 3.75708447770777, 36.5897815361201, 436.776030374043, 433.907956700665, 440.849443936423, 0.315141134131842, 0.336285293338794, 0.00557329805826995, 1.78124484025211, 46
590.47, 33.16, -Inf, 42.99, 0.12, 1.58, NA, 9.82, Inf, 17.02, -1.45, 25, "all", 50, 473.067029006265, 0.145291263067289, 5.78728312509376, 38.3656493317852, 520.919598392676, 461.234961629257, 486.168274768028, 0.122184829262048, 0.172779921285902, 0.0129731827474933, 6.39978215900023, 46
710.46, 32.04, -Inf, 44.24, 0.23, 0.84, NA, 12.2, Inf, 13.14, -0.61, 25, "all", 100, 517.286522884105, 0.240822380241473, 4.22830272125088, 37.4638861097968, 606.109815028258, 509.252631437808, 525.691948324545, 0.223914524698874, 0.258598159737279, 0.00917118700951384, 4.2114627172727, 46
697.8, 33.52, -Inf, 44.06, 0.2, 1.21, NA, 10.54, Inf, 13.67, -1.01, 25, "all", 200, 503.791813949714, 0.210854218943892, 5.10297617690937, 38.6018985757179, 579.359587691637, 498.593162875771, 509.504769341258, 0.19949008819866, 0.221649683690641, 0.00572088914157257, 2.85612737764533, 46
765.37, 29.63, -Inf, 45.53, 0.24, 0.69, NA, 15.9, Inf, 14.09, -0.44, 15, "all", 50, 604.409841680677, 0.25554741123272, 3.11605307385378, 35.8831364859047, 507.02748938344, 597.812778036309, 611.229447322154, 0.240015094995453, 0.272757060759659, 0.00836009540630491, 3.43968281887675, 47
913.7, 30.75, -39.26, 46.18, 0.24, 0.84, NA, 15.43, 85.44, 13.55, -0.6, 15, "all", 100, 683.540744554732, 0.269849282855791, 3.22390078455888, 36.7729767201705, 567.860969673959, 675.462211477032, 691.714457326014, 0.253234206795805, 0.287579634788927, 0.00843142909734128, 4.23800458915906, 47
750.74, 29.41, -30.39, 46.86, 0.29, 0.71, NA, 17.45, 77.25, 12.9, -0.42, 15, "all", 200, 567.468385702323, 0.330737877823559, 2.76952869052848, 35.2111021854204, 451.874393702031, 561.502213857528, 573.147911558619, 0.313994427481788, 0.348455524425709, 0.0088904691486684, 2.96603612142951, 47
537.06, 33.26, -19.52, 44.5, 0.39, 1.29, NA, 11.24, 64.03, 9.77, -0.9, 20, "all", 50, 301.079653697253, 0.392081615427319, 4.41746763128095, 37.5916379335919, 301.064495405949, 288.547883110161, 317.454418217928, 0.34656522965038, 0.436179331300575, 0.0230078022693453, 7.1949729781534, 47
722.7, 31.55, -27.76, 44.65, 0.32, 0.83, NA, 13.1, 72.41, 11.31, -0.5, 20, "all", 100, 479.388553936549, 0.335928507690642, 3.76937764134885, 36.5643186633451, 479.224188243022, 469.812896947463, 489.932067856705, 0.31329630674325, 0.360573154242465, 0.0125282198607996, 5.14718627950947, 47
646.28, 31.51, -29.26, 44.6, 0.3, 0.95, NA, 13.09, 73.86, 11.5, -0.65, 20, "all", 200, 434.697657693218, 0.325442089918897, 3.78278207236772, 36.5910914506646, 434.554545449737, 432.02998265132, 438.641019374488, 0.314349336485355, 0.335421997155228, 0.00535513171624001, 1.74870401722752, 47
586.75, 33.18, -Inf, 43, 0.13, 1.57, NA, 9.82, Inf, 16.88, -1.44, 25, "all", 50, 468.644529149364, 0.14711735316036, 5.7795407482793, 38.3707294404002, 516.675204538992, 457.02102360283, 481.399763300208, 0.122286848058623, 0.173263051129764, 0.0132693406297273, 6.37688382996641, 47
703.42, 32.1, -Inf, 44.18, 0.23, 0.84, NA, 12.08, Inf, 13.25, -0.61, 25, "all", 100, 514.116470056563, 0.236012393597774, 4.28690717070199, 37.5174289699038, 600.567015279211, 506.36263164259, 522.729065167268, 0.217355676341875, 0.252427204719482, 0.0088307963142417, 4.16220117310754, 47
694.78, 33.54, -Inf, 44.03, 0.2, 1.21, NA, 10.49, Inf, 13.64, -1.01, 25, "all", 200, 501.258581120111, 0.210938377023071, 5.12812121938291, 38.5986862796209, 576.482546706848, 495.495418966479, 506.674978603808, 0.201205551743545, 0.223449605020248, 0.00584841728206508, 2.91196309743899, 47
759.31, 29.64, -Inf, 45.54, 0.24, 0.69, NA, 15.89, Inf, 14.17, -0.45, 15, "all", 50, 600.955295514259, 0.25256542765748, 3.1216712236989, 35.9212713538324, 505.165966113614, 594.254133334814, 607.445206225562, 0.237903347430741, 0.268906261019798, 0.00810300877918048, 3.40543904603622, 48
910.71, 30.76, -39.19, 46.12, 0.24, 0.85, NA, 15.36, 85.31, 13.51, -0.61, 15, "all", 100, 680.446913699129, 0.270165772207279, 3.23814683867294, 36.770904894509, 565.170285587466, 672.092505154312, 688.389928336426, 0.253796355661202, 0.287925021302472, 0.00866318318137745, 4.20849512358785, 48
748.25, 29.43, -30.43, 46.83, 0.29, 0.71, NA, 17.4, 77.25, 12.89, -0.42, 15, "all", 200, 565.125514803034, 0.330376671137299, 2.77859061923757, 35.2231685386477, 450.128722245236, 559.783491022784, 571.090925013356, 0.312997086390514, 0.349068910020187, 0.00907520568618437, 3.00597977595159, 48
532.71, 33.28, -19.62, 44.59, 0.39, 1.28, NA, 11.31, 64.21, 9.81, -0.89, 20, "all", 50, 299.04455393376, 0.39119689824933, 4.38688164747975, 37.6257770960107, 299.0287178026, 287.469628704677, 315.736027766625, 0.345388687291009, 0.435813919348013, 0.0233604594027864, 7.25472129657563, 48
719.8, 31.56, -27.67, 44.68, 0.32, 0.82, NA, 13.13, 72.35, 11.31, -0.5, 20, "all", 100, 477.012224202761, 0.336532271111791, 3.76100276254691, 36.5764268530129, 476.84666343939, 466.487966014582, 486.338983493763, 0.313285129946129, 0.361789979718981, 0.0125609944341101, 5.00423939196086, 48
644.14, 31.53, -29.08, 44.58, 0.3, 0.95, NA, 13.06, 73.66, 11.47, -0.65, 20, "all", 200, 432.272357691301, 0.326606361279247, 3.79129760362933, 36.5929695516535, 432.132709135162, 429.426695728669, 436.261052561562, 0.315975810104595, 0.337351490303032, 0.00551345308287493, 1.80499774101903, 48
581.2, 33.18, -Inf, 43.03, 0.13, 1.55, NA, 9.84, Inf, 16.94, -1.43, 25, "all", 50, 464.736172294781, 0.146399716726497, 5.76791614642703, 38.3864895624036, 512.12204285823, 452.892335131542, 478.012657926871, 0.123099439503423, 0.174107090303297, 0.0132458471444887, 6.45836817226943, 48
697.28, 32.12, -Inf, 44.18, 0.23, 0.82, NA, 12.06, Inf, 13.34, -0.59, 25, "all", 100, 511.047925897747, 0.233276596355105, 4.30323297483079, 37.5500548822709, 595.929417919581, 502.62323867517, 519.139328517727, 0.214847149858678, 0.25175230485299, 0.0091513629453528, 4.22843489866699, 48
691.35, 33.54, -Inf, 44.05, 0.2, 1.2, NA, 10.51, Inf, 13.67, -1, 25, "all", 200, 499.264308241871, 0.21040781375501, 5.1177744568964, 38.6075640905073, 573.985689241706, 493.4635783288, 504.832032044052, 0.19945712366693, 0.222893918444065, 0.0057749314632963, 2.92944721569568, 48
754.65, 29.73, -Inf, 45.33, 0.24, 0.69, NA, 15.6, Inf, 14.16, -0.45, 15, "all", 50, 596.603647776264, 0.248632605503049, 3.19048789423908, 35.9817884888043, 502.883464869308, 589.40809186673, 602.878717322129, 0.233610143016745, 0.265469025951364, 0.00786455371984685, 3.45895664556354, 49
907.14, 30.78, -39.52, 46.09, 0.24, 0.85, NA, 15.31, 85.61, 13.54, -0.61, 15, "all", 100, 678.474725888085, 0.268376286269412, 3.25160517112504, 36.7912343327042, 564.227783838438, 669.57760643794, 686.225488446015, 0.253108227348951, 0.284934414275997, 0.00829157169614638, 4.16617485880753, 49
746.7, 29.43, -30.32, 46.82, 0.29, 0.71, NA, 17.39, 77.14, 12.87, -0.42, 15, "all", 200, 563.544230512131, 0.331108562354215, 2.77959423994984, 35.2168885330415, 448.643830055712, 557.839649103633, 570.243389578228, 0.314707863481168, 0.348147625511971, 0.00867931983419422, 3.10934761435053, 49
528.05, 33.33, -20.01, 44.6, 0.39, 1.27, NA, 11.28, 64.61, 9.86, -0.88, 20, "all", 50, 297.298801196981, 0.387305003998228, 4.40876282440664, 37.6840058986308, 297.284267020006, 285.861928133341, 314.041606168442, 0.342811621511048, 0.431613719204758, 0.0227137369551634, 7.15687465778294, 49
717.29, 31.58, -27.46, 44.63, 0.33, 0.83, NA, 13.05, 72.09, 11.25, -0.5, 20, "all", 100, 473.879108835643, 0.337883681277286, 3.78341789228415, 36.57249427269, 473.721976382592, 463.884402443458, 483.960564178526, 0.313684221820887, 0.363037266486598, 0.012868740972281, 5.24881967293774, 49
642.16, 31.52, -28.8, 44.61, 0.3, 0.95, NA, 13.08, 73.4, 11.44, -0.64, 20, "all", 200, 430.038089728328, 0.328628716417426, 3.78201148589099, 36.5822732922513, 429.895707292101, 427.352514902073, 434.249767974772, 0.316945020119322, 0.338719111618858, 0.00551696421226885, 1.81869149891751, 49
577.77, 33.15, -Inf, 43.03, 0.13, 1.56, NA, 9.88, Inf, 16.94, -1.44, 25, "all", 50, 462.19306408741, 0.146545723731792, 5.7425513328968, 38.3709866867779, 509.367186489222, 450.953041058575, 474.520755034423, 0.122358674219572, 0.17248156526007, 0.012776865937423, 6.07245943166787, 49
692.15, 32.13, -Inf, 44.11, 0.22, 0.82, NA, 11.98, Inf, 13.38, -0.6, 25, "all", 100, 508.32419450839, 0.231024965943371, 4.34045198434242, 37.5561728818082, 591.909076085597, 500.474676971657, 516.629666969457, 0.213316688005864, 0.249593077279342, 0.00881920832388657, 4.20080265322404, 49
688.41, 33.56, -Inf, 43.99, 0.2, 1.21, NA, 10.44, Inf, 13.65, -1.02, 25, "all", 200, 496.968042816212, 0.210089987445512, 5.15806933963003, 38.6033685268101, 571.23137378834, 491.613224086896, 502.255941700053, 0.199618371129532, 0.221345760438251, 0.00578852725007836, 2.82256611608156, 49
749.08, 29.81, -Inf, 45.22, 0.24, 0.69, NA, 15.41, Inf, 14.21, -0.45, 15, "all", 50, 592.265765894327, 0.244610277406399, 3.23929895015254, 36.0529517163462, 500.620015522188, 585.997092719015, 599.475887143684, 0.22894949728653, 0.260561000018336, 0.00816442128817735, 3.47286324285974, 50
903.2, 30.81, -39.53, 46.02, 0.24, 0.85, NA, 15.21, 85.55, 13.5, -0.61, 15, "all", 100, 674.458419945954, 0.26813694007023, 3.27637075557932, 36.8038701910197, 560.984051393909, 665.885355210092, 682.603568116476, 0.252541524938617, 0.284691287106624, 0.00839779765556022, 4.32013765910242, 50
744.01, 29.43, -30.12, 46.83, 0.29, 0.71, NA, 17.4, 76.95, 12.85, -0.42, 15, "all", 200, 560.812499531468, 0.332586755846905, 2.77740162872787, 35.2072224340076, 446.013469761325, 555.3113058766, 566.333463252616, 0.314356397372791, 0.349713613585816, 0.00928351348757392, 2.90470929347925, 50
519.49, 33.32, -20.48, 44.53, 0.38, 1.29, NA, 11.2, 65.01, 9.89, -0.9, 20, "all", 50, 294.173351784139, 0.382982006407345, 4.44323210457724, 37.6853927238185, 294.160054049355, 282.120646903298, 309.905969271551, 0.337397440497022, 0.427305474915107, 0.0233358640574229, 7.2868490940016, 50
713.66, 31.56, -26.37, 44.76, 0.33, 0.82, NA, 13.2, 71.13, 11.17, -0.49, 20, "all", 100, 467.758117862509, 0.346308298196211, 3.72950525631023, 36.5308904389609, 467.580973252211, 457.773169528377, 477.938904655481, 0.320638913744143, 0.37137818935756, 0.0132324304521087, 5.2846392925654, 50
638.93, 31.52, -28.9, 44.59, 0.3, 0.95, NA, 13.07, 73.49, 11.45, -0.64, 20, "all", 200, 428.176526830005, 0.327910312420093, 3.78637023453149, 36.5855725281105, 428.036275410803, 425.022719964525, 432.143316604115, 0.317911456652791, 0.338866384276847, 0.00530055143388073, 1.80676162162328, 50
572.78, 33.17, -Inf, 43.06, 0.13, 1.55, NA, 9.89, Inf, 16.85, -1.43, 25, "all", 50, 457.230030216227, 0.147760222482896, 5.73181857044132, 38.3838116271426, 504.303585132966, 446.494012279871, 469.057091413155, 0.124380400280717, 0.172522397112856, 0.0127138353478759, 5.75436232769257, 50
686.24, 32.16, -Inf, 44.05, 0.22, 0.82, NA, 11.89, Inf, 13.38, -0.6, 25, "all", 100, 504.025695459289, 0.22990971997288, 4.37962943491456, 37.5673103484846, 586.511061213284, 496.072377624282, 512.918227962822, 0.212272691175254, 0.248623890807612, 0.00933086496638443, 4.36964900192001, 50
685.17, 33.61, -Inf, 43.84, 0.2, 1.24, NA, 10.23, Inf, 13.58, -1.04, 25, "all", 200, 494.155384732932, 0.209158426978494, 5.28124997144539, 38.5863117577668, 567.663431143638, 488.554553102558, 499.981413936462, 0.198008671879693, 0.220378387544156, 0.00574225376787631, 2.95673315718126, 50
742.8, 29.79, -Inf, 45.26, 0.23, 0.69, NA, 15.46, Inf, 14.29, -0.46, 15, "all", 50, 588.691092371101, 0.24287415420615, 3.22960131899698, 36.0675247454989, 498.190586782308, 581.891222937199, 595.566108188274, 0.226198186911518, 0.259322535404401, 0.00839890236265011, 3.44824892947444, 51
900.63, 30.83, -39.48, 45.99, 0.24, 0.85, NA, 15.16, 85.47, 13.48, -0.61, 15, "all", 100, 671.833174606376, 0.268319617528012, 3.28725452591924, 36.8081505887968, 558.732067903623, 663.441001185672, 680.602916065042, 0.25196270794288, 0.285145424998098, 0.00856766114050171, 4.2440614399021, 51
741.89, 29.42, -30.05, 46.84, 0.29, 0.71, NA, 17.42, 76.89, 12.84, -0.41, 15, "all", 200, 559.210893945413, 0.333149922684279, 2.77438976112066, 35.1965488241642, 444.564366330735, 553.769264459869, 565.2760206639, 0.317341857284949, 0.351001927236475, 0.00867282327544154, 2.98286174463481, 51
516.97, 33.34, -20.64, 44.55, 0.38, 1.28, NA, 11.21, 65.2, 9.92, -0.9, 20, "all", 50, 293.163844856222, 0.381465363049367, 4.44180748475717, 37.712868383966, 293.150743547359, 281.595340354441, 309.299408564599, 0.337244186985137, 0.427174159038532, 0.0228538145106502, 7.0187870073897, 51
710.86, 31.57, -26.83, 44.65, 0.33, 0.83, NA, 13.09, 71.48, 11.19, -0.5, 20, "all", 100, 467.326593900639, 0.342686016266195, 3.76709641545791, 36.5383591278379, 467.163673606677, 457.593687114106, 477.654822086411, 0.31694685749353, 0.370035404720191, 0.0136437018335212, 5.09916675347507, 51
636.76, 31.54, -28.87, 44.58, 0.3, 0.95, NA, 13.04, 73.44, 11.43, -0.64, 20, "all", 200, 426.377770823307, 0.32803692915905, 3.79497997975991, 36.5896225738825, 426.240887310588, 423.304061239434, 430.436486065159, 0.316656669071992, 0.339564136089451, 0.00583278491951664, 1.81614678378363, 51
568.48, 33.13, -Inf, 43.13, 0.13, 1.53, NA, 10, Inf, 16.85, -1.4, 25, "all", 50, 453.884270047883, 0.148372177290616, 5.65531607934176, 38.3860232217035, 500.812062616746, 442.307834215125, 466.446358130706, 0.120554318732125, 0.176358992441596, 0.0136745531695879, 6.19211816586627, 51
680.91, 32.2, -Inf, 44.04, 0.22, 0.81, NA, 11.83, Inf, 13.44, -0.59, 25, "all", 100, 500.828217012411, 0.227741945145281, 4.40862070221494, 37.6033537545024, 581.98947992793, 492.979746330354, 508.827066746219, 0.209322925975963, 0.247234529763235, 0.00948291184970884, 4.11954861475403, 51
682.72, 33.61, -Inf, 43.82, 0.2, 1.24, NA, 10.21, Inf, 13.57, -1.05, 25, "all", 200, 492.284057112388, 0.209193807513757, 5.29049372790148, 38.5838889108251, 565.5280372253, 486.68009717388, 498.113847063513, 0.198084504640456, 0.220717646869287, 0.00581741779981839, 2.96671413931408, 51
738.18, 29.91, -Inf, 44.9, 0.23, 0.7, NA, 14.98, Inf, 14.27, -0.47, 15, "all", 50, 584.258280987759, 0.23742151292567, 3.34968951726019, 36.1209941927087, 496.314882803507, 577.602438134658, 590.884093471589, 0.222171065232947, 0.253424785619864, 0.00814069078689128, 3.29515886059292, 52
897.39, 30.84, -39.73, 45.94, 0.24, 0.85, NA, 15.1, 85.67, 13.49, -0.61, 15, "all", 100, 669.77612254389, 0.266974203787669, 3.30362172715893, 36.8200057126963, 557.538675935175, 661.201838706133, 677.595437029665, 0.251289733006332, 0.284006621455083, 0.0084526149651146, 4.18735031296542, 52
740.78, 29.42, -29.61, 46.88, 0.29, 0.71, NA, 17.47, 76.49, 12.8, -0.41, 15, "all", 200, 557.260246545177, 0.336474965981862, 2.76476471044413, 35.165557166522, 441.99256478581, 551.812910934597, 563.852861797879, 0.318906122320768, 0.354956669158178, 0.00923765373467314, 3.06498698876675, 52
514.61, 33.35, -20.24, 44.61, 0.38, 1.27, NA, 11.26, 64.84, 9.89, -0.88, 20, "all", 50, 290.286975994918, 0.385121385752052, 4.41893913633503, 37.7137772886067, 290.273323376769, 280.003171686884, 306.195030185312, 0.340038894428253, 0.424830490948736, 0.0219677302685321, 6.97831174144655, 52
707.78, 31.59, -26.76, 44.67, 0.33, 0.82, NA, 13.07, 71.43, 11.17, -0.49, 20, "all", 100, 464.558813916483, 0.343028676545738, 3.77115680602142, 36.5590439772524, 464.399749200583, 454.23796841677, 474.519222823228, 0.319758792869079, 0.371222126191528, 0.0128201841370143, 5.0428564751609, 52
634.58, 31.56, -28.73, 44.54, 0.3, 0.95, NA, 12.98, 73.27, 11.39, -0.64, 20, "all", 200, 423.936565574547, 0.328793184585492, 3.81432357457163, 36.5931580757284, 423.806144074402, 421.091491507426, 428.069688657114, 0.317528068235422, 0.339297129762061, 0.00557082251473626, 1.80297852162054, 52
564.58, 33.19, -Inf, 43.06, 0.13, 1.55, NA, 9.87, Inf, 16.8, -1.43, 25, "all", 50, 450.070332725078, 0.148416338390814, 5.73836461720926, 38.392222393819, 496.62353528972, 439.094037729524, 463.580170024098, 0.122813039344691, 0.175328687489531, 0.0135204343520673, 6.37706635556709, 52
676.47, 32.22, -Inf, 44.04, 0.22, 0.8, NA, 11.82, Inf, 13.5, -0.58, 25, "all", 100, 498.395003891471, 0.226141138950777, 4.41693331406035, 37.6245469092131, 578.560237014607, 490.074620278816, 506.862615310646, 0.208460581763065, 0.244673690888007, 0.00925408116423963, 4.19026089799004, 52
678.96, 33.62, -Inf, 43.83, 0.2, 1.24, NA, 10.21, Inf, 13.59, -1.05, 25, "all", 200, 489.918050797552, 0.20869165096339, 5.29292189665864, 38.5883238139479, 562.622972131365, 484.329381931321, 495.643537398114, 0.19812571269197, 0.220192937730552, 0.00557318312491575, 2.9105084532683, 52
733.46, 29.97, -Inf, 44.84, 0.23, 0.7, NA, 14.87, Inf, 14.3, -0.47, 15, "all", 50, 580.348301094803, 0.235358973041236, 3.38067870752635, 36.1665140921369, 493.697034402485, 573.793695636721, 587.649802161252, 0.219745877027743, 0.253088300686961, 0.00836063976292793, 3.48183979308439, 53
894.52, 30.86, -39.41, 45.93, 0.24, 0.85, NA, 15.07, 85.34, 13.44, -0.61, 15, "all", 100, 666.033708360701, 0.268552160898263, 3.30750921274201, 36.8182935951231, 553.823463324502, 657.468850563908, 674.297953566483, 0.251526985402423, 0.286143629616286, 0.00882025462736661, 4.33338016496429, 53
738.95, 29.44, -29.66, 46.78, 0.29, 0.71, NA, 17.34, 76.45, 12.77, -0.42, 15, "all", 200, 554.933895225414, 0.335810060931616, 2.78622078975809, 35.1822784261561, 440.366699883976, 549.281685976877, 561.366752054205, 0.318082611832327, 0.354149541874895, 0.00921818335251236, 3.06994571702907, 53
510.6, 33.35, -20.64, 44.67, 0.38, 1.26, NA, 11.32, 65.3, 9.96, -0.88, 20, "all", 50, 289.616231741796, 0.381595179307426, 4.39941089510595, 37.7456395879151, 289.602234970552, 278.290909436974, 305.238877904298, 0.337626333214221, 0.428261067311859, 0.0229651888498659, 6.88785586200051, 53
704.96, 31.6, -26.83, 44.67, 0.33, 0.82, NA, 13.06, 71.5, 11.17, -0.49, 20, "all", 100, 462.772116884502, 0.34245213246, 3.77472693475456, 36.5718916308167, 462.615775290058, 453.360752959647, 473.276692634672, 0.318357764586578, 0.368972171305271, 0.0134012517240738, 5.12163329658057, 53
631.96, 31.57, -28.66, 44.5, 0.3, 0.95, NA, 12.93, 73.16, 11.36, -0.65, 20, "all", 200, 421.666807410515, 0.329238956720768, 3.82838088919976, 36.5885375392512, 421.540622374861, 418.588598772776, 425.526698597939, 0.318118339697604, 0.340914393415367, 0.00572670516098881, 1.8006853221969, 53
560.48, 33.18, -Inf, 43.1, 0.13, 1.54, NA, 9.92, Inf, 16.71, -1.42, 25, "all", 50, 445.9546937862, 0.14983290279876, 5.70261636555926, 38.3958000050556, 492.543044924591, 434.785664991656, 458.607973017335, 0.122660898997181, 0.175687982046402, 0.0135897159642453, 6.27740946348503, 53
669.57, 32.27, -Inf, 44.02, 0.22, 0.79, NA, 11.75, Inf, 13.64, -0.57, 25, "all", 100, 495.245464411443, 0.221693746486979, 4.46041709939372, 37.6878836847371, 573.261679203325, 487.038384974137, 503.287265707331, 0.203972659503443, 0.240875721177345, 0.00925933216078047, 4.16540806951963, 53
676.12, 33.61, -Inf, 43.83, 0.2, 1.25, NA, 10.21, Inf, 13.56, -1.05, 25, "all", 200, 487.340617009407, 0.209440609686922, 5.28857523488261, 38.5830407613167, 559.940527336287, 481.447595956487, 493.081149147171, 0.197808699350721, 0.221583411884447, 0.00607341451683242, 2.92666445783285, 53
727.41, 30.01, -Inf, 44.81, 0.2, 1.2, NA, 14.8, Inf, 14.39, -1, 15, "all", 50, 576.575701757675, 0.231801156557109, 3.40550607403408, 36.2216264670356, 491.691346788479, 570.309728388877, 583.457189491842, 0.21646992058067, 0.248660951559387, 0.00820999753245876, 3.35557341782696, 54
890.85, 30.88, -39.75, 45.89, 0.24, 0.85, NA, 15.01, 85.64, 13.47, -0.61, 15, "all", 100, 664.019475849868, 0.266688093428338, 3.32413829570091, 36.8359065949925, 552.858269914504, 654.943609187954, 673.086090534639, 0.250064660640139, 0.283700186585385, 0.00837191495843116, 4.46922748904114, 54
737.45, 29.47, -29.65, 46.65, 0.3, 0.72, NA, 17.18, 76.3, 12.73, -0.42, 15, "all", 200, 552.516043676541, 0.335684830601683, 2.8127169350262, 35.187690534292, 438.505350391259, 547.637824838325, 558.444886645161, 0.318083589573337, 0.353549698746369, 0.00911143565150144, 2.84539895454877, 54
505.72, 33.34, -21.2, 44.72, 0.37, 1.26, NA, 11.38, 65.92, 10.05, -0.88, 20, "all", 50, 289.114082214451, 0.37669768296002, 4.38053323133477, 37.7777088144119, 289.09974480672, 278.089970704587, 305.358458718816, 0.334065136067311, 0.422510408460171, 0.02284347809414, 7.10061233516614, 54
701.41, 31.62, -26.84, 44.63, 0.33, 0.82, NA, 13.02, 71.47, 11.16, -0.49, 20, "all", 100, 460.107954880571, 0.342250619641147, 3.789496497486, 36.577145485712, 459.957659864088, 449.780060181602, 469.963614764672, 0.317257255616529, 0.369197816787024, 0.013438991610455, 5.13625885561709, 54
630.41, 31.58, -28.43, 44.45, 0.31, 0.96, NA, 12.87, 72.88, 11.31, -0.65, 20, "all", 200, 419.447811826704, 0.330740399883054, 3.84602589502783, 36.5793378153234, 419.326378626051, 416.173217666472, 423.791683051322, 0.319300820259286, 0.342751161036289, 0.00590067156824464, 1.90562194619678, 54
555.8, 33.16, -Inf, 43.12, 0.13, 1.54, NA, 9.96, Inf, 16.88, -1.42, 25, "all", 50, 443.811558585205, 0.14777734222791, 5.68804568216144, 38.4056760977124, 489.507164855279, 432.560790382987, 455.489118191413, 0.124064884841539, 0.177055026247742, 0.0133545545733615, 6.00574934265284, 54
664.13, 32.28, -Inf, 44.01, 0.22, 0.79, NA, 11.73, Inf, 13.69, -0.58, 25, "all", 100, 492.08582647253, 0.220138297714924, 4.47214331744463, 37.7003685917659, 569.028539187665, 484.479962852874, 500.569556646438, 0.202657906775108, 0.239988400277296, 0.00932669526049007, 4.15732256530676, 54
672.38, 33.61, -Inf, 43.84, 0.2, 1.24, NA, 10.23, Inf, 13.57, -1.04, 25, "all", 200, 484.802678410091, 0.209269476639368, 5.28169016565175, 38.5887575776342, 556.96067321801, 479.214878316534, 490.641063418706, 0.198677152849446, 0.220840276722192, 0.00595242275357991, 2.87832500665028, 54
723.46, 30.09, -Inf, 44.7, 0.2, 1.2, NA, 14.6, Inf, 14.41, -1, 15, "all", 50, 572.869550115378, 0.229207489628947, 3.460377772382, 36.2786667295366, 489.408161045146, 566.339707117452, 579.663383235227, 0.213692098157805, 0.24601403609598, 0.00821318734771388, 3.41625961326907, 55
887.36, 30.91, -39.98, 45.83, 0.24, 0.85, NA, 14.92, 85.81, 13.47, -0.61, 15, "all", 100, 661.20641670085, 0.265383809871403, 3.34757420496166, 36.8606170759638, 551.012676773911, 652.186869647633, 669.736050025857, 0.248783092504417, 0.283121035434708, 0.00879601730274639, 4.37254732570838, 55
734.59, 29.46, -29.63, 46.69, 0.3, 0.72, NA, 17.23, 76.33, 12.74, -0.42, 15, "all", 200, 550.6832092083, 0.335880012833558, 2.80416021747065, 35.1858543816177, 436.985971893814, 544.762900892666, 556.62699740076, 0.318924637357283, 0.354918790491077, 0.0091649720667571, 3.02243527833553, 55
502.77, 33.34, -21.28, 44.7, 0.37, 1.27, NA, 11.37, 65.98, 10.05, -0.89, 20, "all", 50, 287.802913463906, 0.376080180599048, 4.38447703704187, 37.7682513020402, 287.788697304148, 276.497528695529, 303.787775943686, 0.330597314656599, 0.423150376239924, 0.0233761519816458, 6.96552450479712, 55
698.6, 31.63, -26.64, 44.54, 0.33, 0.83, NA, 12.91, 71.18, 11.09, -0.49, 20, "all", 100, 456.863901910487, 0.343571843568427, 3.82213726110116, 36.5596282932552, 456.723500341703, 446.924644808406, 466.220306695405, 0.319219358605274, 0.371245284481789, 0.0130435507998428, 5.14279955602295, 55
628.01, 31.59, -28.33, 44.42, 0.31, 0.96, NA, 12.83, 72.75, 11.28, -0.65, 20, "all", 200, 417.206014512064, 0.331301322773368, 3.85926879946772, 36.5792351766538, 417.088564972847, 414.360277588631, 421.48205581331, 0.319691273353026, 0.341903800166191, 0.00563828768047481, 1.78654073778272, 55
551.69, 33.11, -Inf, 43.2, 0.13, 1.52, NA, 10.1, Inf, 16.8, -1.39, 25, "all", 50, 440.056406316475, 0.149501511474492, 5.58791844773878, 38.3966987123223, 485.914329700653, 428.780244721771, 452.601037854821, 0.125836758356093, 0.177612111016914, 0.0130627683662375, 6.00967033050751, 55
657.16, 32.35, -Inf, 43.98, 0.21, 0.77, NA, 11.64, Inf, 13.81, -0.56, 25, "all", 100, 488.244421540515, 0.216398100484891, 4.52364151567231, 37.7614012554818, 563.236796745215, 480.5414519058, 496.247468424343, 0.198843501151415, 0.236568516574267, 0.00943015532135962, 4.21437631363832, 55
668.89, 33.61, -Inf, 43.83, 0.2, 1.24, NA, 10.22, Inf, 13.58, -1.04, 25, "all", 200, 482.487380355614, 0.20905525316338, 5.28437214211345, 38.5844138393911, 554.222096414441, 477.215944758571, 488.496929547063, 0.197232432282498, 0.220993849782125, 0.00608219654396963, 2.86491759528892, 55
718.46, 30.14, -Inf, 44.65, 0.19, 1.2, NA, 14.52, Inf, 14.48, -1.01, 15, "all", 50, 569.469041076202, 0.226387012785066, 3.48860004810237, 36.326320790083, 487.449378367397, 562.563552807296, 576.138023786672, 0.210275336141491, 0.243160642468137, 0.00824406562220725, 3.41222975640662, 56
884.55, 30.93, -39.89, 45.79, 0.24, 0.85, NA, 14.87, 85.69, 13.44, -0.61, 15, "all", 100, 658.226293637481, 0.265750114252295, 3.36077029810862, 36.8626683917158, 548.392788089168, 649.269489071957, 665.768184367196, 0.250824400578366, 0.284090501751195, 0.00879645729675974, 4.27658127352908, 56
733.62, 29.47, -29.44, 46.69, 0.3, 0.72, NA, 17.22, 76.13, 12.71, -0.42, 15, "all", 200, 549.183730311404, 0.33730512780387, 2.80445351026488, 35.1765269306265, 435.369173713496, 543.677110753103, 554.968296851957, 0.320216717481434, 0.356603394555085, 0.00957064408377557, 2.96487183062774, 56
498.92, 33.38, -20.7, 44.75, 0.38, 1.25, NA, 11.38, 65.46, 10, -0.87, 20, "all", 50, 283.07940559394, 0.380920926199196, 4.37647672788619, 37.7876022304701, 283.065311429012, 272.649721213944, 300.103222732304, 0.333892119995496, 0.424190922106288, 0.0231762786237156, 6.85392671419939, 56
696.54, 31.64, -26.17, 44.59, 0.34, 0.82, NA, 12.95, 70.76, 11.05, -0.49, 20, "all", 100, 453.606685809294, 0.347109821633906, 3.80585474108977, 36.5537199914264, 453.462007596193, 443.925079688862, 464.117251260637, 0.32127685895884, 0.3720371764763, 0.0129285444269827, 5.1292676490432, 56
625.92, 31.61, -28.27, 44.43, 0.31, 0.96, NA, 12.82, 72.7, 11.27, -0.65, 20, "all", 200, 415.310793417131, 0.331658793529563, 3.86135626503358, 36.5935738122448, 415.195169600236, 412.235108079661, 419.407629148073, 0.320573534032702, 0.343068891908975, 0.00573144428994973, 1.85631416676237, 56
548.84, 33.13, -Inf, 43.22, 0.13, 1.51, NA, 10.09, Inf, 16.62, -1.38, 25, "all", 50, 436.087742637453, 0.151838238587757, 5.58186662387136, 38.3983555616552, 482.279037029457, 424.841188793517, 447.932020297355, 0.126342733646294, 0.179233007684149, 0.013397538273385, 6.06305694796109, 56
652.9, 32.39, -Inf, 43.9, 0.21, 0.78, NA, 11.5, Inf, 13.81, -0.57, 25, "all", 100, 484.981575545416, 0.215140946269309, 4.58480459129179, 37.7731314935223, 559.046461168439, 475.956790773881, 493.562555561526, 0.196747569206737, 0.234592285537482, 0.0097777205433676, 4.37104223078992, 56
665.69, 33.62, -Inf, 43.83, 0.2, 1.24, NA, 10.21, Inf, 13.59, -1.04, 25, "all", 200, 480.306796240345, 0.208654432552798, 5.29356385482275, 38.5933037139266, 551.572056579145, 475.082364449052, 486.774285050461, 0.19705006174374, 0.220512617568866, 0.00596672205010049, 2.96763377059881, 56
712.64, 30.21, -Inf, 44.51, 0.19, 1.2, NA, 14.3, Inf, 14.54, -1.01, 15, "all", 50, 565.348726511115, 0.222503236927307, 3.55282912055935, 36.3692383323419, 485.220229146001, 558.899268586548, 572.133648827494, 0.20768534670843, 0.238776151633929, 0.00802997158800434, 3.36052435891907, 57
880.86, 30.96, -Inf, 45.72, 0.24, 0.86, NA, 14.75, Inf, 13.43, -0.61, 15, "all", 100, 655.134528070848, 0.264488778429592, 3.39061548586693, 36.8818320455243, 546.293345489063, 646.257894474442, 663.797173515412, 0.248536235768084, 0.281225732664491, 0.00847367083653037, 4.35320830303045, 57
731.33, 29.47, -29.33, 46.71, 0.3, 0.71, NA, 17.24, 76.04, 12.7, -0.42, 15, "all", 200, 547.138608867546, 0.338106563624817, 2.80170356927203, 35.1726147157848, 433.506942037368, 541.554867322405, 553.793347118212, 0.319703398378921, 0.357619476319197, 0.00968815596544735, 3.1057236122728, 57
495.7, 33.36, -20.78, 44.82, 0.38, 1.24, NA, 11.46, 65.6, 10.03, -0.86, 20, "all", 50, 281.899167750809, 0.380403547161207, 4.34320172721565, 37.7912250525466, 281.884062829587, 270.324238561733, 297.332769007437, 0.336943903154526, 0.431257991144978, 0.0238512769354346, 6.92274276353532, 57
692.96, 31.65, -26.37, 44.62, 0.33, 0.82, NA, 12.97, 70.98, 11.08, -0.48, 20, "all", 100, 451.951148587663, 0.345582259306022, 3.8024817533092, 36.5776290202704, 451.807553645077, 442.0746869633, 462.740650044801, 0.320245967341633, 0.372227092917925, 0.0134642158220858, 5.17618694689438, 57
623.49, 31.62, -28.21, 44.41, 0.31, 0.96, NA, 12.79, 72.63, 11.25, -0.65, 20, "all", 200, 413.257383733109, 0.331957169548057, 3.87051742057502, 36.5971297504492, 413.144731535161, 410.297724876357, 417.305446146975, 0.319791438613955, 0.342588583743504, 0.00587802909034464, 1.83459802155314, 57
544.77, 33.15, -Inf, 43.2, 0.13, 1.52, NA, 10.05, Inf, 16.72, -1.39, 25, "all", 50, 433.595359226376, 0.150343402175243, 5.61635537368502, 38.411005615512, 479.049877177983, 423.479592377464, 446.414667473083, 0.126618190799647, 0.179677319467776, 0.0137674611997751, 5.98143623684772, 57
649.07, 32.43, -Inf, 43.89, 0.21, 0.77, NA, 11.46, Inf, 13.88, -0.56, 25, "all", 100, 482.872997110966, 0.213234388575669, 4.60887884638251, 37.8045687237476, 555.931852161106, 474.606412172256, 491.287584871332, 0.195472232107955, 0.232639011927256, 0.00963651051970488, 4.34330806224872, 57
662.3, 33.64, -Inf, 43.81, 0.2, 1.24, NA, 10.18, Inf, 13.57, -1.04, 25, "all", 200, 477.600774697273, 0.208659090931639, 5.31273349590267, 38.5967437324786, 548.468578471711, 472.001203955077, 483.561860382363, 0.197271868472604, 0.221047338869763, 0.00596163582019957, 2.94161903695503, 57
707.48, 30.21, -Inf, 44.53, 0.19, 1.2, NA, 14.32, Inf, 14.61, -1.01, 15, "all", 50, 562.204610288347, 0.220883161857508, 3.55025204384562, 36.3909082748186, 483.058881894901, 556.115973926852, 568.976372958442, 0.206376817423695, 0.237789719339244, 0.00815826983512643, 3.333295905997, 58
876.82, 30.97, -Inf, 45.7, 0.24, 0.86, NA, 14.73, Inf, 13.44, -0.61, 15, "all", 100, 652.467298388542, 0.263654203120007, 3.39698996668019, 36.8915717711322, 544.381904178286, 644.084083641827, 660.982417326902, 0.246547001001732, 0.28130313009229, 0.00875048376223866, 4.45354841417194, 58
730.03, 29.51, -29.16, 46.6, 0.3, 0.72, NA, 17.09, 75.76, 12.64, -0.42, 15, "all", 200, 544.201242489193, 0.339079794092672, 2.8266183091661, 35.1795340599447, 430.909216986813, 538.619163997792, 550.227232640973, 0.320421701345034, 0.358187157647495, 0.00962601796628241, 3.10133183513447, 58
489.05, 33.39, -21.55, 44.79, 0.37, 1.25, NA, 11.39, 66.34, 10.11, -0.88, 20, "all", 50, 280.325803136018, 0.373503001488264, 4.37757354297216, 37.844282019299, 280.312288977243, 268.530363047701, 296.66378297573, 0.328132709507353, 0.419937549381548, 0.0228039317045639, 6.86666740524902, 58
689.29, 31.64, -25.68, 44.72, 0.34, 0.81, NA, 13.08, 70.4, 11.03, -0.47, 20, "all", 100, 447.330177561202, 0.351074603074221, 3.76114185881391, 36.5530534240767, 447.173306086937, 437.64807626385, 457.454948389142, 0.324817172853648, 0.377958741975983, 0.0136741575647232, 5.1580128822954, 58
621.32, 31.62, -28, 44.43, 0.31, 0.96, NA, 12.81, 72.44, 11.23, -0.65, 20, "all", 200, 411.101930593345, 0.333488376136025, 3.86297180354239, 36.5927855122956, 410.987827758561, 408.266757750163, 415.443052871299, 0.321252329807432, 0.34474174882878, 0.00613905234861642, 1.81726243092161, 58
540.09, 33.14, -Inf, 43.15, 0.13, 1.55, NA, 10.01, Inf, 16.86, -1.43, 25, "all", 50, 431.123759658648, 0.148380596399188, 5.64932389409395, 38.4032357458305, 475.701025653853, 420.081826777395, 442.743149767722, 0.123811209927764, 0.17495380285222, 0.0133244933024261, 5.79647058193472, 58
643.5, 32.48, -Inf, 43.87, 0.21, 0.76, NA, 11.39, Inf, 13.91, -0.55, 25, "all", 100, 478.711512982381, 0.212069180564506, 4.64538380715117, 37.8363324490217, 550.739774414387, 470.7269151769, 487.035718501735, 0.193523350383233, 0.232923129396148, 0.00990049443436482, 4.18264726038447, 58
659.02, 33.64, -Inf, 43.82, 0.2, 1.24, NA, 10.18, Inf, 13.55, -1.04, 25, "all", 200, 474.800929610638, 0.209253480840764, 5.3060271816151, 38.5979478522321, 545.467703242854, 469.028946879173, 480.674484524767, 0.19811332334972, 0.221154311018128, 0.00619390347600038, 3.03202435611099, 58
702.37, 30.25, -Inf, 44.48, 0.19, 1.19, NA, 14.23, Inf, 14.69, -1.01, 15, "all", 50, 558.73914199826, 0.218159941528419, 3.58090985377052, 36.4334144849452, 480.982287549504, 552.647580060553, 565.943969276616, 0.20133627661506, 0.234330607867299, 0.00845234599175614, 3.39311113648193, 59
872.77, 31, -Inf, 45.65, 0.24, 0.86, NA, 14.64, Inf, 13.43, -0.61, 15, "all", 100, 649.00634117144, 0.262684784968732, 3.42096793954029, 36.9144322971088, 541.8574476668, 640.349209105517, 658.466110405882, 0.244222497406498, 0.281011687998572, 0.00935208396871849, 4.55204111280961, 59
728.4, 29.51, -29.15, 46.57, 0.3, 0.72, NA, 17.06, 75.72, 12.63, -0.42, 15, "all", 200, 542.855758926566, 0.33915457040069, 2.83119582882088, 35.1735636188782, 429.824255962863, 537.593738307257, 549.255623239156, 0.320889212624183, 0.35866425817167, 0.00975771586066277, 2.98408678777896, 59
486.01, 33.39, -21.98, 44.82, 0.37, 1.24, NA, 11.43, 66.8, 10.18, -0.88, 20, "all", 50, 280.090186299275, 0.369862456554596, 4.3682972067211, 37.8739320902177, 280.076608635928, 269.510113184542, 295.675691927709, 0.326671429323072, 0.410078819778965, 0.0225680216875199, 6.6090606026652, 59
685.81, 31.63, -25.72, 44.73, 0.34, 0.8, NA, 13.1, 70.45, 11.05, -0.46, 20, "all", 100, 445.308784031167, 0.350804060064032, 3.75718591655105, 36.5553893108412, 445.151476758088, 435.350103200957, 455.412001099731, 0.325338482949706, 0.378308850799882, 0.014329063675701, 5.30712924798587, 59
618.67, 31.65, -28.05, 44.38, 0.31, 0.96, NA, 12.73, 72.43, 11.2, -0.65, 20, "all", 200, 408.922021905814, 0.332944545419704, 3.89011840099374, 36.6038227730436, 408.815424423798, 405.947629022291, 413.06321277648, 0.321766724951045, 0.343995665562478, 0.00576728461652985, 1.83426258361222, 59
535.84, 33.14, -Inf, 43.2, 0.13, 1.54, NA, 10.06, Inf, 16.84, -1.41, 25, "all", 50, 427.485668209709, 0.148863740886506, 5.61849531452971, 38.4182489263771, 471.836464567996, 417.456341086549, 439.878425354791, 0.125033134179867, 0.17635343063695, 0.0132361070155318, 5.67926773776005, 59
638.68, 32.46, -Inf, 43.81, 0.21, 0.76, NA, 11.34, Inf, 14, -0.56, 25, "all", 100, 476.900256225583, 0.209403697845368, 4.67464638186993, 37.8246351347911, 547.698786803259, 469.172631159721, 485.7708738891, 0.191250757054163, 0.227886985392344, 0.00947664539663453, 4.2985881102334, 59
655.91, 33.64, -Inf, 43.79, 0.2, 1.25, NA, 10.14, Inf, 13.55, -1.06, 25, "all", 200, 472.758095623058, 0.208781987070376, 5.33159608760336, 38.5901562531719, 542.953418769002, 467.158026929992, 478.250299776084, 0.197628536877648, 0.220570956441158, 0.00604531867129496, 2.87687756493523, 59
696.55, 30.3, -Inf, 44.41, 0.19, 1.19, NA, 14.11, Inf, 14.75, -1.01, 15, "all", 50, 554.485718003083, 0.215545372302674, 3.62104211884245, 36.4708132916157, 478.181191349976, 547.94737243245, 561.539433506824, 0.202257308678127, 0.232328978555141, 0.00778676302753423, 3.38912808018295, 60
868.83, 31.06, -Inf, 45.53, 0.24, 0.86, NA, 14.47, Inf, 13.41, -0.62, 15, "all", 100, 645.278789498732, 0.261143397363531, 3.46718201141363, 36.9430374093055, 539.320102683863, 636.261230594606, 653.918657089704, 0.244375462169359, 0.280743068303823, 0.0090564024145353, 4.42192711580366, 60
726.2, 29.53, -29.11, 46.52, 0.3, 0.73, NA, 16.99, 75.63, 12.6, -0.43, 15, "all", 200, 540.441575569776, 0.339261230212928, 2.84321975734935, 35.1805492660999, 427.889674931093, 535.094513510471, 546.843252084785, 0.321003271629137, 0.358216103642164, 0.00946999776816573, 3.01837242749157, 60
481.71, 33.4, -22.1, 44.84, 0.36, 1.24, NA, 11.44, 66.94, 10.2, -0.88, 20, "all", 50, 277.950397833931, 0.368832235403239, 4.36666174625042, 37.8885051518478, 277.936976499506, 266.773950615447, 292.72551466803, 0.328356007264323, 0.416358863553782, 0.0227875143970209, 6.56848746555154, 60
683.72, 31.65, -25.38, 44.63, 0.34, 0.82, NA, 12.98, 70.01, 10.96, -0.48, 20, "all", 100, 441.838919297722, 0.353201299583199, 3.79214946938825, 36.5363983153, 441.692693867076, 432.362159593343, 451.987815606134, 0.328866128989456, 0.381211479118166, 0.0137464542987777, 5.28553449640997, 60
616, 31.64, -27.83, 44.4, 0.31, 0.96, NA, 12.75, 72.23, 11.18, -0.65, 20, "all", 200, 406.505333327756, 0.334566780384864, 3.88026743079587, 36.5954477604828, 406.396702881752, 403.633685846241, 410.787018563235, 0.322259352469314, 0.347230408651036, 0.00610196776048751, 1.88767596819568, 60
533.14, 33.16, -Inf, 43.2, 0.13, 1.53, NA, 10.04, Inf, 16.78, -1.4, 25, "all", 50, 424.649340382078, 0.14961438315305, 5.62676750819594, 38.4288014848029, 468.940215662693, 413.524169213094, 437.068669089967, 0.124072029661447, 0.177550249306903, 0.0138835622593458, 5.96661940350713, 60
633.49, 32.53, -Inf, 43.75, 0.19, 1.77, NA, 11.23, Inf, 13.94, -1.58, 25, "all", 100, 471.642324209624, 0.20990026169695, 4.72908824453199, 37.8464593637357, 541.867217021136, 463.106369986316, 480.151222609192, 0.191423601256057, 0.229656104662809, 0.00966581353951746, 4.36620472471871, 60
652.34, 33.66, -Inf, 43.78, 0.2, 1.25, NA, 10.12, Inf, 13.57, -1.06, 25, "all", 200, 470.452578783643, 0.208137882392947, 5.3454333562685, 38.5995515314257, 540.076520982166, 464.81022294555, 476.057266194258, 0.195152014607095, 0.220103009586271, 0.00613457710559769, 2.89369026334451, 60
692.36, 30.32, -Inf, 44.38, 0.19, 1.2, NA, 14.05, Inf, 14.77, -1.01, 15, "all", 50, 551.250373522037, 0.214386433180045, 3.6396062599687, 36.4913033907669, 475.770692114812, 543.959625084123, 558.021031198734, 0.198508053760855, 0.230246569970592, 0.00791737962252801, 3.50028380894005, 61
865.04, 31.11, -Inf, 45.47, 0.24, 0.86, NA, 14.36, Inf, 13.37, -0.62, 15, "all", 100, 640.913257950303, 0.26130535183335, 3.49703819370899, 36.961014961734, 535.614280060302, 632.064345555116, 650.004877975098, 0.242963829547065, 0.279248802644848, 0.009396142760364, 4.44832254240492, 61
724.35, 29.53, -28.94, 46.47, 0.3, 0.73, NA, 16.93, 75.41, 12.56, -0.43, 15, "all", 200, 538.079002463394, 0.340443130898622, 2.85247316138779, 35.1707126621375, 425.678437278504, 532.62784419562, 544.301513066699, 0.322659590729384, 0.358708336334517, 0.00953505003637401, 3.03663155645037, 61
479.11, 33.39, -22.26, 44.89, 0.36, 1.23, NA, 11.5, 67.15, 10.24, -0.87, 20, "all", 50, 277.321469134895, 0.367640684346797, 4.34040425803163, 37.8915995378252, 277.307276437178, 265.940943245827, 292.643532387432, 0.321020935507629, 0.4147714216872, 0.0243116924009296, 6.92084336750368, 61
680.03, 31.65, -25.43, 44.7, 0.34, 0.81, NA, 13.05, 70.12, 10.99, -0.47, 20, "all", 100, 439.921786293209, 0.352965432032763, 3.7698792787156, 36.5490895900896, 439.770062869255, 429.658968554201, 450.948932011367, 0.324825751607867, 0.383071028918186, 0.0142932997487286, 5.243360977696, 61
614.22, 31.66, -27.83, 44.34, 0.31, 0.96, NA, 12.67, 72.17, 11.15, -0.65, 20, "all", 200, 404.823357206137, 0.334383691424676, 3.90707330418309, 36.598377781524, 404.721293083897, 401.877977631205, 409.097821558025, 0.322893823024378, 0.346662033219079, 0.00601393626163751, 1.83421839598486, 61
529.71, 33.11, -Inf, 43.27, 0.13, 1.52, NA, 10.16, Inf, 16.67, -1.38, 25, "all", 50, 421.252529008671, 0.151573846234604, 5.54219400458614, 38.4130090973051, 465.788326203892, 409.634083580212, 433.439036017001, 0.124803263629665, 0.179451509999496, 0.0135824961619159, 6.0958190695435, 61
629.86, 32.57, -Inf, 43.7, 0.18, 1.77, NA, 11.12, Inf, 14.01, -1.59, 25, "all", 100, 470.111451753876, 0.206853642610686, 4.78901224846209, 37.8765615398671, 539.046403014529, 461.999792036362, 479.052954177606, 0.187517426113455, 0.22636302938718, 0.00976307435188573, 4.35919237382679, 61
648.5, 33.66, -Inf, 43.76, 0.19, 1.25, NA, 10.1, Inf, 13.58, -1.05, 25, "all", 200, 467.997895709026, 0.207536478752635, 5.35978818494905, 38.6019911992011, 537.04574887723, 462.658209759532, 474.081163121757, 0.195394497537277, 0.219660232035035, 0.00624890815250818, 2.88086261540997, 61
686.87, 30.35, -Inf, 44.31, 0.18, 1.2, NA, 13.96, Inf, 14.86, -1.01, 15, "all", 50, 547.8962520244, 0.211336011739675, 3.67335406272156, 36.5211002654843, 473.869235533558, 541.972218041825, 554.746364030854, 0.195490544032812, 0.229588590203996, 0.00830736551404991, 3.33324083362409, 62
860.64, 31.13, -Inf, 45.46, 0.24, 0.86, NA, 14.33, Inf, 13.4, -0.62, 15, "all", 100, 638.059197422684, 0.25992849492805, 3.50726718522467, 36.9864587790743, 533.734490017323, 629.072383647852, 646.462666970428, 0.242024764614919, 0.279408213103504, 0.00943644731366704, 4.63855940244412, 62
722.95, 29.55, -28.66, 46.49, 0.3, 0.72, NA, 16.94, 75.15, 12.52, -0.42, 15, "all", 200, 535.897239987248, 0.34249881499075, 2.85035029780316, 35.164434036008, 423.352597523159, 529.919799954812, 542.130847759401, 0.323386720359644, 0.361355068191045, 0.00979346127350967, 3.04225550036426, 62
475.15, 33.36, -22.21, 44.85, 0.36, 1.25, NA, 11.49, 67.06, 10.22, -0.89, 20, "all", 50, 275.069771386443, 0.368146576979898, 4.34431095155315, 37.8643554827745, 275.055619113615, 264.204973427512, 288.948444337695, 0.325964820495411, 0.414375999867114, 0.0225997643903112, 6.37983126805463, 62
677.93, 31.69, -25.54, 44.46, 0.34, 0.83, NA, 12.77, 70.01, 10.9, -0.49, 20, "all", 100, 437.51238521952, 0.351542730244304, 3.85730493619169, 36.5423307807422, 437.386558715965, 427.842875699188, 447.608444659618, 0.325081294632586, 0.379524557217996, 0.0139363945184142, 5.17533255505684, 62
611.74, 31.67, -27.68, 44.37, 0.31, 0.95, NA, 12.7, 72.05, 11.14, -0.64, 20, "all", 200, 402.624932165959, 0.33548411638897, 3.89729547768676, 36.6044791253375, 402.521593550734, 399.616610106003, 406.874710550283, 0.323769269472412, 0.347130569587221, 0.00609110643538022, 1.88433757786666, 62
525.39, 33.16, -Inf, 43.27, 0.13, 1.5, NA, 10.12, Inf, 16.61, -1.37, 25, "all", 50, 417.000068597676, 0.152241934874208, 5.56440711057316, 38.4375017057082, 461.292998412261, 406.624478360395, 428.657596402554, 0.128706070917864, 0.181533712649673, 0.0137860428503206, 5.79309297113247, 62
623.56, 32.62, -Inf, 43.69, 0.18, 1.76, NA, 11.07, Inf, 14.14, -1.58, 25, "all", 100, 467.264194531959, 0.2030130362224, 4.8269615666135, 37.9270139938653, 534.438362497308, 459.046245924616, 475.914084647398, 0.18517348586906, 0.222572932851331, 0.00947011502913635, 4.35639442937362, 62
645.36, 33.66, -Inf, 43.73, 0.19, 1.26, NA, 10.07, Inf, 13.58, -1.07, 25, "all", 200, 465.810516059309, 0.207315646394898, 5.37905971589985, 38.5925900971669, 534.458885155377, 460.093223389594, 471.373629156128, 0.195821399128737, 0.220169850688915, 0.00618113464755523, 2.93912958645373, 62
681.98, 30.42, -Inf, 44.14, 0.18, 1.21, NA, 13.73, Inf, 14.91, -1.03, 15, "all", 50, 544.202880264908, 0.20826739674572, 3.74926494213201, 36.5414778671327, 471.670935451529, 538.154179492477, 551.172649048314, 0.193261897388348, 0.225077217064848, 0.00813461245245884, 3.32267995463096, 63
855.84, 31.17, -Inf, 45.4, 0.24, 0.86, NA, 14.23, Inf, 13.36, -0.62, 15, "all", 100, 633.155404391071, 0.260014443679423, 3.53516372475549, 37.003007422776, 529.603200951893, 623.607132718622, 641.864430647203, 0.242428273295488, 0.279710440763056, 0.00970236612572297, 4.72905650585501, 63
720.05, 29.55, -28.66, 46.48, 0.3, 0.72, NA, 16.93, 75.14, 12.52, -0.42, 15, "all", 200, 533.524691345366, 0.342455440443299, 2.85269514358642, 35.1710993701212, 421.492825830463, 527.725950115564, 539.444247078073, 0.324727754096462, 0.362386047748233, 0.00953594630310122, 3.04929336041052, 63
470.81, 33.37, -22.41, 44.91, 0.36, 1.23, NA, 11.54, 67.31, 10.26, -0.87, 20, "all", 50, 273.22258276905, 0.366531346446705, 4.32795994597401, 37.8892361578526, 273.208180450001, 262.529752776985, 288.09044782331, 0.323876425106148, 0.411479762386437, 0.0233347075029184, 6.7233367946386, 63
674.82, 31.71, -25.56, 44.48, 0.34, 0.82, NA, 12.77, 70.04, 10.9, -0.48, 20, "all", 100, 435.231078627095, 0.351292481483838, 3.85898040544377, 36.5640807602549, 435.107610036614, 425.069782764132, 445.765155431422, 0.324032463807355, 0.381451368907655, 0.01426054546068, 5.30605358842142, 63
609.16, 31.7, -27.54, 44.31, 0.31, 0.96, NA, 12.61, 71.84, 11.09, -0.65, 20, "all", 200, 399.807265792703, 0.336256357196773, 3.92681607554478, 36.6067726637904, 399.710982777168, 396.608201752615, 404.337544101698, 0.32419633116869, 0.347973554137614, 0.00616617610696813, 1.99886846491532, 63
522.34, 33.14, -Inf, 43.29, 0.13, 1.5, NA, 10.15, Inf, 16.55, -1.37, 25, "all", 50, 414.173860431914, 0.153165207150193, 5.53896975169828, 38.4293753592789, 458.445425360168, 403.454829249142, 425.841813463521, 0.128212393527957, 0.180913029152321, 0.0138520361873699, 5.82778147649518, 63
618.22, 32.67, -Inf, 43.62, 0.18, 1.76, NA, 10.95, Inf, 14.18, -1.58, 25, "all", 100, 463.752563954483, 0.200903368295052, 4.89108698388467, 37.9546988044434, 529.704184845373, 455.243812500857, 472.8933922213, 0.182289580216235, 0.219846727042391, 0.00965420686074252, 4.44959530692619, 63
642.29, 33.71, -Inf, 43.64, 0.19, 1.27, NA, 9.93, Inf, 13.52, -1.08, 25, "all", 200, 462.915244770022, 0.207084253797881, 5.46337309209654, 38.5911273311878, 531.063023150864, 457.312328057627, 469.196211398114, 0.194883249759013, 0.219051852325186, 0.00645446072044131, 2.99899766533091, 63
675.21, 30.44, -Inf, 44.14, 0.18, 1.21, NA, 13.7, Inf, 15.04, -1.03, 15, "all", 50, 540.18310172119, 0.205051306176373, 3.76560750813755, 36.586678557009, 469.222845064568, 533.873329786978, 546.884801029373, 0.190916139405248, 0.220422112738121, 0.00784925693533389, 3.3060206597042, 64
852.02, 31.21, -Inf, 45.34, 0.24, 0.86, NA, 14.13, Inf, 13.36, -0.62, 15, "all", 100, 630.074852263649, 0.258823054363789, 3.5624971604094, 37.0256719831499, 527.459636560298, 620.574525492829, 639.577779862267, 0.241533876155322, 0.278393535814129, 0.00938051077448974, 4.72659873058991, 64
719.06, 29.57, -28.61, 46.36, 0.3, 0.73, NA, 16.79, 74.96, 12.46, -0.43, 15, "all", 200, 531.681644958562, 0.342646546011191, 2.87704619226525, 35.1665384901289, 419.995555694601, 525.551380022246, 538.216659915569, 0.323775012606313, 0.361663833203514, 0.00971113743590528, 3.15113308429371, 64
467.52, 33.41, -22.66, 44.93, 0.36, 1.23, NA, 11.52, 67.59, 10.3, -0.87, 20, "all", 50, 271.677893268463, 0.364175500348411, 4.34042601594289, 37.9385887734004, 271.664325911189, 260.33126034446, 286.067552578439, 0.322323074421383, 0.412432388277011, 0.0231586070386122, 6.52911081357275, 64
671.43, 31.71, -25.34, 44.55, 0.34, 0.81, NA, 12.83, 69.89, 10.9, -0.47, 20, "all", 100, 432.340619669919, 0.353047168840853, 3.83689479293367, 36.5677965773082, 432.212325047968, 421.604643396358, 443.170177237494, 0.326324250822806, 0.382531001051983, 0.0147360652996114, 5.47516949265075, 64
607.06, 31.69, -27.44, 44.32, 0.31, 0.96, NA, 12.63, 71.76, 11.09, -0.65, 20, "all", 200, 398.205033523312, 0.336993920525041, 3.91930958382126, 36.6025127173518, 398.107400419408, 395.210248256337, 402.497344360427, 0.324700990758124, 0.348764743502078, 0.00619605603291671, 1.84707407270242, 64
519.12, 33.14, -Inf, 43.32, 0.13, 1.49, NA, 10.19, Inf, 16.6, -1.36, 25, "all", 50, 411.943711388237, 0.152769015414765, 5.51945404766442, 38.4419733273296, 455.85597627547, 400.72422345866, 424.399635613455, 0.125655570686165, 0.180933104688382, 0.0140023529666666, 5.92482579317376, 64
613.64, 32.63, -Inf, 43.69, 0.18, 1.75, NA, 11.06, Inf, 14.27, -1.57, 25, "all", 100, 461.59802225476, 0.199952175239712, 4.8408536596178, 37.9597506496277, 526.89496939847, 453.380012993522, 470.167357936519, 0.181690344207252, 0.219676443316805, 0.00987882541323237, 4.29247078559735, 64
639.2, 33.7, -Inf, 43.66, 0.19, 1.28, NA, 9.96, Inf, 13.54, -1.08, 25, "all", 200, 461.020261141516, 0.20687596426452, 5.4461085472105, 38.5925772749412, 528.814531679431, 455.485664111006, 467.541805124983, 0.194680951063982, 0.218853575744484, 0.00635025506652694, 3.02615370711331, 64
669.23, 30.41, -Inf, 44.23, 0.18, 1.2, NA, 13.82, Inf, 15.14, -1.02, 15, "all", 50, 537.003202665433, 0.203594561136042, 3.73163659091523, 36.6026144844245, 466.926401221504, 530.549028011043, 544.140376183716, 0.186667482626847, 0.22023220180108, 0.00868724340986372, 3.44098393661331, 65
847.57, 31.23, -Inf, 45.32, 0.24, 0.86, NA, 14.09, Inf, 13.36, -0.62, 15, "all", 100, 626.56923667466, 0.258176533212646, 3.57716404522293, 37.0428011496192, 524.758821489849, 616.590405211864, 636.020205166752, 0.24049614384852, 0.278343698557672, 0.00955904694645184, 4.91939953860809, 65
717.37, 29.58, -28.41, 46.37, 0.3, 0.73, NA, 16.79, 74.78, 12.43, -0.43, 15, "all", 200, 529.628046361444, 0.344088095394513, 2.87633991399572, 35.1612346942586, 417.958606191371, 524.194221944133, 535.86905051266, 0.325016567174813, 0.362975145936195, 0.00997246468598588, 3.13552566224506, 65
464.03, 33.39, -22.9, 44.96, 0.36, 1.22, NA, 11.57, 67.86, 10.34, -0.86, 20, "all", 50, 270.674389881241, 0.362353191439934, 4.32194270527882, 37.9433050612513, 270.660324749862, 260.491635817905, 286.024811832707, 0.31689350933824, 0.407891609427444, 0.023176821916494, 6.55677922672128, 65
668.62, 31.71, -25.03, 44.63, 0.34, 0.8, NA, 12.92, 69.66, 10.89, -0.46, 20, "all", 100, 429.591052561697, 0.3556088403993, 3.80801223917929, 36.5651294277042, 429.455372426481, 420.068361507393, 439.009266896951, 0.329905858209009, 0.382940345295764, 0.0138322123817725, 4.9985366950799, 65
604.63, 31.72, -27.32, 44.32, 0.31, 0.96, NA, 12.6, 71.64, 11.06, -0.64, 20, "all", 200, 395.779963011127, 0.337776654844949, 3.926950848666, 36.615129940803, 395.685054352581, 392.736439786636, 399.923980839252, 0.324991172142107, 0.350026261120125, 0.00617902509153775, 1.88292251880739, 65
512.73, 33.08, -Inf, 43.45, 0.13, 1.46, NA, 10.37, Inf, 16.78, -1.33, 25, "all", 50, 408.432995693041, 0.151327281850536, 5.41549335233431, 38.46985910251, 451.531543190393, 398.145347450965, 420.70929515962, 0.125358914572139, 0.178658643252386, 0.0139694998219663, 5.86905976637442, 65
609, 32.67, -Inf, 43.67, 0.18, 1.75, NA, 11, Inf, 14.3, -1.58, 25, "all", 100, 458.416173253232, 0.198637043060227, 4.87526118501452, 37.9833723554575, 522.820264409937, 450.428613030048, 466.631598065822, 0.180884890886411, 0.218546004619967, 0.00982862474413746, 4.18368959235635, 65
635.46, 33.7, -Inf, 43.66, 0.19, 1.28, NA, 9.96, Inf, 13.56, -1.08, 25, "all", 200, 458.544440786068, 0.206523194649798, 5.45127051618768, 38.5936217304358, 525.851990812417, 453.383177879169, 464.46236716776, 0.193932564447553, 0.2189171068425, 0.00630299079604315, 2.85738969070989, 65
663.97, 30.51, -Inf, 44.08, 0.18, 1.2, NA, 13.57, Inf, 15.2, -1.02, 15, "all", 50, 532.339583002267, 0.200732070357291, 3.81535624059977, 36.6568421627176, 463.785077541874, 526.42007103234, 539.835045247839, 0.183804753986993, 0.21785556240859, 0.00833653337282655, 3.4248283974291, 66
843, 31.26, -Inf, 45.27, 0.24, 0.86, NA, 14.01, Inf, 13.32, -0.62, 15, "all", 100, 621.73406623235, 0.258879591512292, 3.5982580381583, 37.0501927188394, 520.459137671801, 612.191686698358, 630.99455442546, 0.239551547499473, 0.279924615087476, 0.0100759932406208, 4.79770762959297, 66
715.37, 29.57, -28.38, 46.39, 0.3, 0.73, NA, 16.82, 74.78, 12.44, -0.42, 15, "all", 200, 528.257348254506, 0.344355442033278, 2.87090851411879, 35.1590218167229, 416.797134412401, 522.896340604187, 534.871180531545, 0.324823368165218, 0.36621801462679, 0.0101101268184759, 3.12407405261794, 66
461.47, 33.42, -22.38, 44.97, 0.36, 1.23, NA, 11.56, 67.35, 10.28, -0.87, 20, "all", 50, 267.221973605263, 0.366572417547752, 4.32212355425441, 37.9432742144715, 267.208093381404, 257.143534491585, 281.921104056665, 0.3222661137089, 0.411651269165329, 0.0234031326281943, 6.45178682103815, 66
664.52, 31.69, -24.75, 44.73, 0.35, 0.79, NA, 13.05, 69.49, 10.9, -0.45, 20, "all", 100, 426.482743662789, 0.358108508371857, 3.76731872738019, 36.5561359318313, 426.335330771677, 416.029944710318, 436.603013145059, 0.329350832708676, 0.388162702339679, 0.014597886234508, 5.14001187795702, 66
602.4, 31.71, -27.24, 44.3, 0.31, 0.96, NA, 12.58, 71.54, 11.04, -0.64, 20, "all", 200, 394.049018782988, 0.338315631827593, 3.93282806423915, 36.6045583604762, 393.955226251564, 391.115812226244, 398.490192611833, 0.325423778594994, 0.350507182403923, 0.00613425942176801, 1.84922754380678, 66
511.51, 33.09, -Inf, 43.44, 0.13, 1.47, NA, 10.34, Inf, 16.53, -1.33, 25, "all", 50, 405.320580179981, 0.154648682267196, 5.41412573027959, 38.4518072993674, 449.078790006013, 393.82166225546, 417.765986978917, 0.127384247073629, 0.181964153928282, 0.0139151197325031, 5.91589977506932, 66
604.59, 32.72, -Inf, 43.64, 0.18, 1.75, NA, 10.92, Inf, 14.31, -1.58, 25, "all", 100, 455.094017393677, 0.197518183345906, 4.92013990178638, 38.0114014993858, 518.662296546847, 446.531509705187, 463.760412973558, 0.177065514487645, 0.2156569905791, 0.00989420565745262, 4.39295195259545, 66
632.05, 33.7, -Inf, 43.66, 0.19, 1.28, NA, 9.96, Inf, 13.55, -1.09, 25, "all", 200, 455.966302818737, 0.206710140641462, 5.44796209488073, 38.5938989158414, 522.960023977815, 450.553385037792, 461.891790449553, 0.193849149190838, 0.218577320192896, 0.00643017232173154, 2.90912533844494, 66
659.18, 30.48, -Inf, 44.13, 0.18, 1.19, NA, 13.66, Inf, 15.24, -1.02, 15, "all", 50, 529.458628200176, 0.200226697549915, 3.78994100276938, 36.6522136865391, 461.434469231925, 523.348542971496, 536.0284622758, 0.184869829463182, 0.21666948680619, 0.0082354484426976, 3.33116759349571, 67
838.85, 31.32, -Inf, 45.19, 0.24, 0.86, NA, 13.86, Inf, 13.27, -0.62, 15, "all", 100, 616.943221637102, 0.258897652689837, 3.63969179332063, 37.0715210104301, 516.44436461775, 606.575483656149, 626.084197238921, 0.241099770211428, 0.279948287399381, 0.00988654126436456, 4.98236635628383, 67
713.21, 29.57, -27.99, 46.48, 0.31, 0.73, NA, 16.91, 74.46, 12.42, -0.42, 15, "all", 200, 525.843403643607, 0.347582514256592, 2.85333398099638, 35.1352505329926, 413.962041717942, 520.420303545566, 532.397991576103, 0.328067240959262, 0.368235865120774, 0.0101760195878449, 3.07810721776406, 67
456.55, 33.48, -22.75, 44.95, 0.36, 1.23, NA, 11.48, 67.7, 10.32, -0.87, 20, "all", 50, 264.827251217077, 0.363147647950131, 4.36049116129426, 37.9995817235543, 264.81501417053, 254.432661625456, 278.581239086337, 0.319792105089612, 0.408114847682616, 0.0223043629698958, 6.36438280432302, 67
662.11, 31.71, -24.93, 44.66, 0.35, 0.8, NA, 12.95, 69.59, 10.89, -0.45, 20, "all", 100, 425.042337526856, 0.356474453024917, 3.79835217268285, 36.5673696744994, 424.905462776574, 415.048178136219, 435.749548313088, 0.33087243773877, 0.384659371184192, 0.013901031000792, 5.16240926033429, 67
599.96, 31.74, -27.38, 44.28, 0.31, 0.96, NA, 12.54, 71.66, 11.04, -0.65, 20, "all", 200, 392.521794503512, 0.337117891363524, 3.94888339895743, 36.6247219438403, 392.432358207121, 389.490570207425, 396.732643006582, 0.32516781645115, 0.348868807956585, 0.00615568401618673, 1.9297864234139, 67
509.71, 33.05, -Inf, 43.46, 0.14, 1.47, NA, 10.41, Inf, 16.46, -1.34, 25, "all", 50, 403.605010526285, 0.155888758326984, 5.36889953071941, 38.4231122205741, 447.541201688307, 392.283078040238, 414.976147906554, 0.130652252162632, 0.186222293479676, 0.0143139808565123, 5.81725024404542, 67
599.95, 32.75, -Inf, 43.61, 0.17, 1.75, NA, 10.86, Inf, 14.4, -1.57, 25, "all", 100, 452.80463135383, 0.194868508914809, 4.96091261073503, 38.0393389285086, 515.160147341304, 444.242756154121, 461.617969427939, 0.175313918958722, 0.214329634829293, 0.010145176116671, 4.4003066055343, 67
628.34, 33.71, -Inf, 43.68, 0.2, 1.27, NA, 9.96, Inf, 13.46, -1.08, 25, "all", 200, 451.663474469318, 0.208837164155585, 5.43912197565586, 38.5951908264372, 518.756036962498, 445.63448938724, 457.819696314765, 0.195782627365953, 0.222693219178343, 0.00690851757895453, 3.07862808019295, 67
652.89, 30.5, -Inf, 44.15, 0.17, 1.19, NA, 13.65, Inf, 15.35, -1.02, 15, "all", 50, 525.338966399976, 0.198012504984459, 3.79690079586073, 36.6929519169768, 458.541153112937, 519.131009146007, 531.776644266466, 0.183022345364025, 0.215764568572695, 0.00850878638748793, 3.34821714024074, 68
834.77, 31.37, -Inf, 45.14, 0.24, 0.86, NA, 13.77, Inf, 13.25, -0.62, 15, "all", 100, 612.968310800792, 0.258631687273135, 3.6663428840436, 37.0926271991493, 513.21192962025, 603.804461445075, 621.919970747529, 0.239681362328026, 0.27814251623525, 0.00970444404966917, 4.86212939941924, 68
711.86, 29.59, -27.81, 46.37, 0.31, 0.73, NA, 16.78, 74.18, 12.35, -0.42, 15, "all", 200, 523.126037784581, 0.348712481646537, 2.87555763549532, 35.1354669829778, 411.516308521642, 517.044965223367, 529.584430875978, 0.328983126006461, 0.367614509377759, 0.00966169863702765, 3.14754570658986, 68
452.57, 33.45, -23.4, 45.04, 0.35, 1.21, NA, 11.58, 68.43, 10.43, -0.86, 20, "all", 50, 264.944571637334, 0.358125132605414, 4.32258008918199, 38.0289319107061, 264.931420673031, 254.238351300169, 279.823574749934, 0.31007697426535, 0.406128486481628, 0.0235813700251997, 6.34784648842496, 68
659.15, 31.74, -25.09, 44.52, 0.35, 0.8, NA, 12.79, 69.61, 10.85, -0.46, 20, "all", 100, 422.86192663646, 0.35489515085612, 3.85068490536615, 36.5710142264294, 422.740236310538, 412.555729472334, 432.795536336277, 0.32848038783905, 0.384956219984568, 0.0146055332640102, 5.22759083318526, 68
597.37, 31.75, -27.29, 44.25, 0.31, 0.96, NA, 12.5, 71.54, 11.02, -0.65, 20, "all", 200, 390.217344234663, 0.337673912260955, 3.96287657192939, 36.6247769382323, 390.131038141047, 387.094291526504, 394.757448311793, 0.325280549169606, 0.349674872580637, 0.00631241321208933, 1.94582285713613, 68
504.64, 33.08, -Inf, 43.45, 0.14, 1.48, NA, 10.37, Inf, 16.47, -1.34, 25, "all", 50, 399.496613025813, 0.155540395856636, 5.39333085646957, 38.4429828471969, 442.886025269567, 388.855282246766, 410.173029199245, 0.129131835366039, 0.186898812828107, 0.0148468179528869, 5.68864645936459, 68
595.94, 32.78, -Inf, 43.55, 0.17, 1.77, NA, 10.77, Inf, 14.28, -1.59, 25, "all", 100, 448.243557055497, 0.196538621167784, 5.00152111165849, 38.0242347004901, 510.545227116882, 440.610542740526, 457.156166681739, 0.177475005152403, 0.21641513066902, 0.00990709956627266, 4.31284265531133, 68
625.86, 33.72, -Inf, 43.61, 0.19, 1.3, NA, 9.89, Inf, 13.45, -1.1, 25, "all", 200, 450.091247476307, 0.208152297507523, 5.48825381469742, 38.5803860175672, 516.718957051156, 444.518769289186, 455.951403973256, 0.196606966646007, 0.220923846492951, 0.0063539815570663, 2.8849741908901, 68
647.63, 30.51, -Inf, 44.09, 0.17, 1.19, NA, 13.58, Inf, 15.43, -1.02, 15, "all", 50, 522.121655958208, 0.195555868459237, 3.82635427481866, 36.7038152825961, 456.503229822474, 515.766531693132, 529.521664482246, 0.179551562441293, 0.212393285368859, 0.00833481155585213, 3.49233186891182, 69
829.58, 31.36, -Inf, 45.16, 0.24, 0.86, NA, 13.8, Inf, 13.27, -0.62, 15, "all", 100, 609.702487834228, 0.258075874836949, 3.66066385104701, 37.0993172932206, 510.672278994006, 599.902008056973, 619.49779683503, 0.23823886572355, 0.278921878307042, 0.0106186726107707, 5.14889873249244, 69
709.76, 29.59, -27.85, 46.38, 0.31, 0.73, NA, 16.79, 74.23, 12.36, -0.42, 15, "all", 200, 521.87292282958, 0.348371534355154, 2.87405242295399, 35.1354625612913, 410.625825938455, 516.289880102726, 528.098231279866, 0.330939368942047, 0.370015107002446, 0.0103074083254649, 3.11227920720677, 69
450.97, 33.44, -23.32, 45.06, 0.35, 1.2, NA, 11.62, 68.39, 10.43, -0.85, 20, "all", 50, 264.008419704449, 0.358812203474404, 4.30478805665107, 38.0200828276049, 263.994707170991, 253.397064144814, 277.380477871819, 0.315823686159693, 0.402962527553272, 0.023086972440811, 6.27195218893801, 69
654.66, 31.72, -25.26, 44.61, 0.35, 0.79, NA, 12.89, 69.87, 10.91, -0.45, 20, "all", 100, 421.193203135922, 0.353646855154009, 3.82057177983196, 36.5868841333652, 421.064959106813, 411.441540882922, 431.825192754642, 0.325689983594523, 0.382606373530191, 0.0146031057902712, 5.29833692547363, 69
594.87, 31.76, -27.24, 44.24, 0.31, 0.96, NA, 12.48, 71.49, 11, -0.65, 20, "all", 200, 388.223159219691, 0.337977250633352, 3.96742615632389, 36.630451717019, 388.138350765909, 385.091961082586, 392.34861392371, 0.325282470370635, 0.35013719219777, 0.00644541933694104, 1.89742626315716, 69
502.68, 33.02, -Inf, 43.5, 0.14, 1.47, NA, 10.48, Inf, 16.37, -1.34, 25, "all", 50, 397.344525874368, 0.157561664170251, 5.32083722617014, 38.4159645428164, 441.083802926615, 386.610588446047, 409.169497350894, 0.132162323644196, 0.186697324479305, 0.0139362967496162, 5.61010607348457, 69
590.82, 32.81, -Inf, 43.49, 0.17, 1.77, NA, 10.69, Inf, 14.38, -1.6, 25, "all", 100, 445.837685155431, 0.193535853389224, 5.05408690394207, 38.0419122826551, 506.807519600258, 438.100552721197, 454.037809906502, 0.174822740070602, 0.213615447171275, 0.010043657308616, 4.17606786709941, 69
622.05, 33.72, -Inf, 43.61, 0.19, 1.3, NA, 9.89, Inf, 13.5, -1.11, 25, "all", 200, 448.200323482291, 0.207023347589423, 5.49158051409394, 38.5815420132349, 514.163047104977, 442.374997876463, 454.398033779711, 0.194245993657128, 0.220195159715105, 0.00657209087690549, 3.03880652480516, 69
643.32, 30.48, -Inf, 44.16, 0.17, 1.19, NA, 13.68, Inf, 15.51, -1.02, 15, "all", 50, 519.862456179864, 0.194508695012289, 3.79711321600065, 36.7139111449784, 454.854156381583, 513.448128186257, 526.905064070422, 0.180009615240943, 0.21230742069358, 0.0084315416633256, 3.45001315034844, 70
824.55, 31.42, -Inf, 45.06, 0.24, 0.86, NA, 13.64, Inf, 13.29, -0.62, 15, "all", 100, 605.86274329972, 0.255805626202817, 3.70962530564564, 37.1378317474828, 508.249953184334, 595.304532315576, 615.436268024179, 0.23552207399273, 0.276105494539126, 0.0103720177236884, 5.11048732123423, 70
707.52, 29.62, -28, 46.31, 0.31, 0.73, NA, 16.69, 74.31, 12.35, -0.42, 15, "all", 200, 519.673593142921, 0.346938847460972, 2.89218588079471, 35.1672333162395, 409.310011642414, 513.64820278165, 525.814011481071, 0.326340397228189, 0.365920889056764, 0.0102096356038588, 3.0654103174952, 70
447.28, 33.46, -23.78, 45.02, 0.35, 1.21, NA, 11.56, 68.81, 10.47, -0.86, 20, "all", 50, 262.897018093072, 0.354980719347307, 4.33573401357358, 38.048910595983, 262.884487129314, 252.482424302145, 276.967804626429, 0.31051718180481, 0.399314002378414, 0.0228000932513469, 6.07963238072612, 70
651.37, 31.73, -24.89, 44.67, 0.35, 0.79, NA, 12.95, 69.56, 10.88, -0.45, 20, "all", 100, 417.704018171782, 0.356678747842001, 3.79907768074099, 36.5837653324151, 417.570720456736, 407.670504451079, 427.601927514352, 0.32733254390628, 0.387821087915686, 0.0149853508604258, 5.20301995244016, 70
592.07, 31.76, -27.13, 44.26, 0.31, 0.96, NA, 12.49, 71.39, 10.99, -0.64, 20, "all", 200, 385.952344271496, 0.338802815353975, 3.96325433575596, 36.6327343355492, 385.867374426195, 382.774853536834, 390.338877758026, 0.325741918503316, 0.350713244747495, 0.00637616781316766, 1.8976485072724, 70
497.92, 33.08, -Inf, 43.49, 0.14, 1.46, NA, 10.41, Inf, 16.5, -1.32, 25, "all", 50, 394.238595316234, 0.155459950934925, 5.37228820894174, 38.4627447596599, 437.032430223322, 383.347191211584, 406.142181706321, 0.130298712788489, 0.185099004414254, 0.0139845914139716, 5.68132218323437, 70
585.56, 32.84, -Inf, 43.51, 0.17, 1.75, NA, 10.67, Inf, 14.48, -1.58, 25, "all", 100, 442.937417032291, 0.191242080110256, 5.07283081381094, 38.0824360583843, 502.75184925487, 435.591080664628, 451.766180217751, 0.173694596523607, 0.211840893394683, 0.00995407854882231, 4.14789923024973, 70
619.15, 33.75, -Inf, 43.58, 0.19, 1.3, NA, 9.83, Inf, 13.48, -1.1, 25, "all", 200, 445.6886237503, 0.206910410447901, 5.52657341648613, 38.5965896307799, 511.246472538815, 439.443358937844, 451.655368822967, 0.193804520202513, 0.220015790161583, 0.0068156300599262, 3.11205252626138, 70
638.31, 30.47, -Inf, 44.13, 0.17, 1.19, NA, 13.66, Inf, 15.57, -1.02, 15, "all", 50, 516.61059645111, 0.193136938354567, 3.80706479877058, 36.7107877913984, 452.435177143154, 510.523401329983, 524.17104261189, 0.176168031758421, 0.210822149384371, 0.0087272061063374, 3.42589165837539, 71
818.6, 31.48, -Inf, 45.01, 0.24, 0.85, NA, 13.52, Inf, 13.31, -0.61, 15, "all", 100, 601.026927013058, 0.254193237604953, 3.74915631462811, 37.1793676922341, 504.753276738448, 589.716597184436, 611.322926038528, 0.233538552228143, 0.27620154045742, 0.0107458388344601, 5.43517181756626, 71
705.92, 29.62, -27.71, 46.33, 0.31, 0.73, NA, 16.71, 74.04, 12.32, -0.42, 15, "all", 200, 517.681400875938, 0.349240196907961, 2.88720321173502, 35.145938160353, 407.092888562683, 512.149641226007, 524.62548176109, 0.331149298462071, 0.369458598254472, 0.0102241536796907, 3.20890959304958, 71
443.68, 33.48, -23.88, 45.05, 0.35, 1.21, NA, 11.57, 68.93, 10.49, -0.86, 20, "all", 50, 260.886545102954, 0.354179441761993, 4.33309889577813, 38.0747782538772, 260.874201368025, 250.358250644052, 275.459790748217, 0.3086656575073, 0.402459557407872, 0.0233213379980465, 6.45483246259024, 71
649.58, 31.73, -24.53, 44.68, 0.35, 0.79, NA, 12.95, 69.21, 10.84, -0.44, 20, "all", 100, 415.042323974102, 0.359548737172749, 3.79502812298693, 36.572175937082, 414.908022496549, 405.285850933434, 424.880179220468, 0.331808772409211, 0.388018930636878, 0.0146378620007593, 5.15580020501276, 71
589.44, 31.78, -27.16, 44.25, 0.31, 0.96, NA, 12.47, 71.4, 10.99, -0.65, 20, "all", 200, 384.011008307351, 0.338489059832809, 3.97352518846283, 36.646082010879, 383.928818969385, 380.865040736642, 388.544684921288, 0.326503645534872, 0.351543464998086, 0.00660501912949146, 1.92058411072732, 71
494.49, 33.02, -Inf, 43.59, 0.14, 1.44, NA, 10.57, Inf, 16.52, -1.3, 25, "all", 50, 391.893893116152, 0.155958202421349, 5.27975850286711, 38.4631006905124, 434.568154712522, 381.855787629696, 402.48930218178, 0.130020273154736, 0.183392048151739, 0.0141095696104783, 5.44451456983632, 71
581.3, 32.85, -Inf, 43.52, 0.17, 1.75, NA, 10.67, Inf, 14.53, -1.58, 25, "all", 100, 440.22162349901, 0.190202349107358, 5.07742785225152, 38.1031514849866, 499.327131521162, 432.576000442636, 449.115953354007, 0.170324493920075, 0.209864692922062, 0.0100847951443722, 4.22060001107529, 71
615.97, 33.75, -Inf, 43.59, 0.19, 1.3, NA, 9.84, Inf, 13.44, -1.11, 25, "all", 200, 442.809100469975, 0.207836232557828, 5.51848643185737, 38.5913415706215, 508.254832829067, 437.254283638588, 449.133203570462, 0.19413570251496, 0.220874482558637, 0.00682302624346418, 3.02155481686819, 71
631.24, 30.45, -Inf, 44.22, 0.17, 1.18, NA, 13.76, Inf, 15.76, -1.01, 15, "all", 50, 513.03636570246, 0.190058361537347, 3.78186136601571, 36.7536479690476, 450.255269224353, 506.453210460698, 520.015194101365, 0.173070567377291, 0.207453030972471, 0.00887441078842319, 3.39303797704565, 72
813.38, 31.5, -Inf, 44.97, 0.24, 0.85, NA, 13.46, Inf, 13.34, -0.61, 15, "all", 100, 597.83502440591, 0.25237701853033, 3.77143521949072, 37.1987018613646, 502.699944880357, 587.598361872872, 608.275959901279, 0.231067555044618, 0.274832565512808, 0.0108958880806795, 5.39319216893323, 72
703.99, 29.65, -27.49, 46.3, 0.31, 0.73, NA, 16.66, 73.8, 12.27, -0.42, 15, "all", 200, 514.709399297691, 0.350743250657169, 2.89675620967662, 35.153717783704, 404.343819595732, 508.855270064331, 521.294395980761, 0.330521534958662, 0.371957346761355, 0.0106143549676965, 3.16619427361186, 72
437.76, 33.48, -24.97, 45.12, 0.34, 1.2, NA, 11.64, 70.1, 10.66, -0.86, 20, "all", 50, 260.745890395122, 0.345812751828934, 4.31489375499503, 38.1347077126507, 260.73341841906, 251.675165869597, 274.12203277999, 0.303389291399249, 0.387496879666353, 0.0215004908874579, 6.01703800246972, 72
646.71, 31.73, -24.11, 44.66, 0.35, 0.8, NA, 12.92, 68.76, 10.77, -0.44, 20, "all", 100, 411.341683899182, 0.362989121891504, 3.80050013856093, 36.5487668570035, 411.20868986143, 400.895540602215, 421.505352139261, 0.334131339980184, 0.392520052741595, 0.0146082479028042, 5.2044570142946, 72
587.12, 31.8, -27.15, 44.22, 0.31, 0.96, NA, 12.42, 71.37, 10.97, -0.65, 20, "all", 200, 382.143649521599, 0.33837744309484, 3.98966507238375, 36.6529660497364, 382.064880508159, 378.916837864169, 386.405127656881, 0.325381603968068, 0.350777856945903, 0.00656347531188215, 1.96270081671411, 72
491.82, 33, -Inf, 43.65, 0.14, 1.43, NA, 10.65, Inf, 16.41, -1.29, 25, "all", 50, 388.848606240394, 0.158094601953833, 5.22446053769619, 38.456396466052, 431.79688835528, 378.69494149444, 399.793227281338, 0.13056158269547, 0.185465782738714, 0.0141946636503469, 5.43165495304146, 72
575.92, 32.87, -Inf, 43.52, 0.17, 1.75, NA, 10.66, Inf, 14.67, -1.58, 25, "all", 100, 437.80626641519, 0.187314428303136, 5.09523519660506, 38.1283624391229, 495.641926531263, 430.525795950771, 446.238276343964, 0.167753314139822, 0.205319049895808, 0.0100295870513343, 4.18875012479074, 72
612.37, 33.76, -Inf, 43.6, 0.19, 1.3, NA, 9.84, Inf, 13.43, -1.1, 25, "all", 200, 439.893879375968, 0.20809169340667, 5.51896483102748, 38.6026769793722, 504.994717098099, 434.362125260646, 446.268417436455, 0.194878103156777, 0.221654023720293, 0.00684172277653768, 3.0991838266354, 72
626.96, 30.48, -Inf, 44.21, 0.17, 1.18, NA, 13.73, Inf, 15.73, -1.02, 15, "all", 50, 508.943616683146, 0.190375699405827, 3.79333993936344, 36.7677594267543, 446.566423901749, 502.52061497113, 515.776931277951, 0.174302460890916, 0.207811463529054, 0.00866682108985863, 3.50931850951332, 73
808.88, 31.53, -Inf, 44.96, 0.24, 0.84, NA, 13.43, Inf, 13.32, -0.6, 15, "all", 100, 593.681178691815, 0.252697290492784, 3.78116588874627, 37.2147086224342, 499.097668441495, 582.635971667466, 604.164566627423, 0.232106468764233, 0.275588385638868, 0.0110507248308838, 5.46926172982108, 73
702.45, 29.64, -27.29, 46.3, 0.31, 0.73, NA, 16.66, 73.59, 12.24, -0.42, 15, "all", 200, 513.092328377428, 0.35239237170829, 2.89517996664057, 35.1308268017847, 402.614874968685, 507.11947544218, 519.688666404746, 0.331241953455132, 0.372712229968882, 0.0104149620500417, 3.22070033727281, 73
435.5, 33.43, -24.65, 45.09, 0.34, 1.21, NA, 11.66, 69.74, 10.61, -0.86, 20, "all", 50, 259.003984034478, 0.348525160682991, 4.30079134430706, 38.0735082844628, 258.990776221726, 248.654503945309, 273.006833200334, 0.304137921305701, 0.393902443791521, 0.0234354807394598, 6.19500883399746, 73
642.77, 31.72, -24.14, 44.75, 0.35, 0.79, NA, 13.03, 68.89, 10.82, -0.44, 20, "all", 100, 409.558615794703, 0.362914780090857, 3.76801699096333, 36.553134528042, 409.417068165548, 399.7884735624, 419.641539322061, 0.334288458973295, 0.39310914370536, 0.0153236553974709, 5.3176957695951, 73
584.41, 31.8, -27.04, 44.23, 0.32, 0.95, NA, 12.43, 71.28, 10.96, -0.64, 20, "all", 200, 379.955237717932, 0.339177457937613, 3.98531408142949, 36.6558184857366, 379.876300223109, 376.907950565573, 383.902120533443, 0.326094638168981, 0.351774105864811, 0.00659892922359325, 1.86417640298763, 73
488.4, 32.99, -Inf, 43.65, 0.14, 1.43, NA, 10.66, Inf, 16.51, -1.29, 25, "all", 50, 386.998358177638, 0.156705075917545, 5.22800388381653, 38.4594452170512, 429.346691036845, 376.584311235683, 397.984931238245, 0.129118028271711, 0.187109216961548, 0.0146873104948083, 5.64082508520485, 73
572.16, 32.9, -Inf, 43.52, 0.17, 1.74, NA, 10.62, Inf, 14.56, -1.57, 25, "all", 100, 433.292010364963, 0.18924597419088, 5.10796857128904, 38.1417316109766, 491.163809643809, 425.529926823158, 442.440617097657, 0.169338289935764, 0.210225214213117, 0.0104129267653263, 4.24070973603222, 73
609.4, 33.76, -Inf, 43.62, 0.2, 1.29, NA, 9.86, Inf, 13.39, -1.1, 25, "all", 200, 436.980114428955, 0.209352073122743, 5.50219020513344, 38.5990770402879, 502.068176987433, 431.368187383864, 443.360719962547, 0.195705924480903, 0.223436749945581, 0.00711173963673922, 3.05968198335372, 73
620.77, 30.43, -Inf, 44.25, 0.16, 1.18, NA, 13.82, Inf, 15.86, -1.01, 15, "all", 50, 505.807528878604, 0.188261173207356, 3.76980598159325, 36.7707324812151, 444.458932303399, 499.691556721836, 513.209421799546, 0.171618819733163, 0.20586162341359, 0.00922003103241513, 3.403163609474, 74
802.57, 31.55, -Inf, 44.96, 0.24, 0.84, NA, 13.41, Inf, 13.3, -0.6, 15, "all", 100, 588.302541373166, 0.253048584770806, 3.78771177288032, 37.2293049162931, 494.456879917716, 577.640174112094, 599.042069641232, 0.231573040809739, 0.275156474057216, 0.0112679301295732, 5.45880395985109, 74
700.24, 29.65, -27.39, 46.25, 0.31, 0.73, NA, 16.6, 73.64, 12.23, -0.42, 15, "all", 200, 511.319586197457, 0.351481112015659, 2.90712779526812, 35.1416259298402, 401.481851389693, 505.177109303372, 517.611600575297, 0.332803375506541, 0.371108743833425, 0.0101243142251072, 3.21525214359472, 74
433.21, 33.46, -24.87, 45.07, 0.34, 1.22, NA, 11.61, 69.95, 10.62, -0.88, 20, "all", 50, 257.889214938384, 0.346619552547571, 4.32530210213367, 38.1032566747404, 257.8769743102, 247.754201533858, 271.435260009848, 0.303616960266414, 0.388288157604416, 0.0221974636087014, 6.03558261378807, 74
639.52, 31.73, -24.06, 44.77, 0.35, 0.78, NA, 13.04, 68.83, 10.81, -0.43, 20, "all", 100, 407.007795094332, 0.36355340710147, 3.76426898519731, 36.5626591174703, 406.86662315252, 396.255725523836, 417.741608546252, 0.333093057014118, 0.395364425514173, 0.0157597643073354, 5.57859314691351, 74
582.22, 31.82, -26.83, 44.18, 0.32, 0.96, NA, 12.36, 71.02, 10.91, -0.64, 20, "all", 200, 377.447985515971, 0.340579129036116, 4.00610556429253, 36.6478990475797, 377.372673190501, 374.330836783092, 381.920117730737, 0.326899290862456, 0.353451545266282, 0.00663880419114988, 1.94998893285996, 74
486.12, 32.96, -Inf, 43.69, 0.14, 1.44, NA, 10.73, Inf, 16.24, -1.3, 25, "all", 50, 383.102075190788, 0.161105843997211, 5.16443282764627, 38.4256827237522, 426.258302097268, 372.685707946897, 395.209802755616, 0.132546531427778, 0.19010235548301, 0.0148133152663147, 5.65315916939227, 74
567.75, 32.89, -Inf, 43.56, 0.17, 1.73, NA, 10.67, Inf, 14.71, -1.57, 25, "all", 100, 431.756301132781, 0.186713460980565, 5.09282492199122, 38.1594842155847, 488.599535694666, 424.087317049419, 440.321826024601, 0.166095452131936, 0.207614704383364, 0.0102351368855798, 4.16187734796123, 74
605.02, 33.75, -Inf, 43.63, 0.19, 1.29, NA, 9.87, Inf, 13.46, -1.09, 25, "all", 200, 435.000447749486, 0.207723519359477, 5.4992617029165, 38.6108732076578, 499.253882370322, 429.300339293062, 441.44430740306, 0.194207675719313, 0.221684507641145, 0.00691958601603415, 3.22119651415924, 74
616.31, 30.47, -Inf, 44.18, 0.16, 1.18, NA, 13.71, Inf, 15.89, -1.02, 15, "all", 50, 502.118734729464, 0.187097231871015, 3.80649105396268, 36.7822890901546, 441.57140147155, 496.095026762511, 509.121771011468, 0.170123349949479, 0.20425953246845, 0.00883664467090699, 3.43756900572166, 75
797.95, 31.61, -Inf, 44.86, 0.24, 0.84, NA, 13.25, Inf, 13.27, -0.6, 15, "all", 100, 584.555850729366, 0.251377661816943, 3.838651629156, 37.2551955572192, 491.87320881657, 573.820922768578, 595.131083776301, 0.229387691899359, 0.274415359089822, 0.0112438444222794, 5.55001894715304, 75
697.28, 29.68, -27.31, 46.23, 0.31, 0.73, NA, 16.55, 73.55, 12.2, -0.42, 15, "all", 200, 508.025462744137, 0.351865538467408, 2.9157347131657, 35.1655908906217, 398.79590295015, 501.874633014936, 514.394714277871, 0.333238145572634, 0.371567834529398, 0.010138151692303, 3.21676362524197, 75
429.16, 33.49, -25.28, 45.12, 0.34, 1.2, NA, 11.64, 70.4, 10.69, -0.86, 20, "all", 50, 256.387395763366, 0.343497042762793, 4.32079423003368, 38.1531992037456, 256.375413107605, 246.498657877368, 268.705091335946, 0.302246548611513, 0.392548757972425, 0.0225984253427708, 6.07230334924662, 75
635.25, 31.72, -23.85, 44.8, 0.35, 0.78, NA, 13.09, 68.65, 10.8, -0.42, 20, "all", 100, 403.783357843547, 0.365393020083884, 3.74888320087975, 36.5478874741001, 403.637698700415, 392.656257819942, 414.239774294041, 0.337475820838301, 0.398704225580627, 0.0156029466174327, 5.55164244090245, 75
579.26, 31.85, -26.96, 44.12, 0.32, 0.96, NA, 12.27, 71.08, 10.89, -0.65, 20, "all", 200, 375.329754126275, 0.339436218992934, 4.03959053253188, 36.6626611497155, 375.26051164976, 372.051933810097, 379.463868966007, 0.326418391940069, 0.352472305995881, 0.00663270691781584, 1.91570081546604, 75
481.44, 33, -Inf, 43.69, 0.14, 1.43, NA, 10.69, Inf, 16.35, -1.29, 25, "all", 50, 380.082578001728, 0.159181290317211, 5.19820170935223, 38.4655808809352, 422.364598652821, 369.827820546875, 391.141392360097, 0.133857359702316, 0.188628430655063, 0.0144372776745064, 5.33449701760269, 75
562.79, 32.86, -Inf, 43.62, 0.16, 1.72, NA, 10.75, Inf, 14.81, -1.55, 25, "all", 100, 429.12008089188, 0.185538775199804, 5.05064224134284, 38.1730827476054, 485.230769827091, 420.76474197103, 437.930800557474, 0.165076983207732, 0.205940472115082, 0.0102715036283402, 4.27816461264743, 75
602.09, 33.76, -Inf, 43.6, 0.19, 1.3, NA, 9.85, Inf, 13.4, -1.11, 25, "all", 200, 431.97495474237, 0.208949005341367, 5.51286930380821, 38.5966226505189, 496.185469767166, 425.949902911632, 438.561655157041, 0.195441116601693, 0.222691389199305, 0.00696211646569803, 3.10394823425001, 75
610.37, 30.44, -Inf, 44.24, 0.16, 1.17, NA, 13.79, Inf, 16, -1.01, 15, "all", 50, 498.628458967495, 0.185441162010886, 3.78421945204725, 36.8003786296384, 439.000420537171, 492.178019480411, 506.117735939773, 0.167089310368491, 0.20255495554062, 0.00898305693457219, 3.59948556653972, 76
793.77, 31.66, -Inf, 44.8, 0.24, 0.84, NA, 13.14, Inf, 13.25, -0.6, 15, "all", 100, 580.903856862415, 0.25036789055373, 3.87652447676634, 37.2830292830332, 489.140161093964, 569.91345968583, 591.500834277983, 0.229698944800783, 0.274863986446816, 0.0114427475624441, 5.65035107449581, 76
695.97, 29.67, -27.12, 46.22, 0.31, 0.74, NA, 16.55, 73.34, 12.18, -0.42, 15, "all", 200, 506.672672055863, 0.353501629031935, 2.91515411138432, 35.1369563614884, 397.285214923868, 500.904407261826, 512.994998488463, 0.333883148090577, 0.374442526633163, 0.0103342108368364, 3.11918118569745, 76
427.15, 33.49, -25.48, 45.12, 0.34, 1.21, NA, 11.62, 70.6, 10.71, -0.87, 20, "all", 50, 255.712181612721, 0.341926305096922, 4.32834867767242, 38.1616167855112, 255.700488152629, 244.33152049188, 268.593960859651, 0.29996829047603, 0.391743261513558, 0.0233347379596345, 6.21678588257306, 76
632.34, 31.75, -24.29, 44.69, 0.35, 0.78, NA, 12.94, 68.98, 10.8, -0.43, 20, "all", 100, 402.792539186418, 0.361369808985026, 3.7976697203104, 36.575354266422, 402.663117311071, 392.298922420379, 413.137685170288, 0.333085645467444, 0.393033242228101, 0.0155010423637938, 5.26266360730589, 76
576.84, 31.84, -26.71, 44.16, 0.32, 0.96, NA, 12.33, 70.87, 10.88, -0.64, 20, "all", 200, 373.154559323588, 0.341378084621401, 4.01854106767302, 36.65509914739, 373.082299585255, 370.176363768108, 377.46725789247, 0.328505507473395, 0.354246688430119, 0.0068380115981482, 1.94830338871801, 76
478.75, 32.93, -Inf, 43.8, 0.14, 1.4, NA, 10.88, Inf, 16.37, -1.26, 25, "all", 50, 378.248266037729, 0.160088761585088, 5.09257869019969, 38.4609972769689, 420.566141827532, 368.448251325516, 388.547037039249, 0.133317712265293, 0.190648805812591, 0.0148450002858752, 5.3541333710651, 76
558.98, 32.92, -Inf, 43.49, 0.16, 1.74, NA, 10.57, Inf, 14.76, -1.58, 25, "all", 100, 425.738155409179, 0.184911957890144, 5.15012163911479, 38.165681904902, 481.223745686294, 417.971793281342, 434.173573390242, 0.165118477042378, 0.206405033812489, 0.01023491445797, 4.24806678822227, 76
599.13, 33.77, -Inf, 43.58, 0.19, 1.31, NA, 9.81, Inf, 13.35, -1.12, 25, "all", 200, 429.128154933293, 0.20966749353807, 5.53207970841495, 38.5958388658733, 493.151946423177, 423.434640255523, 435.05452929656, 0.197107516416908, 0.224351497033834, 0.00690068132134418, 3.06189091919816, 76
606.08, 30.42, -Inf, 44.33, 0.16, 1.17, NA, 13.91, Inf, 16.06, -1, 15, "all", 50, 495.84319718523, 0.185121608811648, 3.75052437512286, 36.8130864280974, 436.643125444478, 489.193426407319, 503.440354914068, 0.16748495233996, 0.204859907303034, 0.00935642890678129, 3.63487540060795, 77
788.21, 31.7, -Inf, 44.75, 0.24, 0.84, NA, 13.05, Inf, 13.22, -0.6, 15, "all", 100, 576.083573082143, 0.249896532371905, 3.90799405646307, 37.3039526137264, 485.238990668692, 563.606751120765, 587.39909976041, 0.229158243576348, 0.274537034869788, 0.0117804958245111, 5.92544108564507, 77
693.94, 29.68, -27.14, 46.24, 0.31, 0.73, NA, 16.56, 73.38, 12.18, -0.42, 15, "all", 200, 505.093778725034, 0.353280920528143, 2.9137412958907, 35.1507403187608, 396.107442660505, 499.284252989621, 511.622383758434, 0.333573614918258, 0.374691882905565, 0.0105382913747355, 3.20491340468129, 77
422.85, 33.48, -25.8, 45.12, 0.33, 1.21, NA, 11.63, 70.91, 10.75, -0.87, 20, "all", 50, 254.133131896465, 0.339683451797144, 4.32589935838387, 38.1641010391801, 254.121459771057, 244.426541280252, 267.485534535886, 0.29687086530674, 0.382252398155731, 0.0226205331379176, 5.95213354693366, 77
628.95, 31.75, -23.79, 44.74, 0.36, 0.78, NA, 12.99, 68.53, 10.76, -0.42, 20, "all", 100, 398.671378620746, 0.36560089577848, 3.77848410043826, 36.5650570133474, 398.537341688271, 388.485702574544, 409.342528026414, 0.337179498205577, 0.397492956559259, 0.0151688442383035, 5.31615186194859, 77
574.12, 31.87, -26.95, 44.15, 0.32, 0.95, NA, 12.29, 71.11, 10.89, -0.64, 20, "all", 200, 371.724091979008, 0.339360272642985, 4.03650946559263, 36.6873174815381, 371.655888740428, 368.666380972738, 376.42665625936, 0.326612122622577, 0.352072639370827, 0.00661929193879716, 1.94437193978507, 77
476.04, 32.93, -Inf, 43.77, 0.14, 1.43, NA, 10.84, Inf, 16.24, -1.29, 25, "all", 50, 375.129367226839, 0.161744651854103, 5.105321808106, 38.4389342591836, 417.557552862571, 364.348477439886, 386.633627670667, 0.135311444636827, 0.194846464157345, 0.0148257246436438, 5.54615360124171, 77
554.64, 32.94, -Inf, 43.47, 0.16, 1.75, NA, 10.54, Inf, 14.79, -1.58, 25, "all", 100, 422.721447636232, 0.184091654377785, 5.17227122601549, 38.17434160265, 477.557909045696, 414.867571815201, 431.029168959759, 0.163703660553582, 0.202854474523374, 0.00997153626907297, 4.09054949085659, 77
595.28, 33.75, -Inf, 43.59, 0.19, 1.32, NA, 9.84, Inf, 13.39, -1.12, 25, "all", 200, 426.989689564892, 0.209163659848624, 5.51490887468368, 38.5889066705281, 490.528979167872, 421.195621635355, 433.648448478492, 0.194910267102192, 0.223177828926763, 0.00737782156785943, 3.21433677637539, 77
600.14, 30.42, -Inf, 44.31, 0.16, 1.16, NA, 13.88, Inf, 16.11, -1, 15, "all", 50, 491.450438914452, 0.183958571307116, 3.76127118767992, 36.8226617616385, 433.120956968187, 484.822786549349, 498.960267398346, 0.165763057754336, 0.203180773796941, 0.0093299522503578, 3.65046250735439, 78
784.4, 31.69, -Inf, 44.81, 0.24, 0.84, NA, 13.12, Inf, 13.21, -0.6, 15, "all", 100, 572.798250644554, 0.251392858474926, 3.88065622186022, 37.2977640670212, 481.975750775141, 561.405080442895, 583.657551016234, 0.228986499482848, 0.273050853220096, 0.0116761506056959, 5.87886032078073, 78
692.42, 29.7, -27.13, 46.14, 0.31, 0.74, NA, 16.44, 73.27, 12.14, -0.42, 15, "all", 200, 503.078278090911, 0.353100220751928, 2.93553175426557, 35.1565086553232, 394.586435992163, 497.006404773595, 509.843677008328, 0.332125970777203, 0.377130406116231, 0.0108714859057148, 3.2615737551426, 78
419.2, 33.5, -26.24, 45.08, 0.33, 1.21, NA, 11.58, 71.32, 10.79, -0.88, 20, "all", 50, 252.910653673599, 0.336320281632434, 4.35279966911054, 38.184158298097, 252.89985068272, 241.113062653886, 266.055489912299, 0.294893694419136, 0.381835887565566, 0.022410399487176, 6.26197863431964, 78
625.03, 31.72, -23.79, 44.86, 0.36, 0.77, NA, 13.14, 68.66, 10.81, -0.41, 20, "all", 100, 397.115797497578, 0.365882636954707, 3.73267191089534, 36.5619618765619, 396.968488381014, 386.799403398513, 407.881578199658, 0.334230729066574, 0.399274641569244, 0.01643119236273, 5.49730452484174, 78
571.59, 31.87, -26.89, 44.16, 0.32, 0.95, NA, 12.29, 71.05, 10.89, -0.64, 20, "all", 200, 369.824074577078, 0.339820353346038, 4.03403758712731, 36.6900313033775, 369.755951750215, 366.737287757284, 374.383376073515, 0.3268711211897, 0.352535337307601, 0.0064942549327398, 1.9127203358244, 78
474.08, 32.92, -Inf, 43.8, 0.14, 1.42, NA, 10.88, Inf, 16.22, -1.27, 25, "all", 50, 373.418375075389, 0.162238549052976, 5.08351419409976, 38.4433832829707, 415.78658008925, 363.560208683984, 385.349466455619, 0.133012813073412, 0.190286370418088, 0.0146499821748032, 5.60805161114233, 78
549.91, 32.92, -Inf, 43.51, 0.16, 1.73, NA, 10.59, Inf, 14.87, -1.57, 25, "all", 100, 420.029632610908, 0.182887967207548, 5.14903391153017, 38.1907078118929, 474.135289127876, 411.92056358639, 428.841610508811, 0.16333478850269, 0.203560455206996, 0.0106828311876265, 4.45736110072049, 78
591.97, 33.79, -Inf, 43.56, 0.19, 1.32, NA, 9.78, Inf, 13.39, -1.12, 25, "all", 200, 424.640712751672, 0.208409848731807, 5.55850641432694, 38.6016270919239, 487.589813436366, 419.041853376202, 430.925648056335, 0.194345613796145, 0.221934213418417, 0.00715438143138589, 3.09593740525371, 78
594.47, 30.39, -Inf, 44.35, 0.16, 1.16, NA, 13.95, Inf, 16.26, -1, 15, "all", 50, 488.462931442618, 0.181604938259295, 3.7467084567001, 36.8390415350861, 431.18399774003, 481.894303942601, 495.754845885331, 0.163493521834066, 0.200981046592656, 0.00948900515643393, 3.56611348264981, 79
778.14, 31.71, -Inf, 44.8, 0.24, 0.83, NA, 13.08, Inf, 13.22, -0.59, 15, "all", 100, 568.233336082768, 0.250411768387134, 3.89750508073502, 37.3217309295714, 478.457243907462, 555.638077020499, 579.322320193036, 0.22883255074002, 0.276405539683218, 0.0121152189836763, 6.00674020599682, 79
690.58, 29.7, -26.69, 46.16, 0.32, 0.74, NA, 16.47, 72.85, 12.09, -0.42, 15, "all", 200, 500.374714648263, 0.356753880783258, 2.92835013919656, 35.1262008256801, 391.477283626237, 494.585189358663, 507.635394725904, 0.336276235617763, 0.377388732522545, 0.0106673498063158, 3.29117135379956, 79
416.76, 33.51, -26.52, 45.11, 0.33, 1.21, NA, 11.6, 71.63, 10.84, -0.88, 20, "all", 50, 252.094210578793, 0.334335350693378, 4.3457252635855, 38.2127855364772, 252.083426693046, 240.612596905478, 265.173518388551, 0.292761182281921, 0.383396963965684, 0.0233299049129894, 6.10928809330542, 79
621.46, 31.76, -24.08, 44.8, 0.35, 0.77, NA, 13.04, 68.88, 10.81, -0.42, 20, "all", 100, 395.166595083017, 0.363174521430133, 3.7642680735362, 36.596116429204, 395.031601009665, 384.827615504153, 404.950952529643, 0.335648651557389, 0.395474182980562, 0.0152106461469856, 5.14785816905276, 79
568.74, 31.89, -27.04, 44.11, 0.31, 0.96, NA, 12.21, 71.15, 10.88, -0.65, 20, "all", 200, 367.992402979296, 0.338523003999303, 4.06306493388201, 36.7029404614713, 367.929086583631, 365.034349531564, 372.607329842338, 0.325437496558313, 0.351656597409614, 0.0066322342985574, 1.94778909513705, 79
471.09, 32.91, -Inf, 43.83, 0.14, 1.41, NA, 10.92, Inf, 16.26, -1.27, 25, "all", 50, 371.406245297822, 0.161915820839042, 5.06061355021241, 38.4486432427254, 413.454671672621, 361.70060617182, 382.433365888769, 0.132065984788356, 0.191187544335206, 0.0151612863969526, 5.38755802686113, 79
546.09, 32.92, -Inf, 43.54, 0.16, 1.72, NA, 10.62, Inf, 14.98, -1.56, 25, "all", 100, 418.269902650847, 0.181031949266852, 5.142587075358, 38.2126812651537, 471.567953932013, 410.229660998347, 426.802270304703, 0.160162354161703, 0.201848978667754, 0.0106564068645606, 4.3334988658418, 79
588.71, 33.78, -Inf, 43.58, 0.19, 1.31, NA, 9.8, Inf, 13.38, -1.12, 25, "all", 200, 422.054381670613, 0.208904198180352, 5.5421689595873, 38.6039099265855, 484.778072262773, 416.065595617988, 428.314944545041, 0.195253275128571, 0.223078218678775, 0.00721840985530412, 3.11537609902357, 79
590.43, 30.36, -Inf, 44.45, 0.16, 1.15, NA, 14.09, Inf, 16.25, -1, 15, "all", 50, 485.259546488375, 0.182584240594534, 3.70383833561789, 36.8438823710499, 428.066977776422, 478.693380296642, 492.140292118151, 0.164816630164934, 0.200707998805914, 0.0093156942738146, 3.40312378745508, 80
773.68, 31.75, -Inf, 44.74, 0.24, 0.83, NA, 12.99, Inf, 13.16, -0.59, 15, "all", 100, 563.706616601967, 0.25090916004612, 3.92689129235244, 37.3284833081701, 474.484126246135, 551.73733916731, 575.241229038425, 0.227030279250759, 0.275932388103967, 0.0123533298718409, 6.12746296061171, 80
688.28, 29.71, -26.54, 46.16, 0.32, 0.74, NA, 16.45, 72.69, 12.07, -0.42, 15, "all", 200, 497.96795749982, 0.35792673141388, 2.930820144602, 35.121422872557, 389.281514226059, 492.11636915614, 504.50334090165, 0.33609630774007, 0.380085999011755, 0.0110824795142699, 3.23330066748367, 80
413.28, 33.56, -26.57, 45.1, 0.33, 1.2, NA, 11.55, 71.67, 10.82, -0.87, 20, "all", 50, 249.587522848925, 0.333624169005924, 4.37266909953214, 38.2548236215246, 249.577709923341, 239.501350017633, 262.953753506888, 0.292753854518574, 0.374689032867908, 0.0215029273907401, 5.95337820943084, 80
617, 31.7, -23.82, 44.93, 0.36, 0.76, NA, 13.23, 68.75, 10.85, -0.41, 20, "all", 100, 392.742195689306, 0.365940946150238, 3.70456810006199, 36.5555065702289, 392.587137512222, 381.74808326804, 403.204490373211, 0.337330217572918, 0.399807797206389, 0.0164856115056752, 5.46716854582, 80
566.09, 31.91, -26.86, 44.12, 0.32, 0.95, NA, 12.21, 70.98, 10.86, -0.64, 20, "all", 200, 365.434137008476, 0.339748463299086, 4.06462149723132, 36.7112738644761, 365.371725099758, 362.127855148538, 370.050171294478, 0.326106748469055, 0.352746539426413, 0.00689124766974128, 1.9686563872371, 80
467.07, 32.9, -Inf, 43.89, 0.15, 1.41, NA, 10.99, Inf, 15.99, -1.26, 25, "all", 50, 365.908428374143, 0.166581199954531, 5.00853043517292, 38.4331945428032, 408.589103497023, 355.904454468066, 376.529856582607, 0.138190573564493, 0.198439926623298, 0.0154582960710353, 5.27396102992294, 80
541.94, 32.92, -Inf, 43.54, 0.16, 1.72, NA, 10.62, Inf, 14.9, -1.56, 25, "all", 100, 414.118160952633, 0.182676728653867, 5.13391193134768, 38.2031681351106, 467.39513340861, 406.103607694055, 423.25611660742, 0.162704023550718, 0.20286695754065, 0.0102357190973736, 4.4131230260897, 80
585.5, 33.77, -Inf, 43.61, 0.2, 1.31, NA, 9.84, Inf, 13.29, -1.12, 25, "all", 200, 418.367037341304, 0.211343224180705, 5.50633715729647, 38.5949356534486, 481.318475262102, 412.519134068773, 425.267916639587, 0.197145950018813, 0.225354317077703, 0.00729110724935263, 3.24911041422988, 80
584.42, 30.28, -Inf, 44.55, 0.16, 1.15, NA, 14.28, Inf, 16.4, -1, 15, "all", 50, 482.419495898755, 0.181052528303548, 3.65300218782052, 36.8310733220952, 426.007611996159, 476.33215129705, 489.629218504151, 0.162336730305349, 0.201508260407375, 0.00988835657697685, 3.47880811242686, 81
768.34, 31.78, -Inf, 44.74, 0.24, 0.83, NA, 12.96, Inf, 13.1, -0.59, 15, "all", 100, 557.962321769796, 0.252600290262311, 3.93448692045258, 37.3418174285381, 469.104109011829, 546.470801676228, 569.403881251659, 0.229112904634326, 0.280803704900809, 0.0129524695166028, 5.97904780800082, 81
686, 29.7, -26.61, 46.12, 0.32, 0.74, NA, 16.42, 72.73, 12.07, -0.42, 15, "all", 200, 496.541081566777, 0.357290819463907, 2.93692924142103, 35.118322235976, 388.338207090223, 490.530435593312, 503.345105643261, 0.335510981310267, 0.380187546710007, 0.0111856265544738, 3.22097163244284, 81
410.72, 33.53, -26.79, 45.16, 0.33, 1.2, NA, 11.64, 71.95, 10.89, -0.87, 20, "all", 50, 249.018132090161, 0.332365990996249, 4.33696725141116, 38.2507617035739, 249.007473751624, 238.385966583108, 261.364247112185, 0.290858064926075, 0.378180467411426, 0.0228889591297352, 6.00642596787745, 81
614.39, 31.72, -23.8, 44.9, 0.36, 0.76, NA, 13.18, 68.7, 10.83, -0.41, 20, "all", 100, 390.514802528239, 0.3658781875287, 3.72144076463362, 36.5679912963786, 390.366861022156, 380.27078602868, 400.39049981038, 0.337490232355851, 0.40026104496842, 0.0162990232513253, 5.26769271825212, 81
563.31, 31.91, -27.02, 44.12, 0.31, 0.95, NA, 12.21, 71.14, 10.88, -0.64, 20, "all", 200, 364.12295244213, 0.338549269620946, 4.06604875119093, 36.7224255707364, 364.061292250425, 360.84372286787, 368.827742569559, 0.324773589435418, 0.352024968354199, 0.00669927017179836, 2.01945241677467, 81
463.91, 32.84, -Inf, 44.01, 0.14, 1.38, NA, 11.17, Inf, 16.18, -1.23, 25, "all", 50, 365.079105422123, 0.16483734976523, 4.92237733306141, 38.4498673545707, 407.17835172631, 354.441842978857, 375.032759980229, 0.137284810927245, 0.197575995488652, 0.0156673605763628, 5.34213986654182, 81
537.88, 32.96, -Inf, 43.54, 0.16, 1.71, NA, 10.58, Inf, 15.04, -1.55, 25, "all", 100, 412.328485961612, 0.179762955774855, 5.16827332007504, 38.2445100624974, 464.483859474623, 404.330475353068, 420.836087283999, 0.160194753539232, 0.202156984597893, 0.010479703762751, 4.22771689677617, 81
581.98, 33.79, -Inf, 43.59, 0.2, 1.32, NA, 9.79, Inf, 13.3, -1.12, 25, "all", 200, 416.002171387433, 0.210585721819086, 5.54000785089904, 38.6042854289786, 478.359800807665, 409.587156885114, 422.472884702536, 0.196734347839192, 0.226375414190852, 0.00767771143147912, 3.30427496747228, 81
581.34, 30.3, -Inf, 44.55, 0.16, 1.15, NA, 14.25, Inf, 16.36, -0.99, 15, "all", 50, 479.265479978898, 0.181617267651044, 3.65951034793736, 36.8430862932153, 423.058635589055, 472.3006320293, 486.226836089863, 0.162663768143561, 0.200545828964089, 0.00961593842956573, 3.6121572931326, 82
763.73, 31.78, -Inf, 44.75, 0.24, 0.83, NA, 12.97, Inf, 13.09, -0.59, 15, "all", 100, 554.395485583612, 0.253035366105584, 3.92967131650617, 37.3398761502538, 465.96599875897, 542.925779173399, 566.430848315415, 0.227632124988483, 0.278628575709658, 0.0130014935502729, 6.13113328372326, 82
683.59, 29.71, -26.5, 46.13, 0.32, 0.74, NA, 16.42, 72.63, 12.05, -0.42, 15, "all", 200, 494.290711333513, 0.358189126520381, 2.9358076424337, 35.1177112039039, 386.339290045986, 488.414097184832, 501.241083095301, 0.337093361729591, 0.381002367217097, 0.01146408439296, 3.27720357740252, 82
409.45, 33.53, -25.98, 45.2, 0.33, 1.19, NA, 11.67, 71.17, 10.8, -0.85, 20, "all", 50, 246.205984749226, 0.338178109499964, 4.31590757354602, 38.2268221056564, 246.194781668459, 236.310766757252, 258.503120137201, 0.296377708371897, 0.382924236184039, 0.0227026264369955, 5.96415526096675, 82
611.52, 31.75, -23.71, 44.78, 0.36, 0.77, NA, 13.03, 68.5, 10.76, -0.42, 20, "all", 100, 387.48559982664, 0.36626525340862, 3.76551664047193, 36.5669673899498, 387.351816148594, 376.542305226077, 398.158579962893, 0.336845099949365, 0.40125447189665, 0.0164025354722656, 5.51285361216016, 82
560.62, 31.93, -26.83, 44.1, 0.32, 0.95, NA, 12.17, 70.93, 10.84, -0.64, 20, "all", 200, 361.481189771563, 0.33986026511391, 4.07710572225615, 36.7206257290395, 361.421352179154, 358.426766975632, 366.065248918114, 0.326485327686255, 0.352237196327114, 0.0066329828343079, 1.93473810769576, 82
461.28, 32.81, -Inf, 43.98, 0.14, 1.4, NA, 11.16, Inf, 16.17, -1.25, 25, "all", 50, 363.02697817942, 0.165078541808018, 4.92530595986708, 38.4238064487282, 404.953308129131, 353.258002648249, 373.828231585778, 0.136814204901921, 0.196161441687335, 0.014770917418537, 5.3493055254225, 82
533.11, 32.96, -Inf, 43.6, 0.16, 1.7, NA, 10.65, Inf, 15.05, -1.54, 25, "all", 100, 408.628186596525, 0.180079849035784, 5.13099044048298, 38.2640355873194, 460.407800136625, 401.056169324405, 417.746261858667, 0.160608329764673, 0.201488132498226, 0.0106564526778661, 4.30549389804335, 82
578.37, 33.79, -Inf, 43.59, 0.19, 1.32, NA, 9.8, Inf, 13.37, -1.12, 25, "all", 200, 414.518827703799, 0.209023753768123, 5.54016020365537, 38.6090302072331, 476.16039800866, 408.29860788161, 421.216676507374, 0.194608542766432, 0.22424060342874, 0.00765956051936, 3.17626543195397, 82
577.53, 30.28, -Inf, 44.61, 0.16, 1.14, NA, 14.33, Inf, 16.34, -0.98, 15, "all", 50, 476.153510028795, 0.182442859311999, 3.63393161687422, 36.836452922001, 420.072393130976, 469.395102719657, 483.562067033654, 0.163072707762763, 0.202680523678993, 0.0101567621126115, 3.627830376691, 83
757.61, 31.82, -Inf, 44.7, 0.24, 0.83, NA, 12.88, Inf, 13.1, -0.58, 15, "all", 100, 550.112315732584, 0.251242478370928, 3.96468387296651, 37.3707129615839, 462.936186389492, 538.006699659637, 561.688951017929, 0.227662342362341, 0.277959488694347, 0.0131447475632932, 6.21998627144664, 83
681.05, 29.69, -26.4, 46.2, 0.32, 0.74, NA, 16.51, 72.6, 12.07, -0.42, 15, "all", 200, 492.74384996065, 0.359171637128134, 2.92007984303882, 35.1054105678033, 384.862472028238, 486.652347251752, 499.895916787801, 0.336572359245827, 0.381408544410052, 0.0114172497602202, 3.40969139282093, 83
404.92, 33.56, -26.45, 45.22, 0.33, 1.18, NA, 11.67, 71.67, 10.85, -0.85, 20, "all", 50, 244.440203052421, 0.334636231612187, 4.32275289585837, 38.2753565998758, 244.429526644861, 235.263752894221, 256.931476539098, 0.291638337561344, 0.380456043079077, 0.0224082349677223, 5.7028522315988, 83
608.14, 31.75, -23.42, 44.85, 0.36, 0.77, NA, 13.09, 68.26, 10.75, -0.41, 20, "all", 100, 384.305105777972, 0.368822413636228, 3.74489335782782, 36.5668076617327, 384.166491565276, 373.924210003453, 395.242748002625, 0.335718028962059, 0.40273741490038, 0.0168267256764348, 5.56288379922394, 83
556.91, 31.93, -27.01, 44.11, 0.31, 0.95, NA, 12.18, 71.12, 10.87, -0.63, 20, "all", 200, 359.684513541398, 0.338558012683651, 4.07585833353862, 36.7306639220182, 359.625108898183, 356.579948479149, 364.270513348769, 0.32527270158736, 0.3518056635601, 0.00679963617424957, 1.974696052013, 83
457.67, 32.86, -Inf, 43.95, 0.14, 1.39, NA, 11.09, Inf, 16.25, -1.25, 25, "all", 50, 360.695797673992, 0.163322707227405, 4.96701434850467, 38.4527178547621, 401.893021653018, 351.361104678075, 371.81183063398, 0.133794963629334, 0.194905655873773, 0.0153096182730795, 5.27563275756919, 83
528.86, 32.94, -Inf, 43.59, 0.16, 1.7, NA, 10.65, Inf, 15.14, -1.55, 25, "all", 100, 406.532582677429, 0.178387633311736, 5.13498060697483, 38.2589500382731, 457.532859073449, 398.093476777196, 415.263234927617, 0.15725899812902, 0.19853215040229, 0.0107987103404282, 4.38065908756811, 83
574.5, 33.79, -Inf, 43.59, 0.19, 1.32, NA, 9.81, Inf, 13.34, -1.13, 25, "all", 200, 411.241985065272, 0.209834832043892, 5.5345733130036, 38.6052174580967, 472.650146087756, 405.073986673849, 418.119251028135, 0.195464901325234, 0.226019174666462, 0.00786683541084603, 3.3170811589742, 83
570.96, 30.25, -Inf, 44.64, 0.15, 1.14, NA, 14.39, Inf, 16.48, -0.98, 15, "all", 50, 472.22924432064, 0.180266585453235, 3.62193263468672, 36.8472879741305, 417.232960003035, 465.50336940356, 480.098959802255, 0.161393892403258, 0.200881108657986, 0.0100642252212634, 3.62289028969346, 84
753.49, 31.84, -Inf, 44.69, 0.24, 0.83, NA, 12.84, Inf, 13.06, -0.58, 15, "all", 100, 546.016550521849, 0.252220198546484, 3.97421059075152, 37.3741083759602, 459.181221243054, 534.500174136785, 558.62627133909, 0.228889624309154, 0.276786451222404, 0.0128832903825629, 6.1557749258453, 84
678.98, 29.71, -26.3, 46.18, 0.32, 0.74, NA, 16.48, 72.48, 12.04, -0.42, 15, "all", 200, 490.469334722025, 0.359909895403177, 2.92522785094318, 35.1105559670039, 382.894511570644, 484.410388217718, 497.475438215379, 0.338177456971246, 0.384487996789095, 0.0117709850661401, 3.36181923924615, 84
402.52, 33.51, -26.77, 45.26, 0.33, 1.17, NA, 11.76, 72.04, 10.93, -0.85, 20, "all", 50, 244.381749895333, 0.332639434587357, 4.28785538917475, 38.2586461590112, 244.370075406117, 234.078088016133, 257.688894390022, 0.288438006009824, 0.378432890599412, 0.0236070504531689, 5.87916140373708, 84
603.69, 31.72, -23.49, 44.97, 0.36, 0.76, NA, 13.25, 68.46, 10.82, -0.4, 20, "all", 100, 382.678880279947, 0.368558673138526, 3.6983657333339, 36.5673940438201, 382.526612061939, 372.467349000741, 393.679436527209, 0.338635932569429, 0.402302627481665, 0.016711806355348, 5.40019658210767, 84
554.49, 31.94, -27.08, 44.12, 0.31, 0.94, NA, 12.18, 71.2, 10.88, -0.63, 20, "all", 200, 358.177329705873, 0.337916721427514, 4.07850752440771, 36.7482292717254, 358.11901460984, 354.884509185272, 362.69340835593, 0.324533279915612, 0.352719556357314, 0.00723663711763141, 2.0430225919852, 84
454.39, 32.66, -Inf, 44.27, 0.15, 1.35, NA, 11.61, Inf, 16.06, -1.2, 25, "all", 50, 356.750051561857, 0.170199751877574, 4.69214066385793, 38.402636227817, 399.254893769875, 346.612782543463, 366.917189704606, 0.142752912224467, 0.20539120728344, 0.0162074029868273, 5.17807312895838, 84
524.95, 32.92, -Inf, 43.66, 0.16, 1.69, NA, 10.73, Inf, 15.19, -1.53, 25, "all", 100, 403.94416696428, 0.178106707996724, 5.09336977666901, 38.2765880120068, 454.529470801396, 396.556611565946, 412.446662114334, 0.15810766913906, 0.201493435424027, 0.0110609795953742, 4.11460274894164, 84
570.84, 33.78, -Inf, 43.62, 0.2, 1.32, NA, 9.85, Inf, 13.28, -1.12, 25, "all", 200, 407.63532192421, 0.211659671981389, 5.50254426956654, 38.6008781928453, 469.070360083843, 401.458101740168, 414.083955704833, 0.195981956301136, 0.227226292083772, 0.00794190571206476, 3.32120838242002, 84
566.25, 30.14, -Inf, 44.81, 0.16, 1.13, NA, 14.66, Inf, 16.5, -0.97, 15, "all", 50, 469.237837965595, 0.181714688465727, 3.54502243864773, 36.8164150718438, 414.174166714246, 462.506234223635, 476.697080518442, 0.162177331283677, 0.202776248758159, 0.0101384310547494, 3.69696613493599, 85
746.4, 31.84, -Inf, 44.74, 0.24, 0.82, NA, 12.89, Inf, 13.14, -0.58, 15, "all", 100, 542.456534861057, 0.250136131990136, 3.96164152640956, 37.4017468078304, 456.840574831672, 529.957211149831, 554.368709207571, 0.225407275371104, 0.275853451335295, 0.0130941161951429, 6.21196790127135, 85
676.8, 29.72, -26.37, 46.12, 0.32, 0.74, NA, 16.39, 72.49, 12.03, -0.42, 15, "all", 200, 488.534972799062, 0.359127511764147, 2.94072300934958, 35.1206364517592, 381.596981036621, 482.252654947573, 495.753296732547, 0.335886814115177, 0.380054887410803, 0.0114645065715916, 3.36579352587962, 85
399.56, 33.53, -27.25, 45.3, 0.32, 1.16, NA, 11.77, 72.55, 11, -0.84, 20, "all", 50, 243.597926144888, 0.32917480649245, 4.28866791058085, 38.3054741871153, 243.586586689362, 233.078993902968, 255.772980963849, 0.284907817730491, 0.37411360018155, 0.0233564630185121, 5.91738558835956, 85
599.29, 31.73, -23.32, 45, 0.36, 0.75, NA, 13.27, 68.32, 10.8, -0.39, 20, "all", 100, 379.28479988218, 0.369978756210837, 3.69107584660895, 36.5643222997099, 379.131325933209, 368.453697394859, 390.437113549531, 0.339350416491504, 0.406140652345951, 0.0172004596810826, 5.51406811871479, 85
552.08, 31.97, -26.98, 44.08, 0.31, 0.95, NA, 12.11, 71.06, 10.84, -0.63, 20, "all", 200, 355.768405139469, 0.338504293969213, 4.10266795053198, 36.7557063588017, 355.713602199451, 352.193548307065, 360.361986189621, 0.32404503495962, 0.352190272295984, 0.00734740308188528, 2.05815969757018, 85
451.03, 32.73, -Inf, 44.21, 0.15, 1.35, NA, 11.48, Inf, 16.14, -1.21, 25, "all", 50, 354.675762991091, 0.167710363803644, 4.76291250055125, 38.4385393587726, 396.298185038507, 344.834028358567, 365.007599881377, 0.137087734504519, 0.202079954008482, 0.0159132158267628, 5.14749757715612, 85
520.78, 32.91, -Inf, 43.71, 0.16, 1.67, NA, 10.8, Inf, 15.22, -1.51, 25, "all", 100, 400.928883948832, 0.178111797187992, 5.05859673940517, 38.2904213645285, 451.133229665607, 392.500596967065, 409.787012642592, 0.157039233658598, 0.20067897712346, 0.0111183866033168, 4.33103612129093, 85
566.63, 33.79, -Inf, 43.64, 0.19, 1.31, NA, 9.85, Inf, 13.4, -1.11, 25, "all", 200, 406.363835714576, 0.208763838798032, 5.50945772453695, 38.629647084857, 466.71069215289, 400.53614139331, 412.716639805918, 0.194430792487741, 0.223250810923547, 0.00740398612533825, 3.19553747268113, 85
560.98, 30.18, -Inf, 44.79, 0.15, 1.13, NA, 14.61, Inf, 16.61, -0.97, 15, "all", 50, 465.474646737414, 0.179399947829277, 3.56536874780637, 36.8586055772529, 411.507441892402, 458.568870768572, 473.406501903869, 0.160638194913488, 0.201453312997466, 0.0103530216823677, 3.71459633329837, 86
740.78, 31.88, -Inf, 44.66, 0.24, 0.82, NA, 12.78, Inf, 13.18, -0.58, 15, "all", 100, 539.270185623618, 0.247237743722482, 4.00673141259711, 37.4309872040018, 455.062539321143, 527.30291026186, 552.549598821781, 0.221629402350455, 0.272588326669172, 0.0131780712839545, 6.27478359670731, 86
674, 29.72, -26.24, 46.12, 0.32, 0.75, NA, 16.39, 72.36, 12.01, -0.42, 15, "all", 200, 486.079996002235, 0.360162467228162, 2.94002882262725, 35.1123334322223, 379.408846633874, 479.856344587641, 492.980170239762, 0.337361186146555, 0.383648753117812, 0.0118412035768799, 3.33349832112082, 86
395.8, 33.52, -27.28, 45.37, 0.32, 1.15, NA, 11.86, 72.65, 11.04, -0.83, 20, "all", 50, 241.610842130469, 0.329139317512546, 4.25512202567178, 38.3127979066745, 241.598727776493, 231.101371227158, 253.567044433022, 0.285363418467363, 0.376064231833343, 0.0229872759789493, 5.69720633758367, 86
595.62, 31.71, -22.94, 45.04, 0.36, 0.75, NA, 13.33, 67.98, 10.77, -0.39, 20, "all", 100, 375.83783280448, 0.373441484962925, 3.67220993855258, 36.5388952462031, 375.677764138181, 364.969643335731, 386.457391159018, 0.340906662576018, 0.408400851304658, 0.0177724302663189, 5.51254062820946, 86
548.98, 31.99, -27.16, 44.06, 0.31, 0.94, NA, 12.06, 71.21, 10.85, -0.63, 20, "all", 200, 353.941173959641, 0.33705617523152, 4.1210703085823, 36.7773927768494, 353.889319876837, 350.736235672787, 358.643179489569, 0.323052928465803, 0.349763018919741, 0.00727845429535303, 2.0278267764418, 86
449.74, 32.75, -Inf, 44.15, 0.15, 1.37, NA, 11.4, Inf, 16.06, -1.22, 25, "all", 50, 353.039625944441, 0.168442296911879, 4.79748411793117, 38.4245187510013, 394.668199060413, 343.499553489469, 364.151169240097, 0.137368095048675, 0.198789531324484, 0.0155892190466388, 5.30016223207976, 86
516.75, 32.94, -Inf, 43.69, 0.16, 1.67, NA, 10.75, Inf, 15.28, -1.51, 25, "all", 100, 398.354021717779, 0.176716830934255, 5.08808787518672, 38.3059517330306, 447.826889007918, 390.43425909849, 407.435653122888, 0.155107749922057, 0.199515261542072, 0.0112213500015209, 4.31958207783216, 86
561.26, 33.8, -Inf, 43.6, 0.19, 1.31, NA, 9.79, Inf, 13.49, -1.12, 25, "all", 200, 403.924801956704, 0.206060616739399, 5.55699989508343, 38.6400884288238, 463.08126151009, 398.147580897263, 411.018398021714, 0.190110361664348, 0.221435019674091, 0.00807914808957188, 3.3313868970661, 86
556.57, 30, -Inf, 45.09, 0.15, 1.12, NA, 15.08, Inf, 16.64, -0.97, 15, "all", 50, 463.377421628237, 0.182060944599947, 3.43389355970913, 36.8024107704313, 408.897509374525, 456.709952128345, 471.881731039315, 0.1633842858371, 0.204744448082206, 0.0108071324884271, 3.83059569172391, 87
734.98, 31.87, -Inf, 44.73, 0.24, 0.81, NA, 12.86, Inf, 13.23, -0.57, 15, "all", 100, 535.814022583727, 0.246678538641393, 3.9812480201894, 37.4483515092442, 452.319447022494, 522.776632252558, 548.344212024679, 0.218835768920008, 0.275317176232794, 0.01374960243703, 6.4927421298079, 87
672.08, 29.73, -26.34, 46.08, 0.32, 0.75, NA, 16.35, 72.42, 12.01, -0.42, 15, "all", 200, 484.62038021121, 0.359279952356293, 2.94899556989489, 35.1246916316902, 378.503473711077, 478.60551610187, 491.669305556328, 0.33641237114651, 0.381203919159288, 0.0115955580241523, 3.35423987310945, 87
393.06, 33.54, -27.69, 45.35, 0.32, 1.15, NA, 11.82, 73.04, 11.07, -0.83, 20, "all", 50, 240.700309311549, 0.326169698115884, 4.27504812765521, 38.3411968940939, 240.68895340753, 230.783022977013, 253.869100714099, 0.279526385296084, 0.372206221433905, 0.0238918029734574, 5.91006978779304, 87
590.86, 31.69, -23.27, 45.11, 0.36, 0.76, NA, 13.41, 68.38, 10.85, -0.4, 20, "all", 100, 374.617994546934, 0.370759450515214, 3.64981342282087, 36.5533412705351, 374.451778269243, 363.18560057205, 386.129160942706, 0.338073726363667, 0.407081059704853, 0.0185721508400372, 5.8511530374633, 87
546.37, 32, -27.12, 44.06, 0.31, 0.94, NA, 12.07, 71.18, 10.84, -0.63, 20, "all", 200, 352.089966368825, 0.337293479738335, 4.12031813214707, 36.7809608905607, 352.038391966254, 348.680763885099, 356.624659249305, 0.323777969678085, 0.35157314919241, 0.00726499463106351, 2.02677901261565, 87
446.89, 32.75, -Inf, 44.18, 0.15, 1.36, NA, 11.43, Inf, 16.11, -1.21, 25, "all", 50, 351.094063547406, 0.167996470830028, 4.78235067793594, 38.4373675163554, 392.374822319213, 340.48407905073, 361.855302536963, 0.138036835229359, 0.201583672822472, 0.0163745985079588, 5.51630920510785, 87
512.23, 32.98, -Inf, 43.67, 0.15, 1.66, NA, 10.69, Inf, 15.4, -1.51, 25, "all", 100, 395.844906906395, 0.174209055012065, 5.13006195856151, 38.3445396737101, 444.274569063555, 387.86305357307, 404.791571782249, 0.152879588339361, 0.196291700400709, 0.010972965157337, 4.32455482780951, 87
558.78, 33.8, -Inf, 43.64, 0.19, 1.31, NA, 9.84, Inf, 13.44, -1.11, 25, "all", 200, 401.250321468611, 0.207744024225243, 5.5219014273882, 38.6395940773972, 460.527081076987, 395.341807149908, 407.886815366386, 0.192663537448806, 0.223022774269888, 0.00807969695646747, 3.29329858357924, 87
552.67, 30.06, -Inf, 45.04, 0.15, 1.12, NA, 14.98, Inf, 16.58, -0.97, 15, "all", 50, 459.224288566008, 0.182380585984072, 3.4599539421816, 36.8201954858307, 405.145620539176, 451.853829525622, 466.719144124658, 0.162345278693148, 0.204144831586269, 0.010666970450503, 3.79931847599144, 88
730.36, 31.91, -Inf, 44.67, 0.24, 0.81, NA, 12.77, Inf, 13.2, -0.58, 15, "all", 100, 531.865026711542, 0.246339441017351, 4.01289800162878, 37.4576302462018, 449.090757435158, 519.66043304246, 544.932864861532, 0.219749673445944, 0.274896654078274, 0.0136821685689841, 6.30439831326415, 88
669.11, 29.71, -25.95, 46.15, 0.32, 0.75, NA, 16.44, 72.1, 11.98, -0.42, 15, "all", 200, 481.881232353039, 0.36274752513415, 2.93092812803808, 35.086589573709, 375.458834028999, 475.486057804006, 488.552882501157, 0.338863255572727, 0.386402156725287, 0.0123303629026243, 3.37664790604321, 88
387.85, 33.52, -28.61, 45.44, 0.31, 1.13, NA, 11.92, 74.05, 11.23, -0.82, 20, "all", 50, 239.964036010293, 0.320118481107981, 4.24322847858781, 38.3853140104342, 239.952113392123, 230.087927684246, 252.573913741821, 0.27825203085042, 0.362460057994095, 0.0220676142815208, 5.62463793230754, 88
586.95, 31.68, -23.32, 45.13, 0.36, 0.75, NA, 13.44, 68.45, 10.86, -0.39, 20, "all", 100, 372.5164068645, 0.370462403775888, 3.64125756176298, 36.552359627742, 372.348033303537, 361.608573381677, 383.931799819261, 0.336655828006653, 0.405722410015721, 0.0175653963100393, 5.6682559974776, 88
542.6, 32, -27.11, 44.09, 0.31, 0.94, NA, 12.09, 71.2, 10.85, -0.62, 20, "all", 200, 349.674559550512, 0.337356261486099, 4.11167050952913, 36.7876322773267, 349.622553731083, 346.189770705638, 354.555239073516, 0.323229079664887, 0.351296211083116, 0.00737820021988047, 2.1597347238146, 88
443.07, 32.73, -Inf, 44.19, 0.15, 1.36, NA, 11.46, Inf, 16.17, -1.22, 25, "all", 50, 348.689935010297, 0.167156778826838, 4.77299136427183, 38.4323378443908, 389.468536650667, 339.239470410758, 359.308950000247, 0.136056797153247, 0.199319689581821, 0.015940324167197, 5.2837275718975, 88
509.23, 32.94, -Inf, 43.73, 0.16, 1.66, NA, 10.78, Inf, 15.22, -1.5, 25, "all", 100, 391.796327123272, 0.178014784774495, 5.06829449397081, 38.3171263312612, 440.831861599985, 384.215468549405, 400.701290482669, 0.15621521873502, 0.200695297473138, 0.0114167713599452, 4.20183844175974, 88
555.67, 33.8, -Inf, 43.63, 0.19, 1.31, NA, 9.84, Inf, 13.44, -1.12, 25, "all", 200, 399.022160229171, 0.207714546391973, 5.52456114993595, 38.6389365451411, 457.960949064354, 393.289477665195, 405.872053257128, 0.193009661496471, 0.225077829124511, 0.00801488461595477, 3.24402395577364, 88
549.27, 30.11, -Inf, 44.93, 0.15, 1.13, NA, 14.82, Inf, 16.6, -0.97, 15, "all", 50, 456.176252684436, 0.180972795203326, 3.50406924641162, 36.8400097144228, 402.848541144657, 449.480120335738, 463.808873136598, 0.160362796340006, 0.203244905525098, 0.0109212112416417, 3.69896498127313, 89
724.17, 31.94, -Inf, 44.67, 0.24, 0.81, NA, 12.73, Inf, 13.19, -0.57, 15, "all", 100, 526.884001666553, 0.246106628855413, 4.02654616105016, 37.4812893397707, 444.956246314889, 514.697986685202, 539.860781378741, 0.21913380600802, 0.274353393351051, 0.0142572347246204, 6.49965215356729, 89
666.51, 29.74, -25.87, 46.13, 0.32, 0.74, NA, 16.39, 72, 11.96, -0.42, 15, "all", 200, 479.118020910879, 0.363188694024936, 2.93938609743124, 35.100086354369, 373.197351526724, 472.680714739377, 486.384848269092, 0.340401276983625, 0.387022275862591, 0.0119634364115793, 3.53047641914288, 89
386.74, 33.57, -28.46, 45.41, 0.32, 1.14, NA, 11.84, 73.86, 11.17, -0.82, 20, "all", 50, 238.448541465619, 0.320806740939565, 4.27534492603973, 38.4074556075551, 238.437673865536, 228.796518518048, 250.408394099089, 0.279319925873605, 0.367842491947751, 0.0224771408708901, 5.59905278148919, 89
584.25, 31.73, -23.39, 45.06, 0.36, 0.75, NA, 13.34, 68.46, 10.83, -0.39, 20, "all", 100, 370.146859351448, 0.369435896178063, 3.6730526598552, 36.5841913055862, 369.992628356038, 359.386583310567, 380.91210582583, 0.339065520234852, 0.405399891824642, 0.0178460398346644, 5.64141359622226, 89
540, 32.03, -27.12, 44.06, 0.31, 0.94, NA, 12.02, 71.18, 10.83, -0.62, 20, "all", 200, 347.486743070375, 0.337055932746294, 4.13610552729827, 36.8064315322924, 347.438157688718, 343.951749490415, 352.651184948201, 0.322664575217817, 0.351735384629541, 0.00753487982817432, 2.16090266482322, 89
440.39, 32.74, -Inf, 44.16, 0.14, 1.36, NA, 11.42, Inf, 16.29, -1.21, 25, "all", 50, 347.481098730836, 0.165065120361048, 4.79893927998678, 38.4445272573811, 387.586309088915, 337.609554270838, 357.463480600434, 0.135349107527658, 0.197012260558693, 0.0161863939142058, 5.18494827094733, 89
505.28, 32.93, -Inf, 43.77, 0.16, 1.65, NA, 10.84, Inf, 15.29, -1.49, 25, "all", 100, 389.378386619596, 0.177274844997852, 5.0392898756462, 38.3309061953017, 437.892329016677, 382.291629124506, 397.914104335141, 0.155822448954489, 0.199946087558415, 0.011389512568066, 3.99313283056359, 89
551.74, 33.8, -Inf, 43.67, 0.19, 1.3, NA, 9.87, Inf, 13.44, -1.11, 25, "all", 200, 395.977405636983, 0.208125343760845, 5.50230107166707, 38.6521148742477, 454.589263502049, 390.060118091178, 402.721774189338, 0.192309415136098, 0.224717356132686, 0.00824438935612577, 3.32976908628383, 89
542.65, 30.02, -Inf, 45.15, 0.15, 1.09, NA, 15.13, Inf, 16.79, -0.94, 15, "all", 50, 452.696262425636, 0.17966455777625, 3.42960372724566, 36.8620593752604, 400.130339551133, 446.031500134116, 460.795538265839, 0.15631181333249, 0.201830485049324, 0.011575375136448, 3.73311369071909, 90
719.3, 31.88, -Inf, 44.8, 0.24, 0.81, NA, 12.92, Inf, 13.19, -0.57, 15, "all", 100, 523.085638130562, 0.248768157885, 3.95753871768107, 37.4572018719506, 440.941060095379, 510.865940561914, 534.893445399248, 0.221720476634996, 0.277274613625801, 0.0145226089042288, 6.44062754983262, 90
663.65, 29.74, -26.06, 46.1, 0.32, 0.74, NA, 16.36, 72.16, 11.98, -0.42, 15, "all", 200, 477.599377447716, 0.361562036173208, 2.94525652878933, 35.1104785799297, 372.433355275798, 470.953216905971, 484.462661054591, 0.336433601419252, 0.387658848861046, 0.0127594272508543, 3.56565008765486, 90
383.42, 33.52, -29.09, 45.52, 0.31, 1.11, NA, 12.01, 74.61, 11.32, -0.79, 20, "all", 50, 238.499536562367, 0.317019817059813, 4.21436961000029, 38.4201684828086, 238.487081152283, 227.181369055277, 250.426072107866, 0.272331787601891, 0.367412020436171, 0.0240044394642334, 5.99279682710974, 90
579.98, 31.7, -23.21, 45.11, 0.36, 0.75, NA, 13.41, 68.31, 10.84, -0.39, 20, "all", 100, 367.438140546665, 0.371306747280902, 3.64993927536927, 36.551859238704, 367.275046687938, 355.661903688302, 378.438533682385, 0.334651411536592, 0.411059116373278, 0.0190879446416756, 5.75553109131238, 90
537.3, 32.03, -27.08, 44.06, 0.31, 0.93, NA, 12.03, 71.14, 10.83, -0.62, 20, "all", 200, 345.587864929637, 0.33742613759243, 4.13337072653866, 36.8069364465338, 345.53927294996, 342.061323632776, 350.201410046358, 0.323274110119181, 0.351960019725869, 0.00741198047327409, 2.04121533276467, 90
436.89, 32.61, -Inf, 44.38, 0.15, 1.33, NA, 11.77, Inf, 16.22, -1.18, 25, "all", 50, 344.225539321831, 0.168818588105666, 4.62658982216975, 38.421489062444, 384.869611256717, 333.000960602806, 355.544441503976, 0.139533885494309, 0.20074250620907, 0.0162284065405766, 5.64889890554033, 90
501.69, 32.93, -Inf, 43.82, 0.16, 1.64, NA, 10.89, Inf, 15.22, -1.48, 25, "all", 100, 385.821751760207, 0.178881819373708, 5.00734351345106, 38.3365858473876, 434.350512747296, 377.577489117356, 394.361841896965, 0.157552813128303, 0.202194103672775, 0.0114925413444384, 4.27572749014465, 90
546.19, 33.77, -Inf, 43.7, 0.19, 1.3, NA, 9.92, Inf, 13.57, -1.11, 25, "all", 200, 393.870063697968, 0.205649678737406, 5.47823242546965, 38.6584219223988, 451.426264466749, 387.995067130696, 401.067980155904, 0.190079570262964, 0.222083583424615, 0.00820490349120645, 3.3769282071029, 90
538.87, 30.01, -Inf, 45.17, 0.15, 1.09, NA, 15.16, Inf, 16.8, -0.94, 15, "all", 50, 449.720262803032, 0.179788650379573, 3.42009047753155, 36.8562978759694, 397.465335119707, 442.573681482894, 457.375020588499, 0.159361369004479, 0.202806169556843, 0.011352932985097, 3.74555316088692, 91
712.81, 31.92, -Inf, 44.76, 0.24, 0.8, NA, 12.84, Inf, 13.28, -0.56, 15, "all", 100, 520.136591610641, 0.24468500806299, 3.9937079333386, 37.5027745784525, 439.686721447071, 507.098443536852, 533.277223162072, 0.218283583904262, 0.277604730887838, 0.0148789206244229, 6.56909194732695, 91
660.34, 29.75, -25.82, 46.15, 0.33, 0.74, NA, 16.41, 71.97, 11.96, -0.41, 15, "all", 200, 474.350898526786, 0.363541436416228, 2.93698073082643, 35.1103058193111, 369.394194873915, 467.412189522413, 481.749830987901, 0.338367665931842, 0.38879547746341, 0.0129439666740648, 3.58510903321669, 91
381.62, 33.5, -28.74, 45.36, 0.31, 1.16, NA, 11.87, 74.1, 11.22, -0.84, 20, "all", 50, 236.550117346806, 0.319292557671657, 4.26427496906374, 38.3499823485248, 236.538724698999, 226.985515041037, 249.65077737311, 0.272826178997673, 0.366039706242303, 0.0235018321730565, 5.826544239274, 91
576.34, 31.69, -23.37, 45.16, 0.36, 0.75, NA, 13.46, 68.52, 10.88, -0.39, 20, "all", 100, 365.94983213875, 0.370053126936258, 3.63528821079438, 36.5642719782245, 365.78320063295, 354.876532499413, 376.432697556319, 0.336023922530416, 0.408713117770487, 0.0185693837809417, 5.59390640159794, 91
534.08, 32.04, -27.34, 44.04, 0.31, 0.94, NA, 12, 71.38, 10.85, -0.62, 20, "all", 200, 344.180264063685, 0.335383904490641, 4.14960419025866, 36.8188116718974, 344.133803733614, 340.653848784435, 349.004991528657, 0.320508712724628, 0.350490127077471, 0.00743787513181769, 2.1521508329819, 91
433.38, 32.65, -Inf, 44.31, 0.15, 1.34, NA, 11.66, Inf, 16.25, -1.19, 25, "all", 50, 341.703522262335, 0.167472558087473, 4.67987909217274, 38.4288895631714, 381.723276714671, 331.598076833617, 352.373342629507, 0.13717681119041, 0.201227709608343, 0.0161827678716933, 5.22928035608229, 91
499.08, 32.94, -Inf, 43.77, 0.16, 1.65, NA, 10.83, Inf, 15.22, -1.49, 25, "all", 100, 383.842137417962, 0.178450472299734, 5.04347914628492, 38.3275035581784, 432.00370001388, 375.829350107294, 392.417686501558, 0.157216088465368, 0.199660938746934, 0.0108094135634351, 4.10751580073658, 91
543.54, 33.79, -Inf, 43.73, 0.19, 1.29, NA, 9.94, Inf, 13.5, -1.09, 25, "all", 200, 390.774061466459, 0.207349987257949, 5.4618117375145, 38.6735276700532, 448.382794251527, 384.927038184789, 398.061282187165, 0.190491471864083, 0.224747467393388, 0.00874613921472867, 3.41686899961629, 91
534.49, 29.83, -Inf, 45.4, 0.17, 0.63, NA, 15.57, Inf, 16.74, -0.46, 15, "all", 50, 446.942768187175, 0.183872805105182, 3.31069702018728, 36.7542668235272, 393.894230389578, 439.548182407245, 455.103167797126, 0.160567977837384, 0.207477031810321, 0.0117636294212992, 4.00304980931621, 92
705.9, 31.9, -Inf, 44.81, 0.23, 0.8, NA, 12.9, Inf, 13.36, -0.57, 15, "all", 100, 516.72696117376, 0.242839034767512, 3.97430677478046, 37.5201905173987, 437.358312771976, 503.730063490479, 529.838928847794, 0.214571353488891, 0.271439437089482, 0.0144609295804718, 6.71659750227348, 92
657.99, 29.75, -25.79, 46.17, 0.33, 0.74, NA, 16.42, 71.96, 11.96, -0.41, 15, "all", 200, 472.579553394313, 0.363819039432034, 2.93423182294607, 35.1113012328201, 367.943507394051, 466.432794530289, 480.068284923952, 0.337995340980972, 0.388969450769356, 0.0129134025215686, 3.57507416515771, 92
378.34, 33.54, -29.12, 45.39, 0.31, 1.15, NA, 11.85, 74.51, 11.26, -0.84, 20, "all", 50, 235.023691469076, 0.316602840040438, 4.27492168360826, 38.4045567169271, 235.012953464958, 226.101293776723, 246.869726692122, 0.274262185788047, 0.362404045994038, 0.0227949273592203, 5.55563649090238, 92
571.8, 31.66, -23.1, 45.3, 0.36, 0.73, NA, 13.64, 68.4, 10.91, -0.37, 20, "all", 100, 362.942067889361, 0.372740085927837, 3.58554073019581, 36.5496298773288, 362.75729690132, 351.739717814723, 373.498382715119, 0.337511057562036, 0.412460851909779, 0.0189685543583158, 5.64279362898467, 92
531.19, 32.05, -27.28, 44.06, 0.31, 0.93, NA, 12, 71.34, 10.85, -0.62, 20, "all", 200, 342.026423249497, 0.335804140972736, 4.14531653645473, 36.8286616628301, 341.980055811959, 338.341135228338, 346.93840041613, 0.319763442203776, 0.351625467427888, 0.00803298906958358, 2.18306971022771, 92
432.21, 32.67, -Inf, 44.28, 0.15, 1.37, NA, 11.61, Inf, 15.87, -1.21, 25, "all", 50, 337.833663604287, 0.173270461474009, 4.68043774626921, 38.3880511969207, 378.851857330216, 327.477531519276, 347.453652641931, 0.142914269414672, 0.207406194378849, 0.0164406379806983, 5.13503736134254, 92
493.61, 32.88, -Inf, 43.88, 0.16, 1.63, NA, 11, Inf, 15.39, -1.47, 25, "all", 100, 381.337509667933, 0.176741375756835, 4.96039709805433, 38.3420338291398, 428.684897863713, 373.213372247164, 389.42579455543, 0.155768741350636, 0.200497333926095, 0.0114626089383481, 4.2699034595287, 92
539.58, 33.8, -Inf, 43.7, 0.19, 1.29, NA, 9.9, Inf, 13.54, -1.1, 25, "all", 200, 388.585595730242, 0.206031970006693, 5.48873185614144, 38.6752763439645, 445.483704440697, 382.567062215436, 395.327232782843, 0.189687353582332, 0.223161010911623, 0.00853548226420538, 3.30655423468206, 92
529.97, 29.87, -Inf, 45.35, 0.17, 0.63, NA, 15.48, Inf, 16.81, -0.46, 15, "all", 50, 443.368182724417, 0.181899963508023, 3.33686972926998, 36.7928872859365, 391.276518412513, 436.215634606296, 451.158556282651, 0.160623532521232, 0.205761112180203, 0.0116487508194057, 3.88654763115063, 93
699.96, 31.93, -Inf, 44.78, 0.23, 0.79, NA, 12.85, Inf, 13.41, -0.56, 15, "all", 100, 513.170934326063, 0.240770647742593, 3.9963830716215, 37.5454283028666, 434.966133531168, 500.537911727989, 526.871590953415, 0.214108513276469, 0.270572869586935, 0.0147882206034236, 6.64443423259363, 93
655.21, 29.77, -25.69, 46.15, 0.33, 0.74, NA, 16.38, 71.83, 11.93, -0.41, 15, "all", 200, 469.699406208199, 0.36455280048582, 2.94170232325746, 35.1186400599997, 365.520467761846, 463.39805856255, 477.101477383881, 0.341361219357446, 0.390203278227936, 0.0125158568125993, 3.49834545197662, 93
376.43, 33.53, -29.3, 45.44, 0.31, 1.13, NA, 11.91, 74.74, 11.31, -0.82, 20, "all", 50, 234.382819479298, 0.31545870308778, 4.25499829686622, 38.4188586424507, 234.371681514068, 223.674494087414, 246.862414589387, 0.271725795829596, 0.368082425017382, 0.0246062135443681, 5.85959361092128, 93
568.21, 31.7, -23.28, 45.18, 0.36, 0.74, NA, 13.49, 68.46, 10.87, -0.38, 20, "all", 100, 360.435561382036, 0.370802789104126, 3.62887371779616, 36.5692481989124, 360.269561218356, 349.019609209564, 371.011878882937, 0.334665620708527, 0.410810793724459, 0.0193519675781717, 5.67398615386339, 93
528.38, 32.07, -27.18, 44.02, 0.31, 0.93, NA, 11.95, 71.2, 10.82, -0.62, 20, "all", 200, 339.588509954857, 0.336421559077268, 4.16439464806144, 36.828180566663, 339.544310898945, 336.094223100427, 344.23279374377, 0.322518192397124, 0.352278149700596, 0.00766769114027105, 2.14814246984138, 93
429.17, 32.7, -Inf, 44.28, 0.15, 1.36, NA, 11.57, Inf, 15.84, -1.21, 25, "all", 50, 335.076494884278, 0.1734697297479, 4.69830827952376, 38.405235377808, 375.815433124494, 325.306822247139, 345.318887633947, 0.144495847106463, 0.206056477309176, 0.0157463572971198, 5.15636976598497, 93
489.18, 32.95, -Inf, 43.81, 0.15, 1.63, NA, 10.85, Inf, 15.49, -1.48, 25, "all", 100, 378.640416787902, 0.173908333122895, 5.04729811604272, 38.380537148455, 424.870270722497, 371.177708758104, 387.007969835407, 0.15194628369693, 0.196008317144494, 0.01119678573289, 4.01577611429926, 93
536.06, 33.79, -Inf, 43.72, 0.19, 1.29, NA, 9.92, Inf, 13.56, -1.1, 25, "all", 200, 386.366520809878, 0.205645328390249, 5.4783808885247, 38.6794575798413, 442.825493391129, 380.363041670272, 393.057466258146, 0.189942148534989, 0.222527042447095, 0.00829663395716124, 3.33982895000121, 93
526.87, 29.95, -Inf, 45.28, 0.17, 0.62, NA, 15.33, Inf, 16.77, -0.45, 15, "all", 50, 439.891713698875, 0.181509973057648, 3.37463831476103, 36.8278472410312, 388.315978505097, 432.445671225466, 447.572912041586, 0.15878782838223, 0.202657585668239, 0.0109995313153634, 3.85344253638541, 94
693.81, 31.94, -Inf, 44.81, 0.24, 0.78, NA, 12.87, Inf, 13.32, -0.55, 15, "all", 100, 506.534198812673, 0.243899054278932, 3.98327476553382, 37.5416760218647, 428.419330165156, 493.234450390046, 519.847890856526, 0.215951745364159, 0.27540593929916, 0.015718107998926, 6.89017514921214, 94
650.78, 29.74, -25.7, 46.25, 0.33, 0.74, NA, 16.51, 71.94, 11.98, -0.41, 15, "all", 200, 467.587392655301, 0.364784088159305, 2.91787917747158, 35.105202712111, 363.807964179681, 460.486556352041, 475.196835638177, 0.337342311833408, 0.391808435004512, 0.0131111139902473, 3.75607083161014, 94
372.97, 33.54, -29.37, 45.51, 0.31, 1.12, NA, 11.97, 74.88, 11.34, -0.81, 20, "all", 50, 232.424927211924, 0.31505990738271, 4.23237660014308, 38.4410515912881, 232.413412022608, 222.40167360933, 244.298449698711, 0.273797326938669, 0.360531845408001, 0.0227935589636855, 5.53124979743885, 94
563.67, 31.59, -22.21, 45.54, 0.36, 0.73, NA, 13.95, 67.75, 10.91, -0.36, 20, "all", 100, 356.340557365909, 0.381445567392678, 3.49559530084883, 36.4760183533027, 356.114232096449, 344.86995901947, 367.581646342102, 0.34500227130754, 0.426373468136564, 0.0210875232454031, 5.90925795344751, 94
524.41, 32.07, -27.31, 44.06, 0.31, 0.93, NA, 11.99, 71.36, 10.85, -0.62, 20, "all", 200, 337.518943373236, 0.335551326349867, 4.15152633886315, 36.8417309671026, 337.474088062572, 333.580033031556, 342.29273538069, 0.319859192045349, 0.350840390668099, 0.00797074861566313, 2.2104535583491, 94
425.44, 32.53, -Inf, 44.51, 0.15, 1.33, NA, 11.98, Inf, 16.02, -1.18, 25, "all", 50, 333.741605062736, 0.173901192084003, 4.51554255296884, 38.3759361934019, 374.370940576781, 324.220087328725, 344.59792866439, 0.142173197677681, 0.20802611281424, 0.0169927637957072, 5.22566490187727, 94
484.05, 32.97, -Inf, 43.82, 0.15, 1.63, NA, 10.86, Inf, 15.61, -1.48, 25, "all", 100, 375.643032860759, 0.171919426627485, 5.05483472008567, 38.4077248696082, 420.953542343654, 367.775068995021, 384.694128540282, 0.149157799953511, 0.196296026778901, 0.0119399070387432, 4.37533050765353, 94
531.24, 33.77, -Inf, 43.8, 0.19, 1.27, NA, 10.03, Inf, 13.67, -1.08, 25, "all", 200, 384.028138386996, 0.204431742501407, 5.41646813241165, 38.7031678871201, 439.787447305682, 377.63602836134, 391.228324353826, 0.186705462688371, 0.221128856786135, 0.00861707153541794, 3.49059519150476, 94
521.4, 29.94, -Inf, 45.29, 0.17, 0.61, NA, 15.35, Inf, 16.81, -0.44, 15, "all", 50, 435.659657068342, 0.180879615092866, 3.37134016437463, 36.8372562351186, 384.746469445373, 428.744149478464, 443.106379343774, 0.158305910744486, 0.203601651243926, 0.0117502599261038, 3.73553335661007, 95
686.27, 31.94, -Inf, 44.84, 0.23, 0.78, NA, 12.9, Inf, 13.38, -0.55, 15, "all", 100, 502.132641446761, 0.242240981931857, 3.97838093665146, 37.5613488773187, 425.180357754736, 489.160212812111, 515.101416400135, 0.213071792224977, 0.27522591074921, 0.0157673868472975, 6.70965962819293, 95
648.25, 29.75, -25.79, 46.17, 0.33, 0.74, NA, 16.43, 71.97, 11.96, -0.41, 15, "all", 200, 465.644926545633, 0.363819998526047, 2.93295650369658, 35.1107643499417, 362.543491742438, 458.684742964275, 473.141821629245, 0.336474116678868, 0.389964396698455, 0.0131971916128388, 3.65858581281223, 95
369.88, 33.56, -29.49, 45.53, 0.31, 1.11, NA, 11.97, 75.03, 11.35, -0.8, 20, "all", 50, 230.56330955628, 0.314103122328753, 4.23459505719047, 38.475917077919, 230.552144475106, 220.363785476454, 242.487211143383, 0.270136088068828, 0.366283077144219, 0.0240534719353697, 5.69474938341967, 95
560.16, 31.65, -22.17, 45.39, 0.36, 0.73, NA, 13.74, 67.56, 10.82, -0.37, 20, "all", 100, 352.561985631735, 0.381092795686566, 3.55213204339132, 36.5042350236495, 352.365574890425, 341.784236286227, 364.027853041387, 0.345244563822202, 0.423650237857471, 0.0197177308785429, 5.58530487048198, 95
521.8, 32.08, -27.19, 44.02, 0.31, 0.93, NA, 11.94, 71.22, 10.82, -0.61, 20, "all", 200, 335.171222959963, 0.336244142256655, 4.16940616529152, 36.8432420514771, 335.128391851665, 331.34202155403, 340.472087198771, 0.318694432044499, 0.352577987661109, 0.00848605013824279, 2.29545828609091, 95
422.66, 32.58, -Inf, 44.51, 0.15, 1.32, NA, 11.92, Inf, 15.9, -1.16, 25, "all", 50, 330.417127083337, 0.175368602278913, 4.53631674129573, 38.4005918791716, 371.012080352003, 320.220809760814, 340.970919117959, 0.144211754351256, 0.214177475689777, 0.0178857870312358, 5.28028922275258, 95
480.67, 32.86, -Inf, 43.88, 0.15, 1.63, NA, 11.02, Inf, 15.61, -1.48, 25, "all", 100, 373.456072471259, 0.173042104898129, 4.96389824454573, 38.3614607945479, 418.797329542019, 365.602228231631, 382.096145641308, 0.150147928229713, 0.194780240157173, 0.0115975498853506, 4.25873896390401, 95
527.03, 33.76, -Inf, 43.82, 0.19, 1.27, NA, 10.06, Inf, 13.69, -1.08, 25, "all", 200, 381.248236402677, 0.204285676441341, 5.39725409914437, 38.7038500845764, 436.560226810212, 374.304504668923, 388.421960113657, 0.186247576928593, 0.221532998212578, 0.0090086301962322, 3.46899533081108, 95
515.56, 29.94, -Inf, 45.36, 0.17, 0.6, NA, 15.42, Inf, 17.02, -0.43, 15, "all", 50, 432.219593726713, 0.177571694326752, 3.36342248364877, 36.8974813421807, 382.576510676798, 425.240465524575, 440.208211791427, 0.155973261282515, 0.202429801722782, 0.0120591716218117, 3.75340358368499, 96
683.06, 31.96, -Inf, 44.78, 0.23, 0.79, NA, 12.82, Inf, 13.38, -0.55, 15, "all", 100, 499.922241357179, 0.241243093655951, 4.00576381378706, 37.5655953977728, 423.599163459786, 486.449762390698, 512.951447820458, 0.213704644554591, 0.273504728860594, 0.0152032898634597, 6.74236943371218, 96
644.53, 29.77, -25.74, 46.19, 0.33, 0.74, NA, 16.42, 71.93, 11.95, -0.41, 15, "all", 200, 462.305528183863, 0.364084640831094, 2.93500498900216, 35.1317341536304, 359.880165830403, 455.001888180512, 469.980347442519, 0.33842805030171, 0.391792567644418, 0.0138496721606366, 3.89364184783497, 96
365.27, 33.53, -30.46, 45.58, 0.3, 1.12, NA, 12.05, 76.04, 11.51, -0.82, 20, "all", 50, 230.099737849175, 0.308178403579038, 4.21245647520949, 38.4973295437162, 230.088126944217, 220.836453965036, 241.453378191457, 0.264824620915207, 0.351864602561121, 0.0224057928732153, 5.3543191244037, 96
556.57, 31.66, -22.53, 45.38, 0.36, 0.73, NA, 13.72, 67.91, 10.86, -0.37, 20, "all", 100, 351.435033064813, 0.377774068128774, 3.55941361572608, 36.5328385147663, 351.244591282538, 340.205882269275, 362.958196675423, 0.34090973179903, 0.420886745204062, 0.0203832329276687, 5.91416665291992, 96
518.31, 32.09, -27.46, 44.01, 0.31, 0.92, NA, 11.92, 71.47, 10.85, -0.61, 20, "all", 200, 333.603999431776, 0.334253746268437, 4.1792861267647, 36.8586338556205, 333.562587361278, 330.068229490768, 338.39488459331, 0.317833622470946, 0.350570178650782, 0.00834069497256877, 2.19943011610441, 96
419.4, 32.57, -Inf, 44.52, 0.15, 1.31, NA, 11.95, Inf, 16.15, -1.16, 25, "all", 50, 329.763544879208, 0.171457330264525, 4.53778168035839, 38.4269737645692, 369.321405753576, 320.000665685041, 339.71655225844, 0.139248029599617, 0.210073030661384, 0.0171908360622117, 5.21838839758183, 96
478.15, 32.9, -Inf, 43.89, 0.15, 1.62, NA, 10.99, Inf, 15.59, -1.47, 25, "all", 100, 371.123988886843, 0.173174492171084, 4.97877162843942, 38.3829453501812, 416.22255183914, 363.598345873005, 379.43240450618, 0.150905660796991, 0.197588092816771, 0.0121639104719272, 4.2756196872115, 96
524.26, 33.78, -Inf, 43.82, 0.19, 1.27, NA, 10.04, Inf, 13.65, -1.08, 25, "all", 200, 378.63981815507, 0.204959285233835, 5.40919835882547, 38.7091584317187, 433.768247438503, 372.220602077922, 385.402313104163, 0.189097127894524, 0.223472387460062, 0.00884275570299277, 3.4432680529678, 96
512.62, 29.84, -Inf, 45.48, 0.17, 0.61, NA, 15.64, Inf, 17.02, -0.44, 15, "all", 50, 430.55203426827, 0.179057904078448, 3.30739203391421, 36.8425389925936, 380.706433550727, 423.13132973791, 438.543164602987, 0.155555084348596, 0.205218904148381, 0.0123758422471271, 3.94007863289635, 97
676.58, 31.96, -Inf, 44.85, 0.23, 0.77, NA, 12.9, Inf, 13.39, -0.54, 15, "all", 100, 495.084430119185, 0.241863705944818, 3.97908547087891, 37.5776501342635, 419.320946244171, 481.078318801088, 509.313033957331, 0.211953281237727, 0.276062270191677, 0.0165667519787203, 6.95347181326327, 97
641.41, 29.76, -25.46, 46.24, 0.33, 0.73, NA, 16.47, 71.69, 11.93, -0.41, 15, "all", 200, 459.460986410474, 0.366617413058315, 2.923629791556, 35.1102826975204, 357.038244022351, 452.699402632357, 467.743159423483, 0.338809186919616, 0.39498331753921, 0.0140750779736675, 3.75392310031029, 97
363.35, 33.56, -30.44, 45.6, 0.3, 1.1, NA, 12.03, 76.04, 11.5, -0.8, 20, "all", 50, 228.609509087923, 0.308124364006666, 4.21888735155475, 38.5254769555301, 228.598306319565, 218.229421459022, 240.940134352982, 0.264762845541531, 0.355644115954936, 0.0236307093756175, 5.68933146837907, 97
551.38, 31.61, -22.5, 45.51, 0.36, 0.73, NA, 13.9, 68.01, 10.92, -0.37, 20, "all", 100, 349.228824748059, 0.378652009882469, 3.51074031766624, 36.5053650984223, 349.016634644515, 337.660984838496, 360.572967575492, 0.340906685726848, 0.419019063794532, 0.0203263717420258, 5.77647080892119, 97
515.38, 32.09, -27.16, 44.05, 0.31, 0.93, NA, 11.96, 71.22, 10.82, -0.61, 20, "all", 200, 330.867213629167, 0.336445632088698, 4.16240607704448, 36.8568250226837, 330.824583313524, 326.808528439664, 335.424990934096, 0.320969724498566, 0.352656353751924, 0.0080922208806783, 2.18388490745765, 97
417.15, 32.64, -Inf, 44.47, 0.15, 1.31, NA, 11.84, Inf, 16.19, -1.16, 25, "all", 50, 328.219667131281, 0.169646697729127, 4.59444169976504, 38.4649564837448, 367.170801318184, 318.874615512766, 338.281604397816, 0.139341209355287, 0.20456512858402, 0.0166213626579106, 5.01694419213178, 97
473.34, 32.98, -Inf, 43.83, 0.15, 1.62, NA, 10.85, Inf, 15.74, -1.47, 25, "all", 100, 368.444110627438, 0.169606371241081, 5.06882032719818, 38.4342757851754, 412.25632726146, 360.714189880962, 376.65410342902, 0.148730676026018, 0.193858841630845, 0.0116363975698068, 4.15244887867691, 97
519.18, 33.77, -Inf, 43.89, 0.19, 1.25, NA, 10.12, Inf, 13.64, -1.06, 25, "all", 200, 374.617123434175, 0.205884392413566, 5.35702554832556, 38.7290897728736, 429.420152416919, 367.634018565675, 381.474197646957, 0.188268841160509, 0.223624518345651, 0.00922555691778756, 3.62461638454137, 97
509.89, 29.95, -Inf, 45.29, 0.17, 0.62, NA, 15.34, Inf, 16.88, -0.45, 15, "all", 50, 426.478302262111, 0.179542777749062, 3.37717514774308, 36.8571356784898, 376.984640608236, 419.792060028801, 434.01690188022, 0.157967876486745, 0.203628973050604, 0.0119889782005813, 3.70267476336013, 98
669.54, 31.9, -Inf, 44.95, 0.23, 0.77, NA, 13.05, Inf, 13.48, -0.54, 15, "all", 100, 491.556440317203, 0.241141205700972, 3.9306765110299, 37.5722310751938, 416.538885877354, 478.545804862691, 505.870028768177, 0.210930495590286, 0.27731303320954, 0.0167358261805848, 6.8612589785365, 98
636.71, 29.77, -25.66, 46.26, 0.33, 0.73, NA, 16.49, 71.92, 11.97, -0.4, 15, "all", 200, 456.744055714651, 0.364859943795844, 2.92131861993727, 35.1328800016678, 355.355887048899, 450.024333305103, 464.828129186933, 0.336191451679475, 0.392935294930995, 0.014567013536681, 3.8690556714379, 98
362.34, 33.53, -30.59, 45.59, 0.3, 1.11, NA, 12.06, 76.18, 11.53, -0.81, 20, "all", 50, 228.513326968638, 0.307399212978321, 4.20998858507881, 38.5062912767432, 228.501781227961, 218.113319963136, 240.522010261182, 0.26267427299947, 0.357730673316363, 0.0242849623808452, 5.66757452841519, 98
546.44, 31.59, -23.01, 45.55, 0.36, 0.72, NA, 13.96, 68.56, 11.01, -0.36, 20, "all", 100, 348.312571056322, 0.374341492963122, 3.49763384632574, 36.5264938680978, 348.09694410196, 337.409579148774, 360.037942330817, 0.334114527478859, 0.414744383791201, 0.0205929711583023, 5.72926669967042, 98
511.46, 32.11, -27.32, 44.05, 0.31, 0.92, NA, 11.94, 71.37, 10.84, -0.61, 20, "all", 200, 328.534137401206, 0.335175684732292, 4.1735811072007, 36.8791440812833, 328.493275282592, 324.695573270781, 333.653652505461, 0.318389953202353, 0.350357562540356, 0.00800993472365364, 2.23047412340922, 98
413.26, 32.66, -Inf, 44.43, 0.15, 1.31, NA, 11.77, Inf, 16.31, -1.17, 25, "all", 50, 325.984673206218, 0.167281148594424, 4.63165773963141, 38.4832914256753, 364.10980476869, 315.944776695944, 336.533381073997, 0.136200010521261, 0.202067298938089, 0.0171558956931602, 5.40580749251136, 98
470.27, 32.88, -Inf, 43.9, 0.15, 1.62, NA, 11.02, Inf, 15.86, -1.47, 25, "all", 100, 367.359657871062, 0.168968331745722, 4.9806527146759, 38.4094929646008, 410.854197854138, 358.564121209224, 376.387301842992, 0.145274234300201, 0.192860986980007, 0.0122757634279102, 4.37204433635644, 98
515.98, 33.77, -Inf, 43.84, 0.19, 1.28, NA, 10.07, Inf, 13.66, -1.09, 25, "all", 200, 372.778663143929, 0.20499087547558, 5.39074553381607, 38.7109211108086, 427.06141978582, 365.945488930678, 379.746096411041, 0.187189966388306, 0.223679572445814, 0.00925373102754296, 3.51215992379706, 98
504.8, 29.88, -Inf, 45.48, 0.17, 0.61, NA, 15.6, Inf, 16.97, -0.44, 15, "all", 50, 423.243586089589, 0.179820475427545, 3.31491781172008, 36.8616071567358, 374.049075230749, 416.609437685273, 431.216173495348, 0.155807879062721, 0.206689409551977, 0.0129162508653952, 3.81880315572533, 99
664.85, 31.97, -Inf, 44.76, 0.23, 0.78, NA, 12.79, Inf, 13.48, -0.55, 15, "all", 100, 488.51481876829, 0.237713882637544, 4.02294898728602, 37.5950242945319, 414.937881219805, 474.686285908144, 502.073993809399, 0.207146635037605, 0.271411948592454, 0.0165717900114198, 6.82007554307169, 99
632.92, 29.78, -25.87, 46.25, 0.33, 0.73, NA, 16.47, 72.12, 11.99, -0.4, 15, "all", 200, 454.524170178814, 0.363061469935936, 2.92515236041751, 35.1525426654359, 354.068534618046, 447.295612569179, 461.996152536492, 0.335837566572518, 0.394113751625479, 0.0152793278725163, 3.9498025225259, 99
358.72, 33.53, -30.77, 45.67, 0.3, 1.08, NA, 12.15, 76.44, 11.59, -0.78, 20, "all", 50, 226.791919012403, 0.306332631942688, 4.17891432450497, 38.5270393718058, 226.779719236987, 217.763486274685, 238.30490990816, 0.26428427906233, 0.354480433397505, 0.0232848574107383, 5.43905195181576, 99
543.08, 31.65, -23.57, 45.45, 0.35, 0.72, NA, 13.8, 69.02, 11.02, -0.36, 20, "all", 100, 346.915208273771, 0.368912283229471, 3.5447301810516, 36.5940973831714, 346.72631937079, 335.362962900056, 358.001025357789, 0.329653693170311, 0.410771493659744, 0.0208895593380345, 5.89069984595509, 99
507.86, 32.09, -27.4, 44.03, 0.31, 0.93, NA, 11.94, 71.43, 10.84, -0.62, 20, "all", 200, 326.747078195012, 0.334713663925704, 4.17151234169113, 36.8596797779478, 326.70585483895, 323.319462351938, 331.723677688454, 0.317692147647424, 0.351113836941264, 0.00852786755238024, 2.21143213373845, 99
411.98, 32.65, -Inf, 44.4, 0.15, 1.33, NA, 11.75, Inf, 16.21, -1.18, 25, "all", 50, 324.319631127534, 0.168756437451404, 4.63752678139303, 38.4563441363028, 362.604118953684, 314.574529808672, 334.819992494136, 0.137278003151397, 0.204660063933608, 0.0174555229114742, 5.2135717925793, 99
466.78, 32.88, -Inf, 43.93, 0.15, 1.61, NA, 11.05, Inf, 15.87, -1.46, 25, "all", 100, 364.682526750082, 0.168969932544501, 4.96697257392187, 38.4181259208924, 407.858788413084, 356.596158721127, 373.563064639197, 0.146855147874955, 0.194700434058948, 0.0118751365320103, 4.30344636415716, 99
511.1, 33.77, -Inf, 43.88, 0.19, 1.27, NA, 10.11, Inf, 13.73, -1.08, 25, "all", 200, 370.001564265654, 0.203748027233303, 5.37414100415271, 38.7335018737408, 423.529863859088, 363.582136604194, 377.362591758507, 0.184923300005179, 0.22153073492224, 0.00937358109578035, 3.51482829641033, 99
503.17, 29.93, -Inf, 45.43, 0.17, 0.61, NA, 15.51, Inf, 16.98, -0.44, 15, "all", 50, 421.649940066424, 0.178846972793446, 3.33911631356977, 36.8924802051282, 372.892226815535, 414.474265337426, 429.575958235707, 0.156108987508829, 0.204117206274528, 0.0123208127900836, 3.8864696773844, 100
659.94, 31.94, -Inf, 44.85, 0.23, 0.77, NA, 12.91, Inf, 13.54, -0.55, 15, "all", 100, 485.771236800921, 0.237499259856139, 3.98469208696617, 37.5990566921915, 412.66796440794, 471.955701760546, 498.759697036016, 0.207442333000586, 0.272875297291782, 0.0167466833308009, 6.8832554244372, 100
627.02, 29.8, -25.95, 46.22, 0.33, 0.73, NA, 16.42, 72.17, 11.98, -0.4, 15, "all", 200, 449.812217481083, 0.362184070223861, 2.93649078111061, 35.1806850992914, 350.615383016755, 442.282016458811, 458.364965398814, 0.334186034472015, 0.393037183583979, 0.0151600542636865, 4.1400990806994, 100
357.49, 33.52, -30.95, 45.69, 0.3, 1.08, NA, 12.17, 76.64, 11.62, -0.78, 20, "all", 50, 226.432715818007, 0.305297053003479, 4.17162483235722, 38.535316065571, 226.420375694042, 215.664692473397, 238.586849889959, 0.261651571952406, 0.355440723131211, 0.0241918055825657, 5.70570359776719, 100
538.04, 31.64, -23.58, 45.52, 0.35, 0.71, NA, 13.88, 69.09, 11.05, -0.36, 20, "all", 100, 344.135181315071, 0.36903697679946, 3.52327662286399, 36.591680451114, 343.938889909056, 332.72564212588, 356.054284496372, 0.327245767201436, 0.414153453243309, 0.0219750397808142, 5.92777694295117, 100
503.1, 32.09, -27.89, 44.11, 0.31, 0.92, NA, 12.02, 71.99, 10.93, -0.61, 20, "all", 200, 325.296961656364, 0.331304082391134, 4.14869117780976, 36.8960108089215, 325.254632497453, 321.473083906644, 330.673125025512, 0.31389637814226, 0.347941209058606, 0.00855141400829201, 2.37081899147338, 100
408.42, 32.62, -Inf, 44.48, 0.15, 1.3, NA, 11.86, Inf, 16.43, -1.16, 25, "all", 50, 323.038090455157, 0.166024503488198, 4.59912861070101, 38.492118103575, 360.510244483718, 313.396057921893, 333.123170661994, 0.134002500551257, 0.200006993503321, 0.0166090976747418, 5.05377944689387, 100
463.63, 32.89, -Inf, 43.96, 0.15, 1.6, NA, 11.08, Inf, 15.92, -1.45, 25, "all", 100, 362.579606743269, 0.168280217666901, 4.95548704868181, 38.4393379970034, 405.320665603706, 353.789403716096, 370.524341331045, 0.144511231682497, 0.194034054634834, 0.0123444804168706, 4.10585482867113, 100
507.42, 33.76, -Inf, 43.91, 0.19, 1.25, NA, 10.15, Inf, 13.79, -1.06, 25, "all", 200, 368.056117095845, 0.202718107892767, 5.35451074262826, 38.7465323055699, 421.014022002873, 360.833079816078, 375.747096222934, 0.183654963314942, 0.221041719043337, 0.0098546805033234, 3.7584790945733, 100
