"rmax", "topt", "ctmin", "ctmax", "e", "eh", "q10", "thermal_safety_margin", "thermal_tolerance", "breadth", "skewness", "tAdaptation", "line", "mediumConcentration", "r_tref", "e_from_fit", "eh_from_fit", "th", "r_tadapt", "r_tref_0025", "r_tref_0975", "e_from_fit_0025", "e_from_fit_0975", "sd_e_from_fit", "sd_r_tref", "speed_quantile"
819.95, 29.23, -Inf, 32.33, 0.17, 10.01, NA, 3.1, Inf, 12.03, -9.84, 15, "all", 50, 675.25446192528, 0.167731164920727, 20, 31.1208319850276, 601.792085366425, 667.848116089253, 682.386042198914, 0.152302347172145, 0.182500897875958, 0.00751930918981964, 3.59252080389156, 2
828.05, 34.74, -Inf, 37.97, 0.16, NA, NA, 3.23, Inf, 12.7, NA, 15, "all", 100, 612.93082572928, 0.163100421334842, 20, 36.7146246814973, 547.988517804898, 609.501811988753, 616.939182923311, 0.15559018391796, 0.17132238336734, 0.00396714239412806, 1.91237308951187, 2
664.41, 34.58, -Inf, 38.03, 0.09, NA, NA, 3.45, Inf, 20.5, NA, 15, "all", 200, 560.87809046644, 0.0928121260420068, 20, 36.7896892875855, 526.247361084408, 555.499412765455, 566.687465873848, 0.0817047928437311, 0.106266689166106, 0.00605109050291177, 2.81455050158567, 2
821.8, 34.64, -Inf, 37.89, 0.16, NA, NA, 3.24, Inf, 13.1, NA, 20, "all", 50, 616.749634874757, 0.156643868375475, 20, 36.631756604719, 616.749634874757, 607.477633388187, 627.364196001638, 0.138182764330292, 0.177239561382718, 0.00992306329931755, 5.15571731817033, 2
786.88, 34.7, -Inf, 37.98, 0.14, NA, NA, 3.29, Inf, 14.29, NA, 20, "all", 100, 606.327590988334, 0.141719067954575, 20, 36.7304701293906, 606.327590988334, 602.593660419816, 611.191450606282, 0.131683692411916, 0.153637976209307, 0.00535894307723312, 2.2283076854787, 2
630.4, 34.51, -Inf, 37.95, 0.09, NA, NA, 3.44, Inf, 20.1, NA, 20, "all", 200, 530.609649543994, 0.0948687321356523, 20, 36.7078928271958, 530.609649543994, 525.301682382703, 535.602728833811, 0.0851053404055787, 0.107145953015243, 0.0056413554667625, 2.61991507229584, 2
853.03, 34.68, -Inf, 37.84, 0.19, NA, NA, 3.16, Inf, 10.95, NA, 25, "all", 50, 597.317213983643, 0.193937046905464, 20, 36.5851753809983, 679.362135794704, 590.169110853983, 604.488025092009, 0.181187526610516, 0.212185625120542, 0.00783222475354363, 3.73971408203303, 2
774.52, 34.83, -Inf, 38.04, 0.17, NA, NA, 3.21, Inf, 12.13, NA, 25, "all", 100, 561.764646039908, 0.17306523715913, 20, 36.7836379404839, 630.137118375113, 556.935062172407, 567.434681234495, 0.162544174458571, 0.186653125044294, 0.00619480707078743, 2.71462357616222, 2
704.81, 34.66, -Inf, 37.97, 0.13, NA, NA, 3.31, Inf, 15.23, NA, 25, "all", 200, 553.933690672521, 0.131348733931328, 20, 36.7180065078445, 604.386781481629, 549.371953079908, 559.432186925879, 0.121757023439697, 0.14412651354987, 0.00565523875790384, 2.55715522751279, 2
802.64, 29.09, -Inf, 32.19, 0.17, 10.02, NA, 3.1, Inf, 12.11, -9.85, 15, "all", 50, 662.166064234515, 0.16879605255161, 20, 30.9769714403444, 589.696237197739, 656.04074203357, 668.524773423932, 0.155640660937362, 0.182242729942299, 0.00663501554295022, 3.08834231950904, 3
796.56, 34.78, -Inf, 38.03, 0.16, NA, NA, 3.25, Inf, 13.26, NA, 15, "all", 100, 597.745199154979, 0.155242614212009, 20, 36.7779465815713, 537.303236430341, 595.104025223113, 601.191170100613, 0.149032029176223, 0.162686453548283, 0.00336768668992521, 1.56644276745042, 3
651.5, 34.65, -Inf, 38.09, 0.1, NA, NA, 3.44, Inf, 20.02, NA, 15, "all", 200, 546.860415839007, 0.0955109486168818, 20, 36.8440636792775, 512.145189419295, 542.373049192319, 551.634325296794, 0.0860608760538713, 0.105088135745425, 0.00489679510073223, 2.35247107441352, 3
798.7, 34.7, -Inf, 37.96, 0.15, NA, NA, 3.25, Inf, 13.36, NA, 20, "all", 50, 602.349910441782, 0.153355606676537, 20, 36.7021411027216, 602.349910441782, 594.097320880994, 610.309661073647, 0.139870463687634, 0.171668381128469, 0.00820034071186283, 4.21983301143815, 3
765.66, 34.75, -Inf, 38.05, 0.14, NA, NA, 3.3, Inf, 14.7, NA, 20, "all", 100, 594.198564343105, 0.137344723970299, 20, 36.7981824265124, 594.198564343105, 591.125010340472, 597.636457506623, 0.128890209367835, 0.147097271397439, 0.00458333135556581, 1.70830351253227, 3
617.86, 34.56, -Inf, 38, 0.09, NA, NA, 3.45, Inf, 20.47, NA, 20, "all", 200, 521.653244770162, 0.0929035966677359, 20, 36.7617762363438, 521.653244770162, 517.467570442124, 525.45388188018, 0.0849349044438547, 0.103774914767225, 0.00468110133575545, 2.15032266490781, 3
833.88, 34.75, -Inf, 37.91, 0.19, NA, NA, 3.16, Inf, 11.01, NA, 25, "all", 50, 583.714469148219, 0.193334390140806, 20, 36.6480312232767, 663.625504923468, 578.124723655812, 589.82263836136, 0.182995936078389, 0.208539964450693, 0.00646594469320399, 3.04492920797956, 3
754.81, 34.89, -Inf, 38.1, 0.17, NA, NA, 3.22, Inf, 12.31, NA, 25, "all", 100, 549.385957792314, 0.170582639095724, 20, 36.8434340236206, 615.23733446034, 545.692388149492, 554.327675644574, 0.161171046537879, 0.182482880236967, 0.00526505819638993, 2.19689519999596, 3
693.12, 34.71, -Inf, 38.02, 0.13, NA, NA, 3.31, Inf, 15.18, NA, 25, "all", 200, 543.559262959072, 0.132065508651438, 20, 36.7698421476669, 593.349616921177, 539.527489351912, 547.795523708714, 0.122729123759953, 0.142565414811785, 0.00504232317396602, 2.10557133183036, 3
784.56, 29, -Inf, 32.11, 0.17, 9.18, NA, 3.11, Inf, 12.26, -9.02, 15, "all", 50, 651.09321715755, 0.165178078430267, 20, 30.8987942777398, 581.277569640336, 645.78207800774, 656.448633010116, 0.153841878315724, 0.175973822463111, 0.00576485234703015, 2.79789019771134, 4
772.73, 34.81, -Inf, 38.08, 0.15, NA, NA, 3.27, Inf, 13.77, NA, 15, "all", 100, 586.589313948124, 0.14870499843229, 20, 36.8271050350415, 529.647787638542, 583.975146661206, 589.603521387984, 0.143787612994494, 0.154758850577012, 0.00286641606721402, 1.39462442071462, 4
640.34, 34.69, -Inf, 38.13, 0.1, NA, NA, 3.44, Inf, 19.91, NA, 15, "all", 200, 536.573229831617, 0.0961918833234641, 20, 36.8810396078623, 502.276132674032, 533.232067488422, 540.61608499732, 0.088614937394896, 0.104217658711075, 0.00418966739938549, 1.96281543557652, 4
779.38, 34.74, -Inf, 38, 0.15, NA, NA, 3.26, Inf, 13.57, NA, 20, "all", 50, 590.185314520943, 0.15076919270624, 20, 36.7465393583841, 590.185314520943, 583.666712624113, 598.315387188815, 0.137567626902577, 0.167499088148311, 0.00779674199952136, 3.8004635169032, 4
750.63, 34.78, -Inf, 38.09, 0.13, NA, NA, 3.31, Inf, 15.01, NA, 20, "all", 100, 585.639798057908, 0.134199913251273, 20, 36.8377972489321, 585.639798057908, 582.741851504853, 588.710714323782, 0.126796346840743, 0.142936571542931, 0.00416236528851394, 1.54668400702227, 4
608.43, 34.59, -Inf, 38.04, 0.09, NA, NA, 3.45, Inf, 20.62, NA, 20, "all", 200, 514.210185797602, 0.0921554586896065, 20, 36.7971668570752, 514.210185797602, 510.970277419406, 517.828620912576, 0.0845580243903348, 0.0996979533395177, 0.00403031016039913, 1.80392866836406, 4
820.14, 34.78, -Inf, 37.94, 0.19, NA, NA, 3.16, Inf, 11.04, NA, 25, "all", 50, 573.960010509831, 0.193050266327608, 20, 36.6809799789316, 652.412622709321, 569.233987700588, 579.387403088172, 0.182904622486238, 0.20724455130972, 0.00598735738644036, 2.6447936340896, 4
742.51, 34.92, -Inf, 38.14, 0.17, NA, NA, 3.22, Inf, 12.39, NA, 25, "all", 100, 540.96953800017, 0.169649274505897, 20, 36.8826965139982, 605.436952832653, 537.733058509967, 545.352633456654, 0.16149832414888, 0.179188439407747, 0.00458465559952081, 1.9342780343018, 4
684.47, 34.75, -Inf, 38.06, 0.13, NA, NA, 3.31, Inf, 15.11, NA, 25, "all", 200, 535.465095472296, 0.133008450471239, 20, 36.8113249439263, 584.879911549516, 531.963462710023, 539.433460319633, 0.125317195598702, 0.143196379845591, 0.00456658626878533, 1.91320725423062, 4
771.69, 28.94, -Inf, 32.05, 0.16, 9.19, NA, 3.11, Inf, 12.3, -9.02, 15, "all", 50, 642.211745405474, 0.163856810251734, 20, 30.8379985919349, 573.868871642894, 637.04924682654, 646.865158740849, 0.152692887361943, 0.174278733188587, 0.00557049387804982, 2.55534457183121, 5
753.38, 34.83, -Inf, 38.12, 0.14, NA, NA, 3.28, Inf, 14.25, NA, 15, "all", 100, 577.76731057632, 0.143016427685829, 20, 36.862818757606, 523.72394943002, 575.386346158487, 580.667838725282, 0.137867461451951, 0.149047731846495, 0.00286749032984983, 1.32093714890613, 5
629.74, 34.72, -Inf, 38.16, 0.1, NA, NA, 3.44, Inf, 20.1, NA, 15, "all", 200, 528.433031650328, 0.0952484647797865, 20, 36.9133125272673, 494.976801074534, 525.431097194436, 532.020334487039, 0.0879764208294992, 0.102755855841438, 0.00388821805343745, 1.68961976956129, 5
763.54, 34.77, -Inf, 38.04, 0.15, NA, NA, 3.27, Inf, 13.79, NA, 20, "all", 50, 580.61453351098, 0.148204865949223, 20, 36.7839203165762, 580.61453351098, 574.431991687575, 587.810919656744, 0.136652821131291, 0.164272879464063, 0.0069843823046833, 3.45839580208422, 5
737.6, 34.81, -Inf, 38.13, 0.13, NA, NA, 3.32, Inf, 15.26, NA, 20, "all", 100, 577.714091287275, 0.131847831967889, 20, 36.8745099483925, 577.714091287275, 575.242318341216, 580.894612228837, 0.125190220943433, 0.139657676948894, 0.00371951016613059, 1.43133178911349, 5
599.34, 34.61, -Inf, 38.08, 0.09, NA, NA, 3.46, Inf, 21.04, NA, 20, "all", 200, 508.29557060274, 0.0901012786651862, 20, 36.831587207189, 508.29557060274, 504.969847513141, 511.653162138065, 0.0828527097484119, 0.0980056329829679, 0.00381313318263545, 1.69661814504456, 5
807.49, 34.8, -Inf, 37.97, 0.19, NA, NA, 3.17, Inf, 11.09, NA, 25, "all", 50, 565.416014344234, 0.192391403320498, 20, 36.7112330524133, 642.419815565733, 561.086006268373, 570.071664294291, 0.18354474252013, 0.205054670490663, 0.00533274163969171, 2.37077229500709, 5
729.5, 34.95, -Inf, 38.18, 0.17, NA, NA, 3.22, Inf, 12.51, NA, 25, "all", 100, 532.590124592035, 0.168194659130891, 20, 36.9179031495045, 595.483833839301, 529.599589749179, 536.334253228034, 0.160143710853364, 0.176663483058419, 0.00427624711902749, 1.74244574564306, 5
676.49, 34.79, -Inf, 38.1, 0.13, NA, NA, 3.31, Inf, 15.02, NA, 25, "all", 200, 527.84069992222, 0.134095387611416, 20, 36.8453088477282, 576.967949243724, 524.594758070784, 532.001524658, 0.12631660007861, 0.143877880120432, 0.00436474907021643, 1.83342970279915, 5
757.66, 28.9, -Inf, 32.01, 0.16, 9.19, NA, 3.12, Inf, 12.5, -9.03, 15, "all", 50, 633.662584706708, 0.160245230200244, 20, 30.8020035611259, 567.635486464676, 628.545294408273, 638.068066298487, 0.150067250537148, 0.170470992659055, 0.00529526432048334, 2.39462125318789, 6
737.16, 34.85, -Inf, 38.15, 0.14, NA, NA, 3.3, Inf, 14.66, NA, 15, "all", 100, 570.079963536543, 0.138362097335393, 20, 36.8925621751388, 518.409874453936, 568.067464769539, 572.698607213592, 0.133586356624421, 0.144251094694818, 0.00269405651681324, 1.17778744749883, 6
622.05, 34.74, -Inf, 38.18, 0.1, NA, NA, 3.44, Inf, 20.04, NA, 15, "all", 200, 521.433907248681, 0.0956496335205721, 20, 36.9385047073579, 488.286277361149, 518.324775382383, 524.887462176866, 0.0889748422240178, 0.103159665846441, 0.00362881093131949, 1.64373814815334, 6
750.94, 34.79, -Inf, 38.07, 0.15, NA, NA, 3.27, Inf, 13.92, NA, 20, "all", 50, 572.402625521116, 0.146669348413717, 20, 36.812917359656, 572.402625521116, 566.875026856021, 579.180334011051, 0.13565394831892, 0.161216528051236, 0.00657631769085733, 3.20985509983612, 6
726.76, 34.83, -Inf, 38.16, 0.13, NA, NA, 3.32, Inf, 15.46, NA, 20, "all", 100, 571.063152667609, 0.129915813824492, 20, 36.9032242406444, 571.063152667609, 568.569225747648, 574.029906381449, 0.122875714239295, 0.137127213067278, 0.00359438937696665, 1.31231447950872, 6
593.37, 34.63, -Inf, 38.09, 0.09, NA, NA, 3.46, Inf, 21.02, NA, 20, "all", 200, 502.999924614388, 0.090243245527672, 20, 36.8491894560083, 502.999924614388, 500.064571279293, 505.889368215361, 0.0834529867618262, 0.097316540196695, 0.00360055961980445, 1.50953417734507, 6
795.38, 34.83, -Inf, 38, 0.19, NA, NA, 3.17, Inf, 11.17, NA, 25, "all", 50, 558.269324988336, 0.190842991005149, 20, 36.7357326791217, 633.648348653656, 554.315891002062, 562.735890597769, 0.183018727861545, 0.203058668752151, 0.0050277806510436, 2.18327063454835, 6
719.98, 34.98, -Inf, 38.2, 0.17, NA, NA, 3.23, Inf, 12.57, NA, 25, "all", 100, 526.119502451008, 0.167438672011303, 20, 36.9449921850575, 587.95403800835, 523.35239159963, 529.610767412407, 0.160413600309133, 0.175694833748829, 0.00391434599184018, 1.61098829615104, 6
669.76, 34.82, -Inf, 38.13, 0.14, NA, NA, 3.31, Inf, 14.95, NA, 25, "all", 200, 521.408742173332, 0.13503848699448, 20, 36.874315782008, 570.294183267871, 518.560555404948, 525.129212743203, 0.127665109943305, 0.144330948821854, 0.00418405989995343, 1.68787597869032, 6
743.62, 28.87, -Inf, 32, 0.15, 9.19, NA, 3.13, Inf, 12.9, -9.03, 15, "all", 50, 626.43711726204, 0.154157896494597, 20, 30.7946141295587, 563.513504114193, 622.150858938587, 630.61911576188, 0.143889124501212, 0.163996007244032, 0.0050136893096852, 2.18132386817839, 7
723.74, 34.86, -Inf, 38.17, 0.13, NA, NA, 3.31, Inf, 15.03, NA, 15, "all", 100, 563.662491081048, 0.134480494571594, 20, 36.9145588836041, 513.942106105422, 561.647203539033, 565.940641476705, 0.130124177007315, 0.139283958255928, 0.00241492771416347, 1.12472958606525, 7
613.7, 34.76, -Inf, 38.21, 0.09, NA, NA, 3.45, Inf, 20.22, NA, 15, "all", 200, 515.230404555176, 0.0946914884160408, 20, 36.96108796431, 482.794677121311, 512.35379887797, 518.508265003643, 0.0879372699701386, 0.102275677043998, 0.00362687626388266, 1.56427237530478, 7
737.97, 34.81, -Inf, 38.09, 0.14, NA, NA, 3.28, Inf, 14.1, NA, 20, "all", 50, 564.455336579056, 0.144629739300029, 20, 36.8381304755667, 564.455336579056, 558.772636113197, 570.092252968276, 0.134038030022775, 0.157681949398415, 0.00605944754123404, 2.86059473690962, 7
716.65, 34.85, -Inf, 38.18, 0.13, NA, NA, 3.33, Inf, 15.75, NA, 20, "all", 100, 565.786117246233, 0.127240308850571, 20, 36.927533808255, 565.786117246233, 563.504903676754, 568.261219214708, 0.12142217509653, 0.134623667519755, 0.0032887709769146, 1.21387098627155, 7
588.37, 34.66, -Inf, 38.12, 0.09, NA, NA, 3.46, Inf, 20.89, NA, 20, "all", 200, 497.996061534185, 0.0909199965276377, 20, 36.8720826812223, 497.996061534185, 495.114342840576, 500.843347186691, 0.0846672369053899, 0.0981131289296644, 0.00335883172187788, 1.42650693603927, 7
784.38, 34.84, -Inf, 38.02, 0.19, NA, NA, 3.17, Inf, 11.26, NA, 25, "all", 50, 551.829226387038, 0.189366689575185, 20, 36.7566531371083, 625.725338939622, 547.708344581436, 555.824410433221, 0.181860039657385, 0.200571879663236, 0.0048622876477511, 2.13341815653144, 7
712.57, 35, -Inf, 38.23, 0.17, NA, NA, 3.23, Inf, 12.63, NA, 25, "all", 100, 521.221261921839, 0.166698920569302, 20, 36.9658318557336, 582.194220372962, 518.845624006975, 524.610595126555, 0.159688500901946, 0.174316152911898, 0.00376825824319064, 1.52476013435773, 7
663.52, 34.85, -Inf, 38.15, 0.14, NA, NA, 3.3, Inf, 14.91, NA, 25, "all", 200, 515.703579139231, 0.135681937510799, 20, 36.8994093094503, 564.29504088895, 512.60881776459, 519.238731797308, 0.129568052348705, 0.144913045652005, 0.00389044630803172, 1.68028075446489, 7
732.46, 28.83, -Inf, 31.96, 0.15, 9.18, NA, 3.14, Inf, 13.08, -9.03, 15, "all", 50, 619.599647488787, 0.151199182900064, 20, 30.7572732106768, 558.496375230066, 615.091083644582, 623.759153212801, 0.141194196558131, 0.160007181020321, 0.00482603865688191, 2.13093624943039, 8
710.67, 34.87, -Inf, 38.19, 0.13, NA, NA, 3.32, Inf, 15.38, NA, 15, "all", 100, 557.036165602119, 0.130951109968646, 20, 36.9356349254561, 509.132703471334, 555.255031401516, 559.344797065714, 0.126742218622342, 0.13579932662808, 0.00234290423174121, 1.05829507105882, 8
605.43, 34.78, -Inf, 38.23, 0.09, NA, NA, 3.45, Inf, 20.46, NA, 15, "all", 200, 509.348741298077, 0.093470328748296, 20, 36.9823874844379, 477.683678729707, 506.540060821441, 512.206575690808, 0.0876389205088025, 0.100089144285544, 0.00329125651791712, 1.46174253087743, 8
728.08, 34.83, -Inf, 38.11, 0.14, NA, NA, 3.28, Inf, 14.17, NA, 20, "all", 50, 557.380533726251, 0.143981668149081, 20, 36.8584932430312, 557.380533726251, 552.126916194723, 562.963491916948, 0.134612491063266, 0.156292726788281, 0.00586944310594269, 2.80331946822356, 8
708.35, 34.87, -Inf, 38.2, 0.13, NA, NA, 3.34, Inf, 15.9, NA, 20, "all", 100, 560.47080330261, 0.125909675360509, 20, 36.9491696608566, 560.47080330261, 558.35036111453, 562.75571621878, 0.120545643334397, 0.13177328800323, 0.00287467054464972, 1.14146898967984, 8
582.6, 34.67, -Inf, 38.13, 0.09, NA, NA, 3.47, Inf, 21.16, NA, 20, "all", 200, 494.229316102011, 0.0896162949590676, 20, 36.8903126462522, 494.229316102011, 491.805228985066, 496.796781441611, 0.0834609039065849, 0.0961289437578691, 0.00325076218101264, 1.34582936602552, 8
773.55, 34.85, -Inf, 38.03, 0.19, NA, NA, 3.18, Inf, 11.35, NA, 25, "all", 50, 545.909022428372, 0.187610982324749, 20, 36.7672473980525, 618.291517399568, 542.276634250813, 549.963541984679, 0.180079342438388, 0.198397651453278, 0.00469064073528889, 2.0012806551239, 8
706.02, 35.01, -Inf, 38.24, 0.17, NA, NA, 3.23, Inf, 12.67, NA, 25, "all", 100, 516.663667748912, 0.16628636599458, 20, 36.9828958978269, 576.945490297665, 514.251329053637, 519.840093841393, 0.159625673028372, 0.17325941553123, 0.00361179952327204, 1.38028510306744, 8
657.12, 34.87, -Inf, 38.17, 0.14, NA, NA, 3.3, Inf, 14.9, NA, 25, "all", 200, 510.335720769359, 0.135895791470148, 20, 36.921800263447, 558.500662361933, 507.51128540288, 513.81407392034, 0.128285903977849, 0.144478568106397, 0.0041109515192641, 1.57940878407985, 8
722.02, 28.81, -Inf, 31.96, 0.15, 9.18, NA, 3.14, Inf, 13.36, -9.04, 15, "all", 50, 613.622039051593, 0.147288196742795, 20, 30.7501489009837, 554.595683778035, 609.925792293136, 617.772037939326, 0.137789201309939, 0.156246308561156, 0.00469471167961712, 2.05893016643473, 9
698.87, 34.88, -Inf, 38.21, 0.13, NA, NA, 3.33, Inf, 15.75, NA, 15, "all", 100, 551.384740814554, 0.127371432843884, 20, 36.9546403335303, 505.207606058813, 549.601533992133, 553.665789795971, 0.123277256089844, 0.132638834243737, 0.00237439351574708, 1.0099596463735, 9
600.34, 34.79, -Inf, 38.24, 0.09, NA, NA, 3.45, Inf, 20.48, NA, 15, "all", 200, 505.05481302829, 0.0933941314712821, 20, 36.9974352347254, 473.681478143254, 502.328723445487, 507.982594165432, 0.0873208864828828, 0.100026107057649, 0.00325529810661586, 1.47423242089322, 9
718.2, 34.85, -Inf, 38.13, 0.14, NA, NA, 3.28, Inf, 14.26, NA, 20, "all", 50, 550.717082811223, 0.142937055153812, 20, 36.8789162164895, 550.717082811223, 546.227998974654, 556.437113528465, 0.134116334697128, 0.156146301644448, 0.00570518911744533, 2.58539598618473, 9
700.01, 34.88, -Inf, 38.22, 0.12, NA, NA, 3.34, Inf, 16.14, NA, 20, "all", 100, 555.948969808444, 0.123796112105937, 20, 36.9685432331138, 555.948969808444, 554.155149808867, 558.14140898009, 0.118526356232686, 0.129868156312137, 0.00291891544530601, 1.05101875469645, 9
577.8, 34.68, -Inf, 38.15, 0.09, NA, NA, 3.47, Inf, 21.36, NA, 20, "all", 200, 490.954252935235, 0.0886412950596273, 20, 36.9104942964336, 490.954252935235, 488.54801624316, 493.746581816025, 0.0827703524848917, 0.0950409761345034, 0.00312378126942284, 1.32980421241154, 9
764.6, 34.86, -Inf, 38.04, 0.19, NA, NA, 3.18, Inf, 11.42, NA, 25, "all", 50, 540.818067168223, 0.186283824154536, 20, 36.779075384204, 611.986294111283, 537.644504741543, 544.819178775051, 0.178918674520788, 0.19639304639867, 0.00446743962811783, 1.86050733861915, 9
698.34, 35.03, -Inf, 38.26, 0.17, NA, NA, 3.23, Inf, 12.74, NA, 25, "all", 100, 511.728754133322, 0.165399154534784, 20, 37.0015382073792, 571.098435050307, 509.384545251843, 514.757968685427, 0.159235423897535, 0.172808199984816, 0.00335777617113593, 1.36818598143773, 9
651.33, 34.89, -Inf, 38.2, 0.14, NA, NA, 3.3, Inf, 14.91, NA, 25, "all", 200, 505.577939386289, 0.135985243838283, 20, 36.9430040213199, 553.326693859623, 502.880754475512, 508.894428170087, 0.12845689163346, 0.145130199144729, 0.00407147633445993, 1.50249789455549, 9
712.22, 28.79, -Inf, 31.94, 0.14, 9.19, NA, 3.15, Inf, 13.55, -9.04, 15, "all", 50, 607.28693740052, 0.14467511813231, 20, 30.7350932001372, 549.855724637543, 603.313492030916, 611.199363329718, 0.13588861803031, 0.153270246751094, 0.00446607297139792, 2.01778092803263, 10
688.64, 34.88, -Inf, 38.22, 0.12, NA, NA, 3.34, Inf, 16.03, NA, 15, "all", 100, 545.836046293078, 0.124822777838851, 20, 36.969907324634, 500.999638761045, 544.15154849215, 547.798156243894, 0.120615747534448, 0.129569295362389, 0.00226553777164128, 0.941808414708011, 10
594.66, 34.8, -Inf, 38.26, 0.09, NA, NA, 3.45, Inf, 20.58, NA, 15, "all", 200, 500.649194850911, 0.092908456769158, 20, 37.0132890683161, 469.706153397837, 498.275725040807, 503.315662056415, 0.0870637370073888, 0.0997464348258498, 0.00315361782364763, 1.31004766132201, 10
709.51, 34.86, -Inf, 38.15, 0.14, NA, NA, 3.29, Inf, 14.34, NA, 20, "all", 50, 544.666139397161, 0.14218089355171, 20, 36.8974390401673, 544.666139397161, 540.004726251805, 549.741789900304, 0.133314468565156, 0.153962195522299, 0.00532235889280559, 2.59910418372764, 10
692.6, 34.89, -Inf, 38.24, 0.12, NA, NA, 3.35, Inf, 16.29, NA, 20, "all", 100, 551.306787847682, 0.122493174977667, 20, 36.9847577618309, 551.306787847682, 549.579834316511, 553.646348634058, 0.117074104688315, 0.12901290414137, 0.00307619171003149, 1.04111658478767, 10
573.48, 34.7, -Inf, 38.17, 0.09, NA, NA, 3.47, Inf, 21.35, NA, 20, "all", 200, 487.108223600069, 0.0887555501718943, 20, 36.9246016681794, 487.108223600069, 484.71810165593, 489.514471832987, 0.082981100423806, 0.0949090466985151, 0.00307579117072732, 1.25160246477529, 10
755.14, 34.87, -Inf, 38.05, 0.18, NA, NA, 3.19, Inf, 11.5, NA, 25, "all", 50, 535.454559129494, 0.184822657357626, 20, 36.792642347107, 605.329708950448, 532.095582952035, 539.149115543312, 0.177571185332319, 0.19421863865956, 0.00428636125547329, 1.7683690690956, 10
693.34, 35.05, -Inf, 38.28, 0.17, NA, NA, 3.23, Inf, 12.73, NA, 25, "all", 100, 507.528128686725, 0.165804635736334, 20, 37.0157215241502, 566.562901808644, 505.124539402962, 510.486296208502, 0.160002267795658, 0.172351848299817, 0.00324668985920604, 1.33356214922346, 10
646.19, 34.91, -Inf, 38.22, 0.14, NA, NA, 3.31, Inf, 14.9, NA, 25, "all", 200, 501.171146007694, 0.136259824927699, 20, 36.9608962210746, 548.603666063573, 498.635241800945, 504.587398848227, 0.129123078239649, 0.144986544086649, 0.00391672079906828, 1.59360845498747, 10
703.76, 28.77, -Inf, 31.93, 0.14, 9.2, NA, 3.16, Inf, 13.83, -9.06, 15, "all", 50, 602.599868452422, 0.141159342344238, 20, 30.7261552766036, 546.930726554007, 598.904556726578, 606.357142737832, 0.132329762433746, 0.149896621664731, 0.0044398938842333, 1.99907869648357, 11
678.89, 34.89, -Inf, 38.24, 0.12, NA, NA, 3.35, Inf, 16.33, NA, 15, "all", 100, 540.685939272142, 0.122204553257425, 20, 36.9851120785914, 497.165616999972, 538.944818338317, 542.522404419279, 0.118353926542107, 0.126946228802447, 0.00221217862664683, 0.922400552039027, 11
589.42, 34.82, -Inf, 38.27, 0.09, NA, NA, 3.46, Inf, 20.63, NA, 15, "all", 200, 496.35685403198, 0.0926933160687663, 20, 37.0274662732864, 465.747905425235, 493.735304555208, 499.123980386548, 0.0870630068742206, 0.09923174833566, 0.0030928853656332, 1.39135714852967, 11
702, 34.88, -Inf, 38.17, 0.14, NA, NA, 3.29, Inf, 14.41, NA, 20, "all", 50, 539.482894798222, 0.141477511863356, 20, 36.9130351279528, 539.482894798222, 535.12116255157, 544.621546831922, 0.132081713067391, 0.153715221050963, 0.00546761839159135, 2.40065373218697, 11
684.56, 34.9, -Inf, 38.25, 0.12, NA, NA, 3.35, Inf, 16.56, NA, 20, "all", 100, 547.151268405254, 0.120215007731992, 20, 37.0013519348823, 547.151268405254, 545.393711362064, 549.291704135201, 0.114325996696957, 0.125902422194896, 0.00295297940746665, 1.02268854182671, 11
569.46, 34.71, -Inf, 38.18, 0.09, NA, NA, 3.48, Inf, 21.57, NA, 20, "all", 200, 484.564304408626, 0.0877105541242781, 20, 36.9398281923868, 484.564304408626, 482.240193846698, 486.913145613233, 0.0820070013077349, 0.0935724054274711, 0.00299704267146524, 1.22250135096179, 11
747.28, 34.88, -Inf, 38.06, 0.18, NA, NA, 3.19, Inf, 11.56, NA, 25, "all", 50, 530.811746631742, 0.183772671311535, 20, 36.8041319779363, 599.663020186647, 527.157974710559, 534.470778117535, 0.177238273893033, 0.193563323326323, 0.00425517490535922, 1.83489744055221, 11
686.24, 35.06, -Inf, 38.29, 0.16, NA, NA, 3.23, Inf, 12.82, NA, 25, "all", 100, 503.446430376103, 0.164480966810639, 20, 37.0325772450808, 561.512949411665, 501.237370360967, 506.326498839001, 0.159018957396751, 0.170882505405514, 0.00307336199770587, 1.25549895218289, 11
639.58, 34.93, -Inf, 38.24, 0.14, NA, NA, 3.31, Inf, 14.96, NA, 25, "all", 200, 496.419168480965, 0.135697354566785, 20, 36.9807871799533, 543.199140827151, 493.734276166397, 499.71106375181, 0.129188752277083, 0.14397128967795, 0.00380393303191981, 1.53380582731652, 11
695.33, 28.75, -Inf, 31.92, 0.14, 8.38, NA, 3.17, Inf, 14.03, -8.24, 15, "all", 50, 597.206414945163, 0.138653539086713, 20, 30.716046393425, 542.969003807669, 593.594931601145, 600.877502454447, 0.13065320283939, 0.147310503717591, 0.00426720152134412, 1.8301967719475, 12
670.62, 34.89, -Inf, 38.25, 0.12, NA, NA, 3.36, Inf, 16.6, NA, 15, "all", 100, 536.397488334857, 0.119868449070932, 20, 36.9976468172951, 494.014187746408, 534.624111851065, 538.336741450288, 0.115673189703391, 0.124499737470148, 0.00223399157078782, 0.896210605035565, 12
584.06, 34.83, -Inf, 38.29, 0.09, NA, NA, 3.46, Inf, 20.77, NA, 15, "all", 200, 492.452881012579, 0.0919700710175206, 20, 37.0399206060769, 462.3142252488, 489.980538906108, 495.05695007803, 0.0861873476992265, 0.0986765986879641, 0.00319083674592135, 1.345772609461, 12
695.4, 34.89, -Inf, 38.18, 0.14, NA, NA, 3.29, Inf, 14.41, NA, 20, "all", 50, 534.272438493003, 0.141509815456649, 20, 36.9244954136826, 534.272438493003, 529.538017358789, 539.055308922857, 0.132322274177797, 0.153107674240152, 0.00520576065858128, 2.39168287573398, 12
677.52, 34.91, -Inf, 38.27, 0.12, NA, NA, 3.36, Inf, 16.78, NA, 20, "all", 100, 543.246242027398, 0.118454279180546, 20, 37.0156177838853, 543.246242027398, 541.541434581065, 545.317969216099, 0.113642078975519, 0.124344617560494, 0.002810889130074, 0.986110541914828, 12
564.67, 34.72, -Inf, 38.2, 0.09, NA, NA, 3.48, Inf, 21.85, NA, 20, "all", 200, 481.587675729104, 0.0864296799201545, 20, 36.9530428224521, 481.587675729104, 479.289399981699, 483.982497146026, 0.0810155899954243, 0.0925257363625647, 0.00292216060921915, 1.20670348786063, 12
738.07, 34.88, -Inf, 38.07, 0.18, NA, NA, 3.19, Inf, 11.68, NA, 25, "all", 50, 526.298896340005, 0.18166116843985, 20, 36.8118091023821, 593.732233321174, 522.837213337116, 529.924437789828, 0.175110764641231, 0.190879170670377, 0.00398004807880543, 1.77140989684304, 12
682.3, 35.07, -Inf, 38.3, 0.17, NA, NA, 3.23, Inf, 12.8, NA, 25, "all", 100, 499.945376637479, 0.164998822197023, 20, 37.0435298960476, 557.799759304212, 498.031187002999, 502.680433124249, 0.159683918013076, 0.171335624147197, 0.00291865981456924, 1.22470858183846, 12
635.46, 34.94, -Inf, 38.25, 0.14, NA, NA, 3.31, Inf, 14.94, NA, 25, "all", 200, 492.809398461831, 0.136018387727421, 20, 36.9947792175879, 539.364105741149, 490.173756525909, 496.22324094606, 0.129308133714569, 0.14356313407144, 0.00369443111216882, 1.50435079498199, 12
687.2, 28.73, -Inf, 31.91, 0.14, 8.39, NA, 3.18, Inf, 14.3, -8.25, 15, "all", 50, 592.466942037483, 0.135523431976418, 20, 30.7038673567459, 539.818993550175, 588.924414296118, 595.791490896883, 0.127261128025884, 0.144007894702442, 0.00436954019650559, 1.7872708963806, 13
661.9, 34.9, -Inf, 38.26, 0.12, NA, NA, 3.36, Inf, 16.86, NA, 15, "all", 100, 531.522098877021, 0.117700004611892, 20, 37.0114719982975, 490.253483208371, 530.053480137798, 533.298606481419, 0.114229127986549, 0.122129631293994, 0.00209199195733845, 0.872999152410403, 13
579.98, 34.84, -Inf, 38.3, 0.09, NA, NA, 3.46, Inf, 20.72, NA, 15, "all", 200, 488.64771169961, 0.0922901040744664, 20, 37.0529033775449, 458.641134319591, 486.168485454286, 491.306558092577, 0.087091043607185, 0.099256522408885, 0.00310282856180696, 1.32729705509782, 13
687.49, 34.9, -Inf, 38.19, 0.14, NA, NA, 3.29, Inf, 14.53, NA, 20, "all", 50, 529.312872579779, 0.140283361652874, 20, 36.9386404053698, 529.312872579779, 524.855465947932, 534.33434810906, 0.131478154107713, 0.152278863690005, 0.00521129083334551, 2.43884645997378, 13
671.61, 34.91, -Inf, 38.28, 0.12, NA, NA, 3.36, Inf, 16.92, NA, 20, "all", 100, 539.586485067954, 0.117317446260912, 20, 37.0280329873591, 539.586485067954, 537.97095815678, 541.634715519342, 0.112549859267529, 0.123044544155589, 0.00273130057574609, 0.937833930539623, 13
561.07, 34.73, -Inf, 38.21, 0.09, NA, NA, 3.48, Inf, 21.89, NA, 20, "all", 200, 478.570909930215, 0.0862916174776103, 20, 36.9681475643811, 478.570909930215, 476.19714626415, 480.814547037803, 0.08105264594062, 0.0925240701695184, 0.00285246718929928, 1.15621197057201, 13
732.79, 34.89, -Inf, 38.08, 0.18, NA, NA, 3.19, Inf, 11.66, NA, 25, "all", 50, 521.920842782681, 0.18217779829645, 20, 36.8198740053908, 588.995139500267, 519.093808478873, 525.534838695459, 0.175850804145331, 0.191627061159456, 0.0040391280462815, 1.65168906859974, 13
677.39, 35.08, -Inf, 38.32, 0.16, NA, NA, 3.24, Inf, 12.84, NA, 25, "all", 100, 496.694518841343, 0.164513866641555, 20, 37.0553748224444, 553.994381444182, 494.966160383143, 499.41177938499, 0.158975050114103, 0.171232062711143, 0.00308184520406103, 1.17106777778853, 13
629.49, 34.96, -Inf, 38.27, 0.14, NA, NA, 3.31, Inf, 14.93, NA, 25, "all", 200, 487.800808583104, 0.136266832470963, 20, 37.0122383156765, 533.970398258514, 485.303790119944, 491.06820833447, 0.129371767175093, 0.144724877417998, 0.00395118980687113, 1.49173175468801, 13
680.17, 28.72, -Inf, 31.91, 0.13, 8.38, NA, 3.18, Inf, 14.5, -8.25, 15, "all", 50, 587.89338107168, 0.133325246310593, 20, 30.7027241786181, 536.460999473009, 584.579999722933, 591.579987140811, 0.125570627986075, 0.141216864158264, 0.00406310872195241, 1.8096924604719, 14
654.01, 34.9, -Inf, 38.27, 0.12, NA, NA, 3.37, Inf, 17.13, NA, 15, "all", 100, 527.202759297222, 0.115610409050027, 20, 37.0227072632052, 486.967747846386, 525.672929838699, 529.06530393396, 0.111761978707039, 0.12038251993081, 0.00210510141854219, 0.879240049943791, 14
574.15, 34.84, -Inf, 38.31, 0.09, NA, NA, 3.47, Inf, 21.06, NA, 15, "all", 200, 485.283106527689, 0.0905581514004383, 20, 37.0627457732833, 456.025167623733, 482.880545261664, 487.640551543421, 0.0855221616569077, 0.0969099977033823, 0.00295576349616689, 1.20983420775946, 14
679.64, 34.91, -Inf, 38.21, 0.14, NA, NA, 3.3, Inf, 14.67, NA, 20, "all", 50, 524.633290688711, 0.13877737185752, 20, 36.955120241996, 524.633290688711, 519.943306924764, 529.082873090645, 0.130339916481768, 0.150035432055965, 0.00517469096107127, 2.25564780262042, 14
664.41, 34.92, -Inf, 38.29, 0.12, NA, NA, 3.37, Inf, 17.19, NA, 20, "all", 100, 535.896906811233, 0.115179247054094, 20, 37.0406865436905, 535.896906811233, 534.219597142831, 537.774994706633, 0.110625135638169, 0.120576123365467, 0.00253749912881916, 0.926248581952694, 14
557.52, 34.74, -Inf, 38.22, 0.09, NA, NA, 3.49, Inf, 22.04, NA, 20, "all", 200, 476.087037102511, 0.0856225363155249, 20, 36.9802802224838, 476.087037102511, 473.795241817282, 478.200363473373, 0.0805694539192807, 0.0914030692626987, 0.0027410905972741, 1.13317371094736, 14
725.5, 34.9, -Inf, 38.09, 0.18, NA, NA, 3.2, Inf, 11.76, NA, 25, "all", 50, 518.434626907387, 0.18031346679816, 20, 36.8326608467965, 584.337469863013, 515.559527818214, 521.974923028813, 0.174330727832853, 0.189960116870967, 0.00397361919450583, 1.61580818450305, 14
670.88, 35.09, -Inf, 38.33, 0.16, NA, NA, 3.24, Inf, 12.9, NA, 25, "all", 100, 492.569219069746, 0.163691789300931, 20, 37.0693357589462, 549.093526424503, 490.772139629141, 495.129028659092, 0.158227603878395, 0.169762953008521, 0.00294866699632199, 1.14137880808933, 14
623.88, 34.97, -Inf, 38.28, 0.14, NA, NA, 3.31, Inf, 15.04, NA, 25, "all", 200, 484.345874609952, 0.135184582768472, 20, 37.0274338726861, 529.807797887551, 481.898579243111, 487.718150482755, 0.127917410098524, 0.143438376545561, 0.00394215209965739, 1.50833661280152, 14
674.82, 28.71, -Inf, 31.89, 0.13, 8.39, NA, 3.18, Inf, 14.55, -8.25, 15, "all", 50, 583.8642360455, 0.132680144469902, 20, 30.6856786554287, 533.020412036967, 580.407888500064, 587.543634135197, 0.124605784846761, 0.14072943437009, 0.00404546608846998, 1.7870811753398, 15
646.19, 34.91, -Inf, 38.28, 0.11, NA, NA, 3.38, Inf, 17.4, NA, 15, "all", 100, 522.926833706089, 0.113497791610217, 20, 37.0340158261814, 483.719370796353, 521.404784162136, 524.819498125341, 0.109962548165484, 0.117752928411357, 0.00205992630566859, 0.879994257962886, 15
570.42, 34.85, -Inf, 38.32, 0.09, NA, NA, 3.47, Inf, 21.14, NA, 15, "all", 200, 482.410015309821, 0.090196830412228, 20, 37.072182865911, 453.437785686343, 480.111610448438, 484.715604328753, 0.08497407909863, 0.0962043526856682, 0.00293163264493373, 1.18443154058345, 15
673.57, 34.92, -Inf, 38.22, 0.14, NA, NA, 3.3, Inf, 14.69, NA, 20, "all", 50, 519.986647036831, 0.138646596415901, 20, 36.9655977555856, 519.986647036831, 516.131153075905, 524.38990093641, 0.130810429590487, 0.150263351494177, 0.00500491000916297, 2.15855649078153, 15
658.98, 34.93, -Inf, 38.3, 0.11, NA, NA, 3.38, Inf, 17.32, NA, 20, "all", 100, 532.411855004511, 0.114214904106273, 20, 37.0527212845502, 532.411855004511, 530.764272746031, 534.28628332178, 0.109241721694001, 0.119714175113176, 0.00269654959722283, 0.901236646940472, 15
554.52, 34.75, -Inf, 38.23, 0.09, NA, NA, 3.49, Inf, 22.09, NA, 20, "all", 200, 473.664234798808, 0.0854125181919306, 20, 36.990134551384, 473.664234798808, 471.570036905915, 475.949256042124, 0.0804829410194065, 0.090736140968714, 0.00269603552132804, 1.10031349286627, 15
717.88, 34.9, -Inf, 38.1, 0.18, NA, NA, 3.2, Inf, 11.86, NA, 25, "all", 50, 514.718119314226, 0.178510671351096, 20, 36.836772474692, 579.454836343465, 511.86730461127, 518.050738310296, 0.172679413897154, 0.187529696555127, 0.00387866489371179, 1.62726157779794, 15
667.24, 35.1, -Inf, 38.34, 0.16, NA, NA, 3.24, Inf, 12.9, NA, 25, "all", 100, 489.94280527323, 0.16355765179771, 20, 37.0780702539709, 546.117103455089, 488.110078395814, 492.700369902513, 0.158823974267006, 0.16966059018503, 0.0028858418319532, 1.14236790573123, 15
619.47, 34.98, -Inf, 38.3, 0.14, NA, NA, 3.31, Inf, 15.07, NA, 25, "all", 200, 480.985323049547, 0.135003043918584, 20, 37.0404009598523, 526.068433026656, 478.238136662525, 484.230719562462, 0.128374759184661, 0.143777556628547, 0.004078823794366, 1.49352135934013, 15
667, 28.69, -Inf, 31.89, 0.13, 8.38, NA, 3.2, Inf, 14.96, -8.25, 15, "all", 50, 580.00627423325, 0.12829895664163, 20, 30.6836411714846, 531.093787839959, 576.761596392816, 583.478523765155, 0.119663842507146, 0.136658455977744, 0.00418652682127434, 1.739986232193, 16
639.07, 34.91, -Inf, 38.29, 0.11, NA, NA, 3.38, Inf, 17.65, NA, 15, "all", 100, 518.933733601985, 0.111651187451554, 20, 37.0430551776496, 480.63473209799, 517.4154531247, 520.76537827693, 0.10837547367012, 0.116276325452787, 0.0020790028782992, 0.829273479649425, 16
565.9, 34.86, -Inf, 38.33, 0.09, NA, NA, 3.47, Inf, 21.29, NA, 15, "all", 200, 479.20531137391, 0.0894650288840763, 20, 37.0824533686226, 450.651949218652, 476.954169872485, 481.689298929972, 0.0837708209850186, 0.0954610529018253, 0.00290993374408457, 1.20086055937755, 16
667.57, 34.93, -Inf, 38.23, 0.14, NA, NA, 3.3, Inf, 14.75, NA, 20, "all", 50, 515.922442874813, 0.13799085722687, 20, 36.9749990299322, 515.922442874813, 511.886283359912, 520.081506998383, 0.128755796732159, 0.148597685209994, 0.00497871684880987, 2.10782593748436, 16
651.91, 34.93, -Inf, 38.31, 0.11, NA, NA, 3.38, Inf, 17.63, NA, 20, "all", 100, 529.001669799121, 0.111868146485591, 20, 37.0632818573118, 529.001669799121, 527.396676480889, 531.003653194596, 0.106694830866702, 0.117504474688297, 0.00272268052908109, 0.921917584480897, 16
551.68, 34.75, -Inf, 38.24, 0.09, NA, NA, 3.49, Inf, 22.17, NA, 20, "all", 200, 471.519885016995, 0.0850522520609837, 20, 36.9990711983393, 471.519885016995, 469.245405850106, 473.554182675409, 0.0806259139602854, 0.0908164865117184, 0.00262342450131353, 1.07359967332001, 16
712.51, 34.91, -Inf, 38.11, 0.18, NA, NA, 3.2, Inf, 11.9, NA, 25, "all", 50, 511.25567352763, 0.177988733249318, 20, 36.8474773245947, 575.357585767999, 508.438610952183, 514.470913655491, 0.171283740610088, 0.186947995682767, 0.00389669594033477, 1.536223012599, 16
663.69, 35.11, -Inf, 38.35, 0.16, NA, NA, 3.24, Inf, 12.89, NA, 25, "all", 100, 487.276905678473, 0.163534915065917, 20, 37.0864588430799, 543.137350087518, 485.656813562531, 489.753684270381, 0.158078689786774, 0.169589151119074, 0.00294970658253137, 1.08966019109818, 16
616.02, 35, -Inf, 38.31, 0.14, NA, NA, 3.31, Inf, 15.07, NA, 25, "all", 200, 478.133451582022, 0.135100903570092, 20, 37.0512015844359, 522.983217264747, 475.535524601991, 481.216742819853, 0.127633480627659, 0.143798201213683, 0.00406133648349418, 1.46157113528998, 16
660.63, 28.67, -Inf, 31.87, 0.13, 8.38, NA, 3.2, Inf, 15.19, -8.26, 15, "all", 50, 576.100762706561, 0.1259802586485, 20, 30.6717506605117, 528.358215952475, 572.669277679097, 579.286338437252, 0.117788199856099, 0.133252212680883, 0.00398532472713659, 1.69123719908891, 17
632.19, 34.91, -Inf, 38.3, 0.11, NA, NA, 3.39, Inf, 17.88, NA, 15, "all", 100, 514.975429094694, 0.109944985815762, 20, 37.0511548391701, 477.527713928524, 513.237091240999, 516.742465745036, 0.106391477751492, 0.114672911720537, 0.00213947912080424, 0.848670713558177, 17
561.89, 34.86, -Inf, 38.34, 0.09, NA, NA, 3.48, Inf, 21.45, NA, 15, "all", 200, 476.44033653481, 0.0887255136635155, 20, 37.0908780952354, 448.279307877343, 474.074494960133, 478.925042145511, 0.0839031076355074, 0.0945572333738349, 0.00280318657138571, 1.18296778809875, 17
659.96, 34.94, -Inf, 38.24, 0.14, NA, NA, 3.31, Inf, 14.94, NA, 20, "all", 50, 511.91393567178, 0.135967362826019, 20, 36.9877961578348, 511.91393567178, 508.002068227684, 516.551395476312, 0.127635587237275, 0.14679933630923, 0.00498246078421725, 2.21279183931975, 17
646.57, 34.94, -Inf, 38.32, 0.11, NA, NA, 3.39, Inf, 17.78, NA, 20, "all", 100, 525.668493759163, 0.110797534992432, 20, 37.0735475134736, 525.668493759163, 523.917281570862, 527.42444063553, 0.106480030830017, 0.11610509523032, 0.00253130313958483, 0.88695502567063, 17
548.34, 34.76, -Inf, 38.25, 0.08, NA, NA, 3.49, Inf, 22.35, NA, 20, "all", 200, 469.305496630444, 0.0842808172526969, 20, 37.0084062809679, 469.305496630444, 467.168180687897, 471.384874584786, 0.0793241242537049, 0.0899589251670188, 0.00265073701327083, 1.08334355650144, 17
706.65, 34.91, -Inf, 38.12, 0.18, NA, NA, 3.2, Inf, 11.95, NA, 25, "all", 50, 507.726503069058, 0.177218674853266, 20, 36.8544229470207, 571.093992224342, 505.075989109093, 510.798643619278, 0.170918299669847, 0.185911918869804, 0.00364744104119536, 1.48031543603799, 17
659.44, 35.12, -Inf, 38.36, 0.16, NA, NA, 3.24, Inf, 12.91, NA, 25, "all", 100, 484.444978761026, 0.163139430329424, 20, 37.0951678183764, 539.839070496085, 482.769050735144, 486.738061414066, 0.157705632492558, 0.168862325615706, 0.00289921863337528, 1.02952459136437, 17
610.25, 35.01, -Inf, 38.32, 0.13, NA, NA, 3.31, Inf, 15.14, NA, 25, "all", 200, 474.134397229295, 0.134454128228642, 20, 37.0657225711208, 518.386489005253, 471.908247872201, 477.407996407776, 0.12745037830227, 0.142952512975175, 0.00385576305196797, 1.41820220518056, 17
655.39, 28.66, -Inf, 31.87, 0.12, 8.38, NA, 3.21, Inf, 15.35, -8.25, 15, "all", 50, 572.588377093103, 0.124408345736544, 20, 30.66776910237, 525.704047477548, 569.746249245721, 575.814749174354, 0.117597476394253, 0.132302727411331, 0.00383456889956926, 1.57306985288177, 18
625.94, 34.91, -Inf, 38.31, 0.11, NA, NA, 3.4, Inf, 18.09, NA, 15, "all", 100, 511.265800265274, 0.108473265917115, 20, 37.059278686513, 474.567195398488, 509.817128622552, 513.061939998721, 0.104937716088767, 0.112558621236242, 0.00195736111856125, 0.827692602418012, 18
557.49, 34.87, -Inf, 38.35, 0.09, NA, NA, 3.48, Inf, 21.46, NA, 15, "all", 200, 472.700362538269, 0.0886747367121991, 20, 37.1008721883501, 444.775901025221, 470.56269455734, 475.227189059341, 0.0834872451351682, 0.0950592071252576, 0.00294421189781476, 1.18510775797296, 18
653.53, 34.94, -Inf, 38.25, 0.13, NA, NA, 3.31, Inf, 15.04, NA, 20, "all", 50, 507.905060582539, 0.134912055766444, 20, 36.9939718492904, 507.905060582539, 504.479160670425, 512.259233071617, 0.126246033320437, 0.1460556521632, 0.00493967989922846, 2.0314971874943, 18
641.57, 34.94, -Inf, 38.33, 0.11, NA, NA, 3.39, Inf, 17.93, NA, 20, "all", 100, 522.644996099184, 0.109709834007678, 20, 37.0813610968227, 522.644996099184, 520.987866502674, 524.401601390496, 0.105251194466692, 0.114879859812741, 0.00251287280154239, 0.88064763812724, 18
545.35, 34.76, -Inf, 38.26, 0.08, NA, NA, 3.5, Inf, 22.46, NA, 20, "all", 200, 467.096817064392, 0.0838325544879065, 20, 37.017107302423, 467.096817064392, 465.220776383497, 469.100283961932, 0.0791477535732268, 0.0891045430465322, 0.0024831345237584, 1.01260581682678, 18
699.81, 34.91, -Inf, 38.12, 0.18, NA, NA, 3.21, Inf, 12.03, NA, 25, "all", 50, 504.151175538003, 0.175788796199528, 20, 36.858347327723, 566.534580561193, 501.652116840451, 507.249942733369, 0.169292852942322, 0.18510027328674, 0.00398882665975988, 1.46777618904628, 18
654.67, 35.12, -Inf, 38.37, 0.16, NA, NA, 3.24, Inf, 12.95, NA, 25, "all", 100, 481.581197525541, 0.162361735165843, 20, 37.1043480940549, 536.370927698858, 479.87861395927, 483.957448454225, 0.157300538179917, 0.168018625804528, 0.00285607905700252, 1.04786538021218, 18
606.08, 35.02, -Inf, 38.33, 0.13, NA, NA, 3.31, Inf, 15.15, NA, 25, "all", 200, 470.873482967675, 0.134379581531488, 20, 37.0774038002951, 514.795756840198, 468.698351997472, 473.944657351607, 0.127549857978554, 0.142894766247403, 0.00385271150382113, 1.4016055419476, 18
649.23, 28.65, -Inf, 31.86, 0.12, 8.38, NA, 3.21, Inf, 15.6, -8.26, 15, "all", 50, 568.78656007903, 0.122076123352543, 20, 30.6589974597482, 523.050518180394, 565.596328164693, 572.004065762407, 0.114650401861213, 0.129585660554002, 0.0038893994143656, 1.6317549425198, 19
620.07, 34.91, -Inf, 38.31, 0.11, NA, NA, 3.4, Inf, 18.24, NA, 15, "all", 100, 507.438661586117, 0.107437498439585, 20, 37.0649163936364, 471.34989227551, 506.087307316057, 509.153580026835, 0.104047885575407, 0.111884175049129, 0.00200290004776815, 0.788771397105469, 19
555.05, 34.88, -Inf, 38.35, 0.09, NA, NA, 3.48, Inf, 21.5, NA, 15, "all", 200, 470.711919845899, 0.0885489459389383, 20, 37.1083015787272, 442.9431831522, 468.628123956321, 472.939919343084, 0.0835278621572544, 0.0940658275900722, 0.00270799758006129, 1.12799741292608, 19
646.84, 34.95, -Inf, 38.26, 0.13, NA, NA, 3.31, Inf, 15.17, NA, 20, "all", 50, 503.801401509711, 0.133674887914256, 20, 37.0060994336476, 503.801401509711, 500.165185435059, 507.728627501893, 0.125658838359993, 0.143794443589323, 0.00463556686096743, 1.96489531049789, 19
635.45, 34.94, -Inf, 38.34, 0.11, NA, NA, 3.4, Inf, 18.23, NA, 20, "all", 100, 519.616020974285, 0.107674369525983, 20, 37.0907213945693, 519.616020974285, 518.059079858946, 521.371125760436, 0.102869747576902, 0.11290308731246, 0.00255547548411943, 0.840688640010145, 19
541.74, 34.77, -Inf, 38.27, 0.08, NA, NA, 3.5, Inf, 22.75, NA, 20, "all", 200, 465.043915342862, 0.0825995997175696, 20, 37.0289337178486, 465.043915342862, 462.991102544308, 467.006071069932, 0.0777329751109612, 0.0877597892445933, 0.00256279945069359, 1.0572867922036, 19
694.05, 34.92, -Inf, 38.13, 0.17, NA, NA, 3.21, Inf, 12.08, NA, 25, "all", 50, 500.668155874906, 0.17494920275933, 20, 36.8711285093498, 562.307171908121, 497.919001558016, 503.864363116676, 0.168687335872153, 0.183883287671674, 0.00371069919054855, 1.5081352352096, 19
649.15, 35.13, -Inf, 38.38, 0.16, NA, NA, 3.24, Inf, 13.02, NA, 25, "all", 100, 478.456714659834, 0.161244120581947, 20, 37.1147127635761, 532.495870541229, 476.784050654112, 480.893401947499, 0.155834722226585, 0.167458515379748, 0.00290766905453305, 1.05246360339512, 19
603.8, 35.03, -Inf, 38.34, 0.13, NA, NA, 3.31, Inf, 15.11, NA, 25, "all", 200, 468.609870302067, 0.134862868813005, 20, 37.084528379972, 512.485342761697, 466.308468537621, 471.77354176097, 0.128220892171859, 0.142625144068085, 0.00368781897397643, 1.38061871992114, 19
644.12, 28.63, -Inf, 31.85, 0.12, 8.38, NA, 3.22, Inf, 15.74, -8.26, 15, "all", 50, 565.245949602465, 0.120721052465844, 20, 30.6508813681815, 520.27850147632, 561.917894356245, 568.514678799376, 0.113232814074074, 0.127682145106177, 0.00385965301656424, 1.61711000315634, 20
614.99, 34.91, -Inf, 38.32, 0.11, NA, NA, 3.4, Inf, 18.37, NA, 15, "all", 100, 504.144963154068, 0.106531745922476, 20, 37.0673216476661, 468.581789330278, 502.719285469831, 505.879851839962, 0.103065223781662, 0.110655702662245, 0.00194293220911375, 0.802152697905543, 20
550.02, 34.88, -Inf, 38.36, 0.09, NA, NA, 3.48, Inf, 21.84, NA, 15, "all", 200, 467.830092232496, 0.0869480808399857, 20, 37.1168468930246, 440.715567689449, 465.680860451089, 470.038573372525, 0.0814403501396375, 0.0926314787772798, 0.00281809773203457, 1.11545544603293, 20
640.49, 34.95, -Inf, 38.27, 0.13, NA, NA, 3.32, Inf, 15.33, NA, 20, "all", 50, 500.380653508214, 0.132020086642435, 20, 37.0142339488824, 500.380653508214, 496.595694110043, 504.372375608261, 0.124131064990972, 0.142121033644591, 0.00479302347629984, 1.97262488382005, 20
629.49, 34.94, -Inf, 38.35, 0.11, NA, NA, 3.41, Inf, 18.49, NA, 20, "all", 100, 516.459680411748, 0.105875268197056, 20, 37.1001754919949, 516.459680411748, 514.852735800337, 518.208195767982, 0.101278196969951, 0.111394700214145, 0.0026085178887282, 0.859641417106901, 20
539.98, 34.78, -Inf, 38.28, 0.08, NA, NA, 3.5, Inf, 22.65, NA, 20, "all", 200, 463.139067006043, 0.0830256380594685, 20, 37.0317598268215, 463.139067006043, 461.124590659422, 464.978329818615, 0.078795655425979, 0.0883565202993611, 0.00253012275908357, 0.98242653940674, 20
689.68, 34.92, -Inf, 38.13, 0.17, NA, NA, 3.21, Inf, 12.12, NA, 25, "all", 50, 498.132564891546, 0.174271660682069, 20, 36.8739241890559, 559.207911205007, 495.464390492391, 501.215187154172, 0.16830503544428, 0.182868449228778, 0.00371016910032786, 1.44247276799527, 20
646.81, 35.14, -Inf, 38.38, 0.16, NA, NA, 3.24, Inf, 12.98, NA, 25, "all", 100, 476.303137097479, 0.161655213151049, 20, 37.1199554140624, 530.243699618134, 474.633035899023, 478.787313960941, 0.156188761578893, 0.16746849632599, 0.00281999379836288, 1.0454702219186, 20
600.53, 35.04, -Inf, 38.35, 0.13, NA, NA, 3.31, Inf, 15.12, NA, 25, "all", 200, 466.003846663878, 0.134862806424765, 20, 37.0938928316811, 509.635298641468, 463.494695094151, 468.97602183763, 0.12822086718435, 0.143504711623932, 0.00381608438931729, 1.38648643880063, 20
638.11, 28.62, -Inf, 31.85, 0.12, 8.38, NA, 3.22, Inf, 16.03, -8.27, 15, "all", 50, 561.601569618076, 0.118178888347166, 20, 30.6489023948075, 517.827203506482, 558.622949165071, 564.641574986092, 0.111265301784589, 0.125898621590058, 0.00370223021578913, 1.54732182426185, 21
609.28, 34.92, -Inf, 38.32, 0.11, NA, NA, 3.41, Inf, 18.54, NA, 15, "all", 100, 500.489911914494, 0.105418606363643, 20, 37.073654469461, 465.540280342524, 499.208689191804, 502.140928615557, 0.101960358749131, 0.10967768507198, 0.00201834940384812, 0.761723315562974, 21
547.31, 34.88, -Inf, 38.37, 0.09, NA, NA, 3.48, Inf, 21.88, NA, 15, "all", 200, 465.683961358627, 0.0867423203783046, 20, 37.1231618458133, 438.755810499909, 463.673284890796, 467.965056304744, 0.0818423898066968, 0.0928329663725927, 0.00272847673963964, 1.09695460288456, 21
634.84, 34.95, -Inf, 38.28, 0.13, NA, NA, 3.32, Inf, 15.44, NA, 20, "all", 50, 496.990367617597, 0.130883603857128, 20, 37.0216674233669, 496.990367617597, 493.414347480977, 500.871688984359, 0.122839233445063, 0.140732640000049, 0.00448948848302613, 1.90762668587725, 21
624.39, 34.95, -Inf, 38.36, 0.1, NA, NA, 3.41, Inf, 18.7, NA, 20, "all", 100, 513.555591998868, 0.104526125276434, 20, 37.1081119887534, 513.555591998868, 511.958508160217, 515.332015070717, 0.100014066448987, 0.109633319601176, 0.00242609553545947, 0.865088453986871, 21
537.08, 34.78, -Inf, 38.29, 0.08, NA, NA, 3.5, Inf, 22.76, NA, 20, "all", 200, 461.009747741988, 0.0825649690084477, 20, 37.0424324376647, 461.009747741988, 459.013130346906, 462.897861123071, 0.0779925168399304, 0.0881138327451083, 0.00248657146659703, 0.957839366500984, 21
684.14, 34.93, -Inf, 38.14, 0.17, NA, NA, 3.21, Inf, 12.2, NA, 25, "all", 50, 495.405688243476, 0.17286777221219, 20, 36.8793141903819, 555.628781919225, 492.736223461286, 498.277676822067, 0.166938118968929, 0.181382635834891, 0.00365795927704032, 1.43400776432239, 21
641.7, 35.14, -Inf, 38.39, 0.16, NA, NA, 3.24, Inf, 13.03, NA, 25, "all", 100, 473.276835465348, 0.160766836030105, 20, 37.1293334766397, 526.564136242756, 471.632826502936, 475.346977190397, 0.155574950246936, 0.166057975458395, 0.00265202286838011, 0.974938275236088, 21
595.88, 35.05, -Inf, 38.36, 0.13, NA, NA, 3.31, Inf, 15.19, NA, 25, "all", 200, 462.926425036764, 0.134174310520141, 20, 37.1048264959998, 506.038469737102, 460.724923058697, 465.955009729457, 0.127299654065729, 0.142699121862717, 0.00379359846125428, 1.38931518712539, 21
634.66, 28.61, -Inf, 31.84, 0.12, 8.38, NA, 3.22, Inf, 16.05, -8.27, 15, "all", 50, 558.79111139348, 0.117972481287216, 20, 30.6376074289969, 515.308840509705, 555.880765007, 561.887543823539, 0.110684907029678, 0.125338851933813, 0.00383957560441832, 1.52228690513921, 22
603.35, 34.91, -Inf, 38.32, 0.1, NA, NA, 3.41, Inf, 18.72, NA, 15, "all", 100, 496.735457287497, 0.104226755882235, 20, 37.0755201227738, 462.426306340851, 495.300919770162, 498.420057771762, 0.100709035103642, 0.108364480675005, 0.00197725565944405, 0.770695034174202, 22
543.56, 34.89, -Inf, 38.38, 0.09, NA, NA, 3.49, Inf, 21.97, NA, 15, "all", 200, 462.798523532982, 0.0863517433561179, 20, 37.1313800742213, 436.154184407889, 460.799101858988, 465.190055809998, 0.0809884352401114, 0.0920783492959842, 0.0028092123151642, 1.10474936730655, 22
627.77, 34.95, -Inf, 38.28, 0.13, NA, NA, 3.33, Inf, 15.67, NA, 20, "all", 50, 493.443916456684, 0.128699558539307, 20, 37.0312746039836, 493.443916456684, 489.922561399533, 497.563621262842, 0.120494391861324, 0.13872192074397, 0.0046903969839746, 1.96037726155922, 22
619.42, 34.95, -Inf, 38.36, 0.1, NA, NA, 3.42, Inf, 18.93, NA, 20, "all", 100, 510.870696349058, 0.103050206842924, 20, 37.1152791179545, 510.870696349058, 509.35719709269, 512.686239704011, 0.0986061764181596, 0.108398177884165, 0.0024983961885276, 0.840474685709222, 22
533.68, 34.79, -Inf, 38.29, 0.08, NA, NA, 3.51, Inf, 22.97, NA, 20, "all", 200, 458.804985702678, 0.0817004070808788, 20, 37.0506256858535, 458.804985702678, 457.016164459993, 460.532013640445, 0.077150642541275, 0.0866295213994269, 0.00238358831623739, 0.884946454706436, 22
679.78, 34.94, -Inf, 38.15, 0.17, NA, NA, 3.21, Inf, 12.2, NA, 25, "all", 50, 492.068958772764, 0.172971975618666, 20, 36.8877943423248, 551.924595689795, 489.507141513594, 494.931304487665, 0.167196731664844, 0.181596139261187, 0.0036836929716165, 1.37731654998885, 22
639.24, 35.15, -Inf, 38.39, 0.16, NA, NA, 3.24, Inf, 13, NA, 25, "all", 100, 471.101968723623, 0.161106751594791, 20, 37.1344233649609, 524.262648515416, 469.664898309292, 473.475435618968, 0.156262852745811, 0.166961129622855, 0.00278177790910499, 0.97948114350344, 22
593.7, 35.05, -Inf, 38.37, 0.13, NA, NA, 3.31, Inf, 15.16, NA, 25, "all", 200, 460.837498321978, 0.134560123327265, 20, 37.111698866294, 503.884002579454, 458.815679765927, 463.731830450863, 0.127142725143173, 0.143040623849381, 0.00394425551940591, 1.29630833778832, 22
628.65, 28.6, -Inf, 31.83, 0.11, 8.38, NA, 3.23, Inf, 16.43, -8.27, 15, "all", 50, 555.515408581116, 0.114793045613188, 20, 30.6340899436628, 513.40771287736, 552.659693552574, 558.595435745557, 0.107436831344656, 0.122780551847344, 0.00379874862171516, 1.5087868051906, 23
599.11, 34.92, -Inf, 38.33, 0.1, NA, NA, 3.41, Inf, 18.75, NA, 15, "all", 100, 493.380758712576, 0.104053986437978, 20, 37.0804527382259, 459.357808042105, 491.92624342628, 494.961883511536, 0.100776833261617, 0.108116330656244, 0.00188212084449504, 0.799144868778868, 23
540.75, 34.89, -Inf, 38.38, 0.09, NA, NA, 3.49, Inf, 22.04, NA, 15, "all", 200, 460.622582654288, 0.086064370182123, 20, 37.1380814725378, 434.189188824034, 458.703554463827, 462.840746286646, 0.0812326370392073, 0.0919631863936403, 0.00280065564236611, 1.05545762304838, 23
622.62, 34.96, -Inf, 38.29, 0.13, NA, NA, 3.33, Inf, 15.77, NA, 20, "all", 50, 490.260463770532, 0.127741041091846, 20, 37.0366895478527, 490.260463770532, 486.752541738007, 493.912089624824, 0.120355986831577, 0.137754896172978, 0.00448719228224, 1.84786143910802, 23
614.23, 34.95, -Inf, 38.37, 0.1, NA, NA, 3.42, Inf, 19.17, NA, 20, "all", 100, 508.024219741006, 0.101525962577222, 20, 37.1227314150668, 508.024219741006, 506.631741266589, 509.910177248276, 0.0974195989464524, 0.106848379263137, 0.00248977508002955, 0.833583173048476, 23
532.1, 34.8, -Inf, 38.3, 0.08, NA, NA, 3.5, Inf, 22.88, NA, 20, "all", 200, 457.074467889931, 0.0821050877736387, 20, 37.056240679912, 457.074467889931, 455.262128586489, 458.872677322795, 0.077708662618144, 0.0870360267531027, 0.00234638917666696, 0.912034908392405, 23
674.73, 34.94, -Inf, 38.15, 0.17, NA, NA, 3.21, Inf, 12.29, NA, 25, "all", 50, 489.59332888213, 0.171644106615355, 20, 36.8939772039941, 548.664111507851, 487.132918888929, 492.584943802396, 0.166035493464059, 0.179819468277107, 0.0034719548763877, 1.42019593768258, 23
634.84, 35.16, -Inf, 38.4, 0.16, NA, NA, 3.25, Inf, 13.04, NA, 25, "all", 100, 468.345289117809, 0.160492426051864, 20, 37.1424717766304, 520.982450371033, 466.868142588991, 470.514880240505, 0.155126073653582, 0.165757057974058, 0.00271156318657887, 0.934143737902867, 23
589.85, 35.06, -Inf, 38.38, 0.13, NA, NA, 3.32, Inf, 15.21, NA, 25, "all", 200, 458.151584497893, 0.134143752617925, 20, 37.1204106343164, 500.808794967735, 455.955374251869, 460.936679456219, 0.127710721040311, 0.141957113077593, 0.00368022890430099, 1.28044176940058, 23
593.94, 34.92, -Inf, 38.33, 0.1, NA, NA, 3.42, Inf, 18.85, NA, 15, "all", 100, 489.69517187422, 0.103424308598304, 20, 37.0839004954086, 456.123554153355, 488.428708920907, 491.330065543568, 0.100088047527816, 0.107961553769382, 0.00202692734493843, 0.753677766059252, 24
537.18, 34.9, -Inf, 38.39, 0.09, NA, NA, 3.49, Inf, 22.16, NA, 15, "all", 200, 458.037877631027, 0.0855107004861654, 20, 37.1446952661866, 431.916991206817, 455.997975833223, 460.273175074816, 0.0806972746337104, 0.090889615196641, 0.00253493732930453, 1.08604086313854, 24
616.04, 34.96, -Inf, 38.3, 0.13, NA, NA, 3.34, Inf, 15.94, NA, 20, "all", 50, 486.456478708114, 0.126197377715623, 20, 37.0451152366336, 486.456478708114, 483.103425038554, 490.296020831949, 0.117043516933831, 0.13707763828585, 0.00476508491354313, 1.86164852207449, 24
608.91, 34.95, -Inf, 38.38, 0.1, NA, NA, 3.43, Inf, 19.5, NA, 20, "all", 100, 505.56833645941, 0.0994773892099912, 20, 37.1296331919621, 505.56833645941, 504.078686774388, 507.257055808599, 0.0950117111288304, 0.104774007484583, 0.00246815012936838, 0.803165677229146, 24
529.64, 34.8, -Inf, 38.3, 0.08, NA, NA, 3.51, Inf, 23.07, NA, 20, "all", 200, 455.61479662211, 0.0813195862561358, 20, 37.0615205339317, 455.61479662211, 453.74396658866, 457.60900931178, 0.0768803598789795, 0.0862964585290946, 0.00237665800532776, 0.950060376589292, 24
669.52, 34.94, -Inf, 38.16, 0.17, NA, NA, 3.22, Inf, 12.36, NA, 25, "all", 50, 486.838957762551, 0.170465215409354, 20, 36.9015275000425, 545.150741885534, 484.46025649214, 489.972493407547, 0.16506263225339, 0.178719087308836, 0.00350107208113697, 1.37214317566616, 24
630.28, 35.16, -Inf, 38.41, 0.16, NA, NA, 3.25, Inf, 13.07, NA, 25, "all", 100, 465.476279933717, 0.159863222852333, 20, 37.1505105996422, 517.574825580468, 463.758231591844, 467.66918942774, 0.155269221078637, 0.165408633409273, 0.0026445130939034, 0.9917340033311, 24
587.26, 35.07, -Inf, 38.38, 0.13, NA, NA, 3.31, Inf, 15.2, NA, 25, "all", 200, 455.907468842714, 0.134349389474046, 20, 37.1275111786284, 498.423751519648, 453.638512226019, 458.765019934794, 0.128380748799739, 0.143125929411002, 0.00379721067089369, 1.28064144042963, 24
619.21, 28.58, -Inf, 31.82, 0.11, 8.37, NA, 3.25, Inf, 16.84, -8.26, 15, "all", 50, 549.280412184941, 0.111470836131051, 20, 30.6268800372813, 508.804735162049, 546.142265300765, 552.232412085359, 0.104522858020022, 0.119093104411518, 0.0036096454463034, 1.49568676721734, 25
589.52, 34.92, -Inf, 38.33, 0.1, NA, NA, 3.42, Inf, 18.96, NA, 15, "all", 100, 486.73747696627, 0.102671850582897, 20, 37.0856033904663, 453.602942469179, 485.33521397352, 488.329962510831, 0.0993335494649907, 0.107176402000828, 0.00198079904310283, 0.750053246062172, 25
532.81, 34.9, -Inf, 38.4, 0.08, NA, NA, 3.5, Inf, 22.41, NA, 15, "all", 200, 455.199710310544, 0.0844394426516256, 20, 37.153601952781, 429.556548625306, 453.229697976505, 457.402717072931, 0.0791201169868478, 0.0897952853505658, 0.00272655769362321, 1.07475886629238, 25
610.62, 34.96, -Inf, 38.3, 0.12, NA, NA, 3.34, Inf, 16.08, NA, 20, "all", 50, 483.34067717125, 0.124893932725943, 20, 37.0512456010925, 483.34067717125, 480.109312679872, 486.911608271586, 0.117823461283163, 0.134549716928737, 0.00434751019264215, 1.75357196085897, 25
603.79, 34.95, -Inf, 38.38, 0.1, NA, NA, 3.44, Inf, 19.73, NA, 20, "all", 100, 502.577904668172, 0.0981304718778803, 20, 37.1359348640366, 502.577904668172, 501.215511922687, 504.382469903258, 0.0936837840551267, 0.103462442087491, 0.00250264116038851, 0.807086479807044, 25
527.07, 34.81, -Inf, 38.31, 0.08, NA, NA, 3.51, Inf, 23.01, NA, 20, "all", 200, 453.145459393826, 0.0815816599199678, 20, 37.0693973586626, 453.145459393826, 451.407743859332, 455.001832804478, 0.0773920526580136, 0.0865396501996676, 0.00233732672711907, 0.8901227321618, 25
664.53, 34.95, -Inf, 38.17, 0.17, NA, NA, 3.22, Inf, 12.45, NA, 25, "all", 50, 484.325613962402, 0.169135288187574, 20, 36.9136131422992, 541.857901910396, 481.824096500641, 487.009665369931, 0.163171414529337, 0.176573668882153, 0.00340752817466293, 1.33643026253016, 25
627.78, 35.17, -Inf, 38.42, 0.16, NA, NA, 3.25, Inf, 13.07, NA, 25, "all", 100, 463.695647002236, 0.159750875856717, 20, 37.1550089402447, 515.556454120906, 462.345268483888, 465.975816356542, 0.155402441403127, 0.165913057018005, 0.00265867132684107, 0.969729024426162, 25
582.71, 35.08, -Inf, 38.39, 0.13, NA, NA, 3.32, Inf, 15.25, NA, 25, "all", 200, 452.730748670718, 0.133853457904733, 20, 37.1381477292244, 494.787908443967, 450.469121247007, 455.71963406159, 0.127647375127437, 0.141463968286664, 0.00353739006734928, 1.32250835450397, 25
585.45, 34.92, -Inf, 38.33, 0.1, NA, NA, 3.42, Inf, 18.91, NA, 15, "all", 100, 483.064080638038, 0.103014998524061, 20, 37.0856306173002, 450.073547142097, 481.693738733449, 484.623467258501, 0.0994337791811491, 0.107328561750171, 0.0019927249079875, 0.784663380565591, 26
531.18, 34.91, -Inf, 38.4, 0.08, NA, NA, 3.5, Inf, 22.42, NA, 15, "all", 200, 453.824844200265, 0.0844017957372424, 20, 37.1572992188793, 428.270205274323, 452.007177960478, 456.310230627539, 0.0794173184857636, 0.0900380539071765, 0.00272146082779044, 1.04977055085546, 26
604.54, 34.97, -Inf, 38.31, 0.12, NA, NA, 3.35, Inf, 16.26, NA, 20, "all", 50, 479.986811091318, 0.123253929221533, 20, 37.0584686747019, 479.986811091318, 476.279978650052, 483.602921530897, 0.115406957066713, 0.133504558298363, 0.00450419902307645, 1.80161217173229, 26
598.63, 34.94, -Inf, 38.39, 0.1, NA, NA, 3.45, Inf, 20.08, NA, 20, "all", 100, 500.169871801851, 0.096119672909584, 20, 37.1426782019197, 500.169871801851, 498.694434346213, 501.943462214402, 0.0918584977605473, 0.101019945444256, 0.00241982659560861, 0.804856515516731, 26
525.22, 34.81, -Inf, 38.32, 0.08, NA, NA, 3.51, Inf, 23.18, NA, 20, "all", 200, 452.119232382939, 0.0808987272470683, 20, 37.0728952510355, 452.119232382939, 450.381945631359, 453.94094898237, 0.0765191288268087, 0.0859908952796297, 0.00244370550765859, 0.898811177157912, 26
659.87, 34.95, -Inf, 38.17, 0.17, NA, NA, 3.22, Inf, 12.48, NA, 25, "all", 50, 481.367343598032, 0.168650939521161, 20, 36.9141609717982, 538.375141587732, 478.952398538834, 484.312818339333, 0.163024637998649, 0.177396401961072, 0.00360752860651683, 1.34252155826191, 26
624.2, 35.17, -Inf, 38.42, 0.16, NA, NA, 3.25, Inf, 13.09, NA, 25, "all", 100, 461.310546079274, 0.159398050532124, 20, 37.1610854691065, 512.784514373371, 459.969901708081, 463.543183538859, 0.154735042863026, 0.165285095987906, 0.00260459186843002, 0.899683498054448, 26
581.79, 35.08, -Inf, 38.4, 0.13, NA, NA, 3.31, Inf, 15.15, NA, 25, "all", 200, 451.019277499076, 0.134970030114884, 20, 37.1411886147352, 493.282840142647, 448.950823423939, 453.80933657523, 0.12845717019653, 0.142938422580868, 0.00367949652797918, 1.28455197858073, 26
580.34, 34.92, -Inf, 38.34, 0.1, NA, NA, 3.42, Inf, 19.06, NA, 15, "all", 100, 479.710526668731, 0.102045476310022, 20, 37.0895200634226, 447.246677799217, 478.21455629573, 481.281813329092, 0.098716131560234, 0.106346404135013, 0.00196266906228998, 0.794565622153281, 27
527.8, 34.91, -Inf, 38.41, 0.08, NA, NA, 3.5, Inf, 22.51, NA, 15, "all", 200, 451.232219626477, 0.0840232037005482, 20, 37.1644249120344, 425.93428640097, 449.426607246998, 453.439394228646, 0.0788869609853952, 0.0893626257481646, 0.00264164482258666, 1.04318580192012, 27
599.08, 34.97, -Inf, 38.32, 0.12, NA, NA, 3.35, Inf, 16.43, NA, 20, "all", 50, 476.982313012907, 0.121743836896156, 20, 37.0655676931858, 476.982313012907, 473.606834304259, 480.741725221023, 0.114233617763112, 0.131985763405107, 0.00455521623545878, 1.8841154781135, 27
593.87, 34.94, -Inf, 38.4, 0.09, NA, NA, 3.45, Inf, 20.32, NA, 20, "all", 100, 497.401800333294, 0.094818470811253, 20, 37.1480811844916, 497.401800333294, 496.018562830645, 498.978175168577, 0.0903259366060643, 0.0996051969112871, 0.00241022478126182, 0.760980370851761, 27
522.5, 34.8, -Inf, 38.32, 0.08, NA, NA, 3.51, Inf, 23.32, NA, 20, "all", 200, 450.274890767298, 0.0803086921995956, 20, 37.0754459270024, 450.274890767298, 448.49560870136, 452.039355311381, 0.0764414821953837, 0.085020627458076, 0.00227349068902194, 0.90251678193138, 27
655.57, 34.96, -Inf, 38.18, 0.17, NA, NA, 3.23, Inf, 12.53, NA, 25, "all", 50, 478.834575230514, 0.167912851576002, 20, 36.9220646005791, 535.280159320624, 476.316790640562, 481.625343448176, 0.162235847383374, 0.175667711196825, 0.003380897413215, 1.35470691220142, 27
620.68, 35.18, -Inf, 38.43, 0.16, NA, NA, 3.25, Inf, 13.11, NA, 25, "all", 100, 458.958107669383, 0.159060143860361, 20, 37.167259648165, 510.055192785074, 457.42140107717, 461.11107546697, 0.154360827241466, 0.165093359137903, 0.00267311667658961, 0.969512850283727, 27
578.74, 35.09, -Inf, 38.41, 0.13, NA, NA, 3.31, Inf, 15.19, NA, 25, "all", 200, 448.949745563424, 0.134568368021981, 20, 37.14890568058, 490.888509184587, 446.906282608076, 451.870585967376, 0.127979134753028, 0.142189804338151, 0.00366602586173714, 1.27260841463267, 27
575.57, 34.91, -Inf, 38.34, 0.1, NA, NA, 3.42, Inf, 19.24, NA, 15, "all", 100, 476.75361812752, 0.100960263428116, 20, 37.0903202792466, 444.821229072096, 475.440752250571, 478.359143611806, 0.0977003484994135, 0.105221578491446, 0.00193121559815409, 0.762320246597297, 28
525.26, 34.92, -Inf, 38.42, 0.08, NA, NA, 3.5, Inf, 22.56, NA, 15, "all", 200, 449.224965861299, 0.083800689701882, 20, 37.1697160978027, 424.104363969266, 447.504270945552, 451.375153212758, 0.0788619157721038, 0.0894940581767364, 0.00269934659179287, 1.00263810405575, 28
592.4, 34.97, -Inf, 38.33, 0.12, NA, NA, 3.36, Inf, 16.68, NA, 20, "all", 50, 473.558686601912, 0.119595756476052, 20, 37.0742420459602, 473.558686601912, 470.387024453055, 477.013017117832, 0.111928021216674, 0.128912200941504, 0.00439171240777152, 1.78896750032505, 28
588.63, 34.94, -Inf, 38.4, 0.09, NA, NA, 3.46, Inf, 20.73, NA, 20, "all", 100, 495.040844101, 0.092639264052657, 20, 37.154847955825, 495.040844101, 493.533580449901, 496.653576037909, 0.0883803951515114, 0.0979906726449515, 0.00246450737829853, 0.80045883694058, 28
521.18, 34.82, -Inf, 38.33, 0.08, NA, NA, 3.51, Inf, 23.11, NA, 20, "all", 200, 448.355975396799, 0.0811937931740293, 20, 37.0818609210164, 448.355975396799, 446.729256928536, 450.081088604781, 0.0772805456636163, 0.0858385825216963, 0.00221888602307019, 0.856225033615457, 28
651.18, 34.96, -Inf, 38.18, 0.17, NA, NA, 3.23, Inf, 12.59, NA, 25, "all", 50, 476.560993707192, 0.166884772561658, 20, 36.9230423993065, 532.37521085546, 474.097415430518, 479.283666317118, 0.1613836979077, 0.175321702954036, 0.00347257266780504, 1.32937164868057, 28
616.54, 35.18, -Inf, 38.43, 0.16, NA, NA, 3.25, Inf, 13.16, NA, 25, "all", 100, 456.50740226726, 0.158313885185455, 20, 37.1733493383667, 507.080448034618, 455.183178143811, 458.631054609207, 0.154196980164411, 0.164173913521636, 0.00255751929533794, 0.902000610920368, 28
575.4, 35.1, -Inf, 38.41, 0.13, NA, NA, 3.32, Inf, 15.22, NA, 25, "all", 200, 446.513940266507, 0.134326693167503, 20, 37.1560264846946, 488.146863718713, 444.573706243188, 449.384171421959, 0.128194864689573, 0.14243915130168, 0.00366061555917346, 1.28518747821848, 28
571.19, 34.91, -Inf, 38.34, 0.1, NA, NA, 3.43, Inf, 19.37, NA, 15, "all", 100, 473.84616655885, 0.100155261021484, 20, 37.091895028274, 442.352970926101, 472.586847111279, 475.507176192334, 0.0963888350624263, 0.104229518430911, 0.00199339581502209, 0.734891323448973, 29
522.77, 34.92, -Inf, 38.42, 0.08, NA, NA, 3.5, Inf, 22.61, NA, 15, "all", 200, 447.234965131978, 0.0836156423352275, 20, 37.1749430592411, 422.279298714871, 445.364591046863, 449.60101734659, 0.0789035688884996, 0.0891266019965701, 0.00260989479881041, 1.08079280648122, 29
586.26, 34.97, -Inf, 38.33, 0.12, NA, NA, 3.37, Inf, 16.97, NA, 20, "all", 50, 470.762915852177, 0.117211797466178, 20, 37.0802705215024, 470.762915852177, 467.517433725275, 474.252301434947, 0.109305954143528, 0.126542690513816, 0.0043134802823542, 1.72058586914093, 29
584.37, 34.94, -Inf, 38.41, 0.09, NA, NA, 3.46, Inf, 20.93, NA, 20, "all", 100, 492.444494317943, 0.0915738886725789, 20, 37.1589817499433, 492.444494317943, 491.001651407331, 494.027353335566, 0.087341555667823, 0.0968487554189428, 0.00245673407609853, 0.787219062385919, 29
518.18, 34.82, -Inf, 38.33, 0.08, NA, NA, 3.52, Inf, 23.46, NA, 20, "all", 200, 446.918819049329, 0.0798144185098691, 20, 37.0886506266127, 446.918819049329, 445.171328076115, 448.549808374073, 0.0757934406138724, 0.0847146512329946, 0.00229209930817162, 0.847989038319848, 29
646.63, 34.96, -Inf, 38.19, 0.17, NA, NA, 3.23, Inf, 12.65, NA, 25, "all", 50, 473.932997176535, 0.166036852717236, 20, 36.9299274439071, 529.141584044372, 471.392590491478, 476.509027569373, 0.160665932242187, 0.174272215556602, 0.00349346670955985, 1.31811366149897, 29
613.4, 35.19, -Inf, 38.44, 0.16, NA, NA, 3.25, Inf, 13.18, NA, 25, "all", 100, 454.427121881662, 0.157980437556102, 20, 37.1787244242856, 504.658019794964, 453.0266265116, 456.620642080651, 0.153244127214255, 0.163470855213561, 0.00252724911768177, 0.913200581356483, 29
571.78, 35.1, -Inf, 38.42, 0.13, NA, NA, 3.32, Inf, 15.26, NA, 25, "all", 200, 444.08568196914, 0.133820359436119, 20, 37.164018389855, 485.32908346852, 442.09456368807, 447.017391424602, 0.127364922244211, 0.141023215868005, 0.00356236959939026, 1.24559464338627, 29
567.7, 34.91, -Inf, 38.34, 0.1, NA, NA, 3.43, Inf, 19.33, NA, 15, "all", 100, 470.756545062443, 0.100389293090256, 20, 37.088794545039, 439.398075494183, 469.304989815382, 472.246584915813, 0.0968159004679366, 0.104534579180729, 0.0020024736684901, 0.72920117313242, 30
520.04, 34.92, -Inf, 38.43, 0.08, NA, NA, 3.5, Inf, 22.7, NA, 15, "all", 200, 445.193376276367, 0.0832433064792023, 20, 37.1805097120264, 420.459117658099, 443.215479095494, 447.180066845631, 0.0782760107051871, 0.0891002863319496, 0.00275975876077929, 1.03128450698634, 30
581.33, 34.97, -Inf, 38.34, 0.12, NA, NA, 3.37, Inf, 17.02, NA, 20, "all", 50, 467.127707100674, 0.116803268397012, 20, 37.0864537533138, 467.127707100674, 463.743918889005, 470.695263015316, 0.109297103611473, 0.12660341384696, 0.00467955371010311, 1.76440751679116, 30
579.19, 34.94, -Inf, 38.41, 0.09, NA, NA, 3.48, Inf, 21.39, NA, 20, "all", 100, 490.226382242442, 0.0892559685742339, 20, 37.1644798293533, 490.226382242442, 488.85084608067, 491.847289689332, 0.0851253060220018, 0.0945349593681725, 0.00242482633074504, 0.761693431819643, 30
516.17, 34.82, -Inf, 38.34, 0.08, NA, NA, 3.52, Inf, 23.49, NA, 20, "all", 200, 445.274337341733, 0.0796831002169983, 20, 37.0937289629388, 445.274337341733, 443.556000710625, 446.911853126278, 0.0755666082250277, 0.0846302080014045, 0.0023207874391147, 0.864945908780262, 30
641.65, 34.97, -Inf, 38.2, 0.16, NA, NA, 3.23, Inf, 12.74, NA, 25, "all", 50, 471.475277609598, 0.164611579530113, 20, 36.9408884232209, 525.899890406333, 469.02871601366, 474.053179785592, 0.159279982263643, 0.172271351364774, 0.00336364560380118, 1.29655817257256, 30
609.66, 35.19, -Inf, 38.44, 0.16, NA, NA, 3.25, Inf, 13.21, NA, 25, "all", 100, 452.037228218233, 0.157491531353992, 20, 37.1845450814338, 501.841100363915, 450.501291508278, 454.30824043799, 0.152757414641884, 0.163006523808365, 0.0025845633969206, 0.944702950835081, 30
568.08, 35.11, -Inf, 38.43, 0.13, NA, NA, 3.32, Inf, 15.28, NA, 25, "all", 200, 441.458164834656, 0.133456045056103, 20, 37.1723954092318, 482.340909065535, 439.464937750576, 444.447142467719, 0.126985692352908, 0.141151353757915, 0.00361356021078373, 1.26381512533597, 30
562.78, 34.91, -Inf, 38.34, 0.1, NA, NA, 3.43, Inf, 19.52, NA, 15, "all", 100, 467.695401199562, 0.0992327930152416, 20, 37.092422671597, 436.887657852839, 466.391774945422, 469.280532778095, 0.0959512072949017, 0.103989660707595, 0.00207668012112417, 0.722362095749103, 31
516.8, 34.93, -Inf, 38.43, 0.08, NA, NA, 3.51, Inf, 22.89, NA, 15, "all", 200, 443.059077532729, 0.0824495264973766, 20, 37.1874025055287, 418.671541473137, 441.070733256492, 445.350677086016, 0.0776407212013329, 0.088093055175216, 0.0026375754832636, 1.04006932332734, 31
574.92, 34.97, -Inf, 38.34, 0.11, NA, NA, 3.38, Inf, 17.37, NA, 20, "all", 50, 464.354150248536, 0.11408641340532, 20, 37.0935335968501, 464.354150248536, 461.194115480771, 467.778725938483, 0.106816763453839, 0.123601812299056, 0.00456729421448317, 1.72746640518617, 31
574.08, 34.93, -Inf, 38.42, 0.09, NA, NA, 3.48, Inf, 21.78, NA, 20, "all", 100, 487.595362671173, 0.0874000644946037, 20, 37.1712746034495, 487.595362671173, 486.260454620255, 489.208807348507, 0.0829674885376235, 0.093009488212465, 0.00250598694410117, 0.767178165345563, 31
513.69, 34.82, -Inf, 38.34, 0.08, NA, NA, 3.52, Inf, 23.66, NA, 20, "all", 200, 443.677390205429, 0.079022202032881, 20, 37.0971864410295, 443.677390205429, 441.825048549807, 445.2770161031, 0.0753352340383871, 0.0838488223815053, 0.00219990547438497, 0.859879334160989, 31
635.91, 34.97, -Inf, 38.21, 0.16, NA, NA, 3.24, Inf, 12.87, NA, 25, "all", 50, 468.916554671003, 0.162699947406913, 20, 36.9469771670583, 522.38265990498, 466.396196413853, 471.719844983175, 0.156887275304333, 0.171261195177733, 0.00356534228304621, 1.33445198565454, 31
606.03, 35.19, -Inf, 38.45, 0.16, NA, NA, 3.25, Inf, 13.24, NA, 25, "all", 100, 449.714416708106, 0.157021819824515, 20, 37.1900374843057, 499.106762197789, 448.321321142098, 451.849377742429, 0.152137465904425, 0.162217502024008, 0.00256435198018623, 0.911059091593863, 31
565.3, 35.12, -Inf, 38.43, 0.13, NA, NA, 3.32, Inf, 15.29, NA, 25, "all", 200, 439.425276167366, 0.13326490307719, 20, 37.178301509221, 480.058857947687, 437.300945969385, 442.08947809835, 0.127381134962772, 0.141940820889364, 0.00360551612328649, 1.21585740606768, 31
558.95, 34.9, -Inf, 38.33, 0.1, NA, NA, 3.43, Inf, 19.59, NA, 15, "all", 100, 464.949000074972, 0.0987789928961944, 20, 37.0861679446844, 434.457528507841, 463.693342208835, 466.666927017848, 0.0949850842517523, 0.103064576004468, 0.0020089455333119, 0.743081285636349, 32
514.91, 34.93, -Inf, 38.44, 0.08, NA, NA, 3.51, Inf, 22.94, NA, 15, "all", 200, 441.599957169694, 0.0822451559285051, 20, 37.190644291759, 417.351302018563, 439.791895602457, 443.567018863609, 0.0773950394609412, 0.0875217016062283, 0.00255937095771671, 0.973818335287718, 32
569.91, 34.97, -Inf, 38.35, 0.11, NA, NA, 3.38, Inf, 17.51, NA, 20, "all", 50, 461.206484533324, 0.113026965181672, 20, 37.0996207586407, 461.206484533324, 458.130760940776, 464.808910010533, 0.105603189647519, 0.122884652462532, 0.00455865960156771, 1.76208398363502, 32
569.13, 34.93, -Inf, 38.42, 0.09, NA, NA, 3.49, Inf, 22.24, NA, 20, "all", 100, 485.351986210624, 0.0852625720437503, 20, 37.1762127772168, 485.351986210624, 483.931569663889, 486.890468791115, 0.0807868466547868, 0.0902768006607015, 0.00243294728572691, 0.762499256021583, 32
511.94, 34.82, -Inf, 38.35, 0.08, NA, NA, 3.52, Inf, 23.7, NA, 20, "all", 200, 442.270661109069, 0.0788726117119775, 20, 37.1019564360081, 442.270661109069, 440.582249488108, 443.930381785367, 0.0747989765673756, 0.0840481663530164, 0.00230218181724914, 0.854512350268758, 32
632.76, 34.97, -Inf, 38.21, 0.16, NA, NA, 3.24, Inf, 12.89, NA, 25, "all", 50, 466.865294376171, 0.162383799037165, 20, 36.9489032625542, 519.988402949446, 464.531082540272, 469.555297403421, 0.157084921047364, 0.17040143139606, 0.0034426153269465, 1.24171231627984, 32
602.66, 35.2, -Inf, 38.45, 0.16, NA, NA, 3.26, Inf, 13.25, NA, 25, "all", 100, 447.378311456512, 0.156782962992758, 20, 37.1952539063487, 496.435381752273, 446.018775966739, 449.387537817821, 0.152496076047852, 0.162143366204282, 0.00257425197670199, 0.880477604812045, 32
564.89, 35.12, -Inf, 38.44, 0.13, NA, NA, 3.32, Inf, 15.19, NA, 25, "all", 200, 438.203047089593, 0.134306384605114, 20, 37.1800306997229, 479.054606919408, 436.207817094325, 441.029238813752, 0.128494770370575, 0.142133483473043, 0.0034065472391992, 1.25618836162477, 32
554.62, 34.89, -Inf, 38.33, 0.1, NA, NA, 3.44, Inf, 19.67, NA, 15, "all", 100, 461.81024745782, 0.0982795009773865, 20, 37.082519711894, 431.672650502399, 460.431934958383, 463.311630155994, 0.0946949455914723, 0.102683818372747, 0.00210425149071688, 0.724248851691146, 33
511.64, 34.93, -Inf, 38.44, 0.08, NA, NA, 3.51, Inf, 23.11, NA, 15, "all", 200, 439.354660519096, 0.0815395773646917, 20, 37.1974654631211, 415.430526680035, 437.428121667484, 441.36443717272, 0.0765780926731446, 0.0872648716334213, 0.00273717370239985, 1.01706822952111, 33
563.93, 34.97, -Inf, 38.36, 0.11, NA, NA, 3.39, Inf, 17.84, NA, 20, "all", 50, 458.480280209491, 0.110572652849268, 20, 37.1060180299783, 458.480280209491, 455.345049104677, 462.132677502328, 0.102791341868926, 0.121183571694903, 0.00457095195866543, 1.7722588590374, 33
564.36, 34.92, -Inf, 38.43, 0.08, NA, NA, 3.5, Inf, 22.68, NA, 20, "all", 100, 483.05569398717, 0.0833183510540682, 20, 37.1812173202247, 483.05569398717, 481.654521863921, 484.440923858864, 0.0793902205905311, 0.0886659052575702, 0.00241191190287537, 0.728414662581354, 33
510.15, 34.83, -Inf, 38.35, 0.08, NA, NA, 3.52, Inf, 23.61, NA, 20, "all", 200, 440.397174806776, 0.0792413436379352, 20, 37.1069730781623, 440.397174806776, 438.686631553934, 442.067546094553, 0.0751305648372139, 0.0840852478301646, 0.00230531216028688, 0.88183933435745, 33
628.63, 34.97, -Inf, 38.21, 0.16, NA, NA, 3.24, Inf, 12.94, NA, 25, "all", 50, 464.380219050045, 0.161722756902781, 20, 36.9515663042989, 516.993704199002, 462.156935089656, 466.93688437035, 0.155926084663686, 0.16935197485375, 0.003430113103774, 1.27721391113996, 33
599.11, 35.2, -Inf, 38.46, 0.16, NA, NA, 3.26, Inf, 13.3, NA, 25, "all", 100, 445.364536593339, 0.156015164432, 20, 37.2002042897161, 493.949032296275, 444.029957817521, 447.273476402119, 0.151233093197638, 0.162099599183317, 0.0026941270665999, 0.85011435180506, 33
562.3, 35.13, -Inf, 38.44, 0.13, NA, NA, 3.32, Inf, 15.18, NA, 25, "all", 200, 436.193993412865, 0.134260228226466, 20, 37.1859612864464, 476.843652133245, 434.288463738546, 439.122100508237, 0.128294546225905, 0.141680025314393, 0.00353102625822473, 1.1996287882986, 33
550.69, 34.89, -Inf, 38.33, 0.1, NA, NA, 3.44, Inf, 19.8, NA, 15, "all", 100, 459.175642278026, 0.0975375113840857, 20, 37.0853714496975, 429.428721012896, 457.807970562158, 460.842866871281, 0.094177278968449, 0.101586796397192, 0.00200590958738257, 0.76106303480845, 34
509.28, 34.94, -Inf, 38.45, 0.08, NA, NA, 3.51, Inf, 23.13, NA, 15, "all", 200, 437.396591488814, 0.0814365025189571, 20, 37.2015914921287, 413.608354097263, 435.642214977358, 439.544553602392, 0.0768861608980445, 0.086858330252367, 0.00256037404121378, 0.965561120593642, 34
558.64, 34.97, -Inf, 38.36, 0.11, NA, NA, 3.4, Inf, 18.04, NA, 20, "all", 50, 455.41958545901, 0.109116740107203, 20, 37.1121768381032, 455.41958545901, 452.251983301944, 458.877168286614, 0.100887554532362, 0.119451094826149, 0.00475805903384835, 1.72428322749226, 34
559.66, 34.92, -Inf, 38.43, 0.08, NA, NA, 3.51, Inf, 23.14, NA, 20, "all", 100, 480.799461135669, 0.0813812555738705, 20, 37.1850691008983, 480.799461135669, 479.415537805112, 482.405837911457, 0.0771314903761779, 0.0867732960852595, 0.00238625566360297, 0.768324098284753, 34
508.58, 34.83, -Inf, 38.35, 0.08, NA, NA, 3.52, Inf, 23.58, NA, 20, "all", 200, 438.927730499992, 0.0793664831239497, 20, 37.1092499671228, 438.927730499992, 437.396113144121, 440.490132798272, 0.0752173758763623, 0.0838541651612505, 0.00217942625705565, 0.798826223120507, 34
623.67, 34.97, -Inf, 38.22, 0.16, NA, NA, 3.24, Inf, 13.06, NA, 25, "all", 50, 462.293475883393, 0.159860565672189, 20, 36.9597233340129, 514.034878947031, 459.820669337964, 464.945877841773, 0.154446111354784, 0.168319073124946, 0.00349524216042382, 1.3064521469632, 34
596.56, 35.2, -Inf, 38.46, 0.16, NA, NA, 3.26, Inf, 13.32, NA, 25, "all", 100, 443.71150752149, 0.155701708995574, 20, 37.2036032530589, 492.013314160648, 442.375646633725, 445.71848204938, 0.151150757925951, 0.1608604915844, 0.00254489513810346, 0.862996898215629, 34
558.83, 35.13, -Inf, 38.45, 0.13, NA, NA, 3.32, Inf, 15.23, NA, 25, "all", 200, 433.937028537735, 0.133681283904637, 20, 37.1932908780401, 474.194129153993, 431.855210375886, 436.886694607656, 0.128277416374999, 0.140911914740932, 0.0033471993091439, 1.25418513937995, 34
546.86, 34.89, -Inf, 38.33, 0.1, NA, NA, 3.44, Inf, 19.85, NA, 15, "all", 100, 456.301392078944, 0.0971994389331193, 20, 37.0795481515306, 426.839752553746, 455.037582765003, 457.800652673803, 0.0935790162940903, 0.10143011274069, 0.00204852734088684, 0.717076974206748, 35
506.83, 34.94, -Inf, 38.45, 0.08, NA, NA, 3.52, Inf, 23.29, NA, 15, "all", 200, 435.791453637064, 0.0808219960369769, 20, 37.2063712673976, 412.264439392768, 433.99442554551, 437.762757992175, 0.0761120679297671, 0.0864448012108712, 0.00272389285361342, 0.955958060990566, 35
553.51, 34.97, -Inf, 38.37, 0.11, NA, NA, 3.4, Inf, 18.28, NA, 20, "all", 50, 452.649035492022, 0.107453592628493, 20, 37.1180273299341, 452.649035492022, 449.249048057377, 456.122019742461, 0.100533277651192, 0.117952521383438, 0.00457281908905378, 1.74681356057205, 35
554.08, 34.91, -Inf, 38.44, 0.08, NA, NA, 3.52, Inf, 23.7, NA, 20, "all", 100, 478.049266944096, 0.0791093621285524, 20, 37.1919022138186, 478.049266944096, 476.700590335965, 479.548801409152, 0.0749235750122976, 0.0842355842193924, 0.00240577712334083, 0.738826549914385, 35
506.24, 34.84, -Inf, 38.36, 0.08, NA, NA, 3.52, Inf, 23.79, NA, 20, "all", 200, 437.555721359299, 0.078550366236694, 20, 37.1153707713792, 437.555721359299, 435.818904999847, 439.245089089669, 0.0741624450409616, 0.0829752994458264, 0.00220850674072007, 0.866888435502332, 35
619.12, 34.98, -Inf, 38.23, 0.16, NA, NA, 3.25, Inf, 13.14, NA, 25, "all", 50, 459.719781221704, 0.158884424929663, 20, 36.9674844527483, 510.842089956065, 457.320948190843, 462.140300568035, 0.153554863881174, 0.16749830605464, 0.00354877554313857, 1.20663222497465, 35
593.13, 35.21, -Inf, 38.47, 0.16, NA, NA, 3.26, Inf, 13.33, NA, 25, "all", 100, 441.320602596877, 0.155468978411193, 20, 37.2084991297043, 489.286561942591, 439.985121714662, 443.409684818228, 0.150627188245026, 0.161019520609578, 0.00265460099877114, 0.876393419110252, 35
556.84, 35.14, -Inf, 38.45, 0.13, NA, NA, 3.32, Inf, 15.2, NA, 25, "all", 200, 432.167522550183, 0.133907589970791, 20, 37.1979354613107, 472.331396002337, 430.295581173805, 434.718513524321, 0.128129358361474, 0.141930685950544, 0.00355565668456812, 1.1576607498274, 35
542.4, 34.88, -Inf, 38.32, 0.1, NA, NA, 3.44, Inf, 19.98, NA, 15, "all", 100, 453.238642714321, 0.0964617800840137, 20, 37.0769820749156, 424.189565834572, 452.052179363493, 454.682324952685, 0.0927685930874741, 0.100416762560065, 0.0019486744156998, 0.696097087945932, 36
504.23, 34.94, -Inf, 38.46, 0.08, NA, NA, 3.52, Inf, 23.44, NA, 15, "all", 200, 434.045570303908, 0.0802098136999064, 20, 37.211466696103, 410.785457729837, 432.314560984312, 435.961328306438, 0.0755548209569318, 0.0855343482507018, 0.00246647785873831, 0.942383874052844, 36
547.46, 34.97, -Inf, 38.38, 0.11, NA, NA, 3.41, Inf, 18.61, NA, 20, "all", 50, 449.603336107952, 0.105182438120363, 20, 37.126936532498, 449.603336107952, 446.254187053424, 453.262962459997, 0.0978595161445623, 0.114798926715232, 0.00447974549325375, 1.79409201152629, 36
549.7, 34.91, -Inf, 38.44, 0.08, NA, NA, 3.53, Inf, 24.16, NA, 20, "all", 100, 476.078058184242, 0.0771048098145724, 20, 37.1963282771582, 476.078058184242, 474.637188202337, 477.720407282462, 0.0729484107586583, 0.0824182379601767, 0.00240174739760271, 0.775350337250215, 36
503.74, 34.84, -Inf, 38.36, 0.08, NA, NA, 3.53, Inf, 23.94, NA, 20, "all", 200, 435.852653497924, 0.0779803041068701, 20, 37.1194450188389, 435.852653497924, 434.380630767991, 437.648257720393, 0.0739581901459687, 0.082760344050183, 0.00223787378685324, 0.847260890092455, 36
614.29, 34.98, -Inf, 38.23, 0.16, NA, NA, 3.25, Inf, 13.25, NA, 25, "all", 50, 457.544911060201, 0.157226155141094, 20, 36.9727215232806, 507.866148853142, 455.400531543451, 460.143482192003, 0.151400151803585, 0.165523552462316, 0.00355343100907998, 1.24361179207254, 36
589.63, 35.21, -Inf, 38.47, 0.15, NA, NA, 3.26, Inf, 13.39, NA, 25, "all", 100, 439.324744792883, 0.154722064900452, 20, 37.2129494752213, 486.832402912988, 437.764941025518, 441.443205023811, 0.150601228293195, 0.160178398783826, 0.00251342397174127, 0.875236693113111, 36
554.74, 35.14, -Inf, 38.46, 0.13, NA, NA, 3.32, Inf, 15.19, NA, 25, "all", 200, 430.432088870556, 0.133992639965957, 20, 37.202549905828, 470.461231879007, 428.471768116529, 433.09806401419, 0.128100399674909, 0.141512332792836, 0.00348398288282411, 1.22680137120066, 36
538.43, 34.87, -Inf, 38.32, 0.1, NA, NA, 3.45, Inf, 20.18, NA, 15, "all", 100, 450.935652396754, 0.0952994882505097, 20, 37.0733049971165, 422.371148619982, 449.670750565999, 452.523936644961, 0.0918142877916121, 0.0998324813408599, 0.00202621528021973, 0.728709331085071, 37
502.47, 34.94, -Inf, 38.46, 0.08, NA, NA, 3.52, Inf, 23.37, NA, 15, "all", 200, 432.281503738484, 0.0804917087818074, 20, 37.2147602051543, 409.036740334676, 430.540158941416, 434.335945362026, 0.0762857317818722, 0.0856683058956291, 0.0024441255903574, 0.962485594303004, 37
543.45, 34.97, -Inf, 38.38, 0.1, NA, NA, 3.41, Inf, 18.7, NA, 20, "all", 50, 446.819108570975, 0.104582079295699, 20, 37.1292086531718, 446.819108570975, 444.089527818738, 450.122019796579, 0.0964441851023998, 0.115826451094734, 0.00486421541844774, 1.61985352749549, 37
545.34, 34.9, -Inf, 38.44, 0.08, NA, NA, 3.54, Inf, 24.17, NA, 20, "all", 100, 473.828895383329, 0.0753941403519976, 20, 37.2009515832028, 473.828895383329, 472.518272901975, 475.290331772907, 0.0709362800205093, 0.0807124105952729, 0.00248933828252957, 0.733413659027003, 37
502.5, 34.84, -Inf, 38.37, 0.08, NA, NA, 3.52, Inf, 23.78, NA, 20, "all", 200, 434.235486415857, 0.0786226335254709, 20, 37.1225946842956, 434.235486415857, 432.672536683774, 435.985533518956, 0.0744345630587557, 0.0833350642820683, 0.00225870899307143, 0.815156787558109, 37
609.87, 34.98, -Inf, 38.24, 0.16, NA, NA, 3.26, Inf, 13.36, NA, 25, "all", 50, 455.554284094687, 0.155686586534495, 20, 36.9780123523648, 505.140209017425, 453.421120218835, 458.09418180786, 0.150657554946899, 0.163831232517879, 0.00338529928190773, 1.19569157337364, 37
585.72, 35.21, -Inf, 38.48, 0.15, NA, NA, 3.26, Inf, 13.44, NA, 25, "all", 100, 437.027496600807, 0.153943337815162, 20, 37.2184990605178, 484.036519925581, 435.748419473887, 438.926893081996, 0.149081415270561, 0.159530300987758, 0.00264639879096751, 0.840298712108051, 37
552.36, 35.15, -Inf, 38.46, 0.13, NA, NA, 3.32, Inf, 15.19, NA, 25, "all", 200, 428.579684623598, 0.133957687532322, 20, 37.2076748575449, 468.42569273114, 426.651736837067, 431.183698047123, 0.127587511297788, 0.140909159555617, 0.00350178276937005, 1.15838659386684, 37
534.93, 34.87, -Inf, 38.31, 0.1, NA, NA, 3.45, Inf, 20.14, NA, 15, "all", 100, 447.858984027576, 0.0954977530310017, 20, 37.0683032358346, 419.432264463186, 446.626253922594, 449.352240802683, 0.091948110064019, 0.100059181916253, 0.00207564288274673, 0.706623029347698, 38
499.85, 34.94, -Inf, 38.47, 0.08, NA, NA, 3.52, Inf, 23.58, NA, 15, "all", 200, 430.683155193605, 0.0796712875630478, 20, 37.2196294674347, 407.753988926323, 428.851906157859, 432.721670053534, 0.0750130097380263, 0.0847334489992376, 0.00253077884019613, 0.970257116396002, 38
537.31, 34.96, -Inf, 38.38, 0.1, NA, NA, 3.42, Inf, 19.11, NA, 20, "all", 50, 443.958501356865, 0.101975735881529, 20, 37.1343246374002, 443.958501356865, 441.106687284502, 447.623703371017, 0.0940124384419119, 0.112133845189786, 0.00470910011976569, 1.70106660169248, 38
540.01, 34.89, -Inf, 38.45, 0.07, NA, NA, 3.56, Inf, 24.17, NA, 20, "all", 100, 471.564423467844, 0.0727463250008139, 20, 37.2054136735632, 471.564423467844, 470.249318722842, 473.086885514385, 0.0686358966390821, 0.0779579290798062, 0.00245976023468159, 0.738780117434064, 38
500.62, 34.84, -Inf, 38.37, 0.08, NA, NA, 3.53, Inf, 23.89, NA, 20, "all", 200, 432.951607720297, 0.0781964581990446, 20, 37.1260782795724, 432.951607720297, 431.420510657689, 434.439834659281, 0.0744202589674538, 0.0830007293588361, 0.00218747176740069, 0.810349022942984, 38
605.64, 34.98, -Inf, 38.24, 0.15, NA, NA, 3.26, Inf, 13.43, NA, 25, "all", 50, 453.183462044025, 0.154741892507501, 20, 36.9814643993403, 502.19638096987, 450.795859387457, 455.648091325449, 0.149080473742585, 0.162893195825889, 0.00361228706418856, 1.21959283283634, 38
583.56, 35.22, -Inf, 38.48, 0.15, NA, NA, 3.26, Inf, 13.45, NA, 25, "all", 100, 435.497453696636, 0.153825389150512, 20, 37.2206888361623, 482.304142866009, 434.18931223857, 437.527848754009, 0.149288207392021, 0.158853738113586, 0.00250074626135213, 0.855394567667814, 38
549.83, 35.15, -Inf, 38.47, 0.13, NA, NA, 3.32, Inf, 15.19, NA, 25, "all", 200, 426.640975189412, 0.133885828819929, 20, 37.212984406142, 466.284500028711, 424.725278911329, 429.28114466112, 0.127564915460933, 0.141254564683867, 0.00350765783175764, 1.13782363870781, 38
531.31, 34.86, -Inf, 38.31, 0.09, NA, NA, 3.45, Inf, 20.27, NA, 15, "all", 100, 445.505658180373, 0.0947502013624884, 20, 37.0612546053636, 417.442540229175, 444.262401707413, 447.062488879186, 0.09126412583341, 0.0991393175850592, 0.00200059898955389, 0.725377085380282, 39
497.52, 34.95, -Inf, 38.47, 0.08, NA, NA, 3.52, Inf, 23.7, NA, 15, "all", 200, 429.051010706575, 0.0791937082941971, 20, 37.223986136824, 406.341973839269, 427.318235547686, 430.933938251894, 0.0742957268304614, 0.0845111175048734, 0.00257828109528307, 0.941667222259447, 39
532.87, 34.96, -Inf, 38.39, 0.1, NA, NA, 3.43, Inf, 19.33, NA, 20, "all", 50, 441.42365579233, 0.10060255091666, 20, 37.1398111808155, 441.42365579233, 438.003587685641, 445.045718147102, 0.0922329663014978, 0.111201278949446, 0.00497797186872042, 1.77526022380196, 39
535.07, 34.89, -Inf, 38.45, 0.07, NA, NA, 3.57, Inf, 24.18, NA, 20, "all", 100, 468.926340530051, 0.0708481785082748, 20, 37.2113337676983, 468.926340530051, 467.59416532529, 470.455475093511, 0.0663413903165767, 0.0760600409199926, 0.00249715919185145, 0.728064868255463, 39
498.44, 34.84, -Inf, 38.37, 0.08, NA, NA, 3.53, Inf, 24.05, NA, 20, "all", 200, 431.544938000379, 0.0775868978143212, 20, 37.1305421601798, 431.544938000379, 429.999338671289, 433.25194685118, 0.073480466807106, 0.0818591898989454, 0.00227902484813484, 0.8409549713225, 39
601.27, 34.99, -Inf, 38.25, 0.15, NA, NA, 3.26, Inf, 13.51, NA, 25, "all", 50, 450.676990548421, 0.153766144668709, 20, 36.9913616730857, 499.095532645539, 448.485847347849, 453.276456008833, 0.148477655229988, 0.162520026325132, 0.00348780022886193, 1.25220880242997, 39
579.94, 35.22, -Inf, 38.48, 0.15, NA, NA, 3.27, Inf, 13.47, NA, 25, "all", 100, 433.076741387423, 0.153457303017767, 20, 37.2249475739606, 479.506107661743, 431.6779852692, 434.994139524404, 0.149073794985594, 0.15908130150666, 0.00255209422181985, 0.858829744077166, 39
548.92, 35.16, -Inf, 38.47, 0.13, NA, NA, 3.32, Inf, 15.14, NA, 25, "all", 200, 425.523982183403, 0.134369604821215, 20, 37.2151489680738, 465.213051916481, 423.712491467148, 428.178039316132, 0.128353605867152, 0.141879985655993, 0.00355246906211766, 1.15377707691481, 39
527.84, 34.85, -Inf, 38.3, 0.1, NA, NA, 3.45, Inf, 20.21, NA, 15, "all", 100, 442.369480225709, 0.0950767919035865, 20, 37.0515268489614, 414.410967658392, 441.088781344998, 443.992034644814, 0.0913602729156372, 0.099189879529921, 0.00198306369871821, 0.725235404108015, 40
495.64, 34.95, -Inf, 38.47, 0.08, NA, NA, 3.52, Inf, 23.65, NA, 15, "all", 200, 427.239941718493, 0.079403389097835, 20, 37.2277331951212, 404.56850665508, 425.47386150612, 429.15492786056, 0.0751454829453163, 0.0846267971533607, 0.00248713690789466, 0.928397215638331, 40
526.83, 34.96, -Inf, 38.4, 0.1, NA, NA, 3.44, Inf, 19.7, NA, 20, "all", 50, 438.254939903344, 0.0983639290031234, 20, 37.1482096083168, 438.254939903344, 435.054921025377, 441.9422856032, 0.0902564557174674, 0.108801608101306, 0.00478509973864022, 1.75846951266537, 40
530.02, 34.88, -Inf, 38.46, 0.07, NA, NA, 3.58, Inf, 24.18, NA, 20, "all", 100, 466.756594716845, 0.0682987576958677, 20, 37.215416886867, 466.756594716845, 465.48076465009, 468.241007678867, 0.0638228376925533, 0.0734730261033704, 0.00241315324500752, 0.719584367336844, 40
496.63, 34.85, -Inf, 38.38, 0.08, NA, NA, 3.53, Inf, 24.06, NA, 20, "all", 200, 429.998242060235, 0.0775646637078239, 20, 37.1318267548386, 429.998242060235, 428.443263982028, 431.43982318195, 0.0733834420140412, 0.0824014626398126, 0.00224313605298283, 0.79848437623104, 40
597.41, 34.99, -Inf, 38.25, 0.15, NA, NA, 3.26, Inf, 13.59, NA, 25, "all", 50, 448.681994054271, 0.152688091214955, 20, 36.9956735536384, 496.530834135338, 446.476868096897, 451.222748836777, 0.147101718290508, 0.160468370013909, 0.00349339691806534, 1.23441151594842, 40
576.79, 35.22, -Inf, 38.49, 0.15, NA, NA, 3.27, Inf, 13.55, NA, 25, "all", 100, 431.606923764115, 0.152377911011578, 20, 37.2285108492592, 477.536514077959, 430.292348315805, 433.656794903844, 0.147797308377351, 0.157518481557092, 0.00251272821941662, 0.85803092284101, 40
546.29, 35.16, -Inf, 38.48, 0.13, NA, NA, 3.32, Inf, 15.16, NA, 25, "all", 200, 423.708609490627, 0.134048618985575, 20, 37.2204060756983, 463.129690308026, 421.74603926463, 426.395666733164, 0.128136661950613, 0.141760760028542, 0.00345865649195937, 1.18716713691025, 40
523.55, 34.84, -Inf, 38.29, 0.09, NA, NA, 3.45, Inf, 20.52, NA, 15, "all", 100, 440.287733696354, 0.0933190090268616, 20, 37.0430698712528, 412.958945809212, 439.090108897218, 441.689672072848, 0.0897938635526398, 0.0974524992910808, 0.00203882171759541, 0.674731402006877, 41
493.45, 34.95, -Inf, 38.48, 0.08, NA, NA, 3.53, Inf, 23.84, NA, 15, "all", 200, 425.939018387243, 0.078668477240855, 20, 37.23141847596, 403.540211473629, 424.32656104945, 427.93977318591, 0.0737465379579939, 0.0839940478721955, 0.00258045475338889, 0.941266830630791, 41
522.34, 34.96, -Inf, 38.4, 0.1, NA, NA, 3.44, Inf, 19.97, NA, 20, "all", 50, 435.805115552083, 0.0968165048474294, 20, 37.1508451583303, 435.805115552083, 432.873578242821, 438.94711768729, 0.0897472311672839, 0.10810069480502, 0.00473206470506707, 1.61560369775419, 41
526.04, 34.87, -Inf, 38.46, 0.07, NA, NA, 3.59, Inf, 24.18, NA, 20, "all", 100, 464.725070867789, 0.0666204167004955, 20, 37.2193164142819, 464.725070867789, 463.524629728119, 466.168644372869, 0.0624072215643833, 0.0715306824071355, 0.00233229926634397, 0.673385658924723, 41
493.75, 34.84, -Inf, 38.38, 0.08, NA, NA, 3.54, Inf, 24.11, NA, 20, "all", 200, 428.629979283579, 0.076152427325874, 20, 37.1375102653529, 428.629979283579, 427.10208622759, 430.279557242628, 0.0720379736193549, 0.0809334837630786, 0.00226864055369756, 0.823659505808374, 41
592.33, 34.99, -Inf, 38.26, 0.15, NA, NA, 3.27, Inf, 13.75, NA, 25, "all", 50, 446.594114969864, 0.150583601538842, 20, 37.0051995953646, 493.530530545432, 444.440031868511, 449.12399979881, 0.144633044356656, 0.15847488944683, 0.00346884982906879, 1.23131871761263, 41
574.03, 35.22, -Inf, 38.49, 0.15, NA, NA, 3.27, Inf, 13.56, NA, 25, "all", 100, 429.6086655252, 0.15226654990476, 20, 37.2311080416067, 475.290483083906, 428.301209300331, 431.59500554528, 0.147825311473123, 0.157805761001597, 0.00258644452530296, 0.869938297328982, 41
543.34, 35.16, -Inf, 38.48, 0.13, NA, NA, 3.32, Inf, 15.2, NA, 25, "all", 200, 421.705829533777, 0.133656148095726, 20, 37.2260230275692, 460.820533159405, 419.866057212208, 424.293466839906, 0.127363728873612, 0.141136445409947, 0.00360967227534386, 1.14428075109028, 41
518.63, 34.83, -Inf, 38.29, 0.09, NA, NA, 3.46, Inf, 20.87, NA, 15, "all", 100, 437.669981790242, 0.0914927168577221, 20, 37.0428103369395, 411.018805005144, 436.427235936453, 439.16709238553, 0.0878922941908893, 0.0961723192982604, 0.00202780163060824, 0.691737258770194, 42
490.37, 34.95, -Inf, 38.48, 0.08, NA, NA, 3.53, Inf, 23.95, NA, 15, "all", 200, 423.589524323053, 0.0782673013159967, 20, 37.2368964710864, 401.424839018329, 421.907575948369, 425.61846755981, 0.0737130841639551, 0.0831486038113194, 0.00250526506433988, 0.918985109459811, 42
517.78, 34.96, -Inf, 38.4, 0.1, NA, NA, 3.45, Inf, 20.23, NA, 20, "all", 50, 433.199154106994, 0.0953384550813241, 20, 37.156517417095, 433.199154106994, 430.101619958401, 436.488713135445, 0.0877863256725835, 0.105023250086672, 0.00442981592026828, 1.64993273495035, 42
521.59, 34.86, -Inf, 38.47, 0.06, NA, NA, 3.61, Inf, 24.19, NA, 20, "all", 100, 462.819337181912, 0.0643005795408853, 20, 37.2234793334624, 462.819337181912, 461.44817388395, 464.263097533839, 0.0602131849866363, 0.0695679148387734, 0.00239904653962895, 0.744049224343905, 42
492.78, 34.85, -Inf, 38.38, 0.08, NA, NA, 3.53, Inf, 24.11, NA, 20, "all", 200, 427.265093094202, 0.0767789043687114, 20, 37.1406300112581, 427.265093094202, 425.624482770645, 428.855831889827, 0.0729148035617411, 0.0817243082228486, 0.00223836239513941, 0.822034846279143, 42
588.27, 35, -Inf, 38.27, 0.15, NA, NA, 3.27, Inf, 13.84, NA, 25, "all", 50, 444.494810713454, 0.149421324783609, 20, 37.0093879054124, 490.8318465608, 442.345109577408, 446.786809629515, 0.143687017673528, 0.157527177353848, 0.00354227026536753, 1.14201017741369, 42
569.89, 35.22, -Inf, 38.49, 0.15, NA, NA, 3.27, Inf, 13.65, NA, 25, "all", 100, 427.502336719701, 0.15103473550635, 20, 37.2357243381448, 472.573697860746, 426.218727854436, 429.555825303841, 0.146424343151992, 0.156640483107336, 0.00252636772655715, 0.824001028839764, 42
541.75, 35.17, -Inf, 38.48, 0.13, NA, NA, 3.32, Inf, 15.12, NA, 25, "all", 200, 419.876630188099, 0.134353638423394, 20, 37.229538522795, 459.034101471101, 418.106547512687, 422.435569061339, 0.128348580456757, 0.141529039609307, 0.00343933866082529, 1.15974148588089, 42
514.93, 34.81, -Inf, 38.28, 0.09, NA, NA, 3.46, Inf, 20.96, NA, 15, "all", 100, 435.034372453508, 0.0909750311396794, 20, 37.0312851769962, 408.688943337119, 433.868848829348, 436.402339749116, 0.087436018419843, 0.0955535690588207, 0.00211027551325281, 0.66220989876554, 43
488.61, 34.95, -Inf, 38.48, 0.08, NA, NA, 3.53, Inf, 24.16, NA, 15, "all", 200, 422.70755576407, 0.0774624609823056, 20, 37.2403292339831, 400.810473954081, 421.078877976918, 424.645552307226, 0.0725753134335628, 0.082401858185413, 0.00252915629284982, 0.926818114770699, 43
513.57, 34.95, -Inf, 38.41, 0.09, NA, NA, 3.45, Inf, 20.47, NA, 20, "all", 50, 430.710360494852, 0.0940579073283988, 20, 37.1606947872841, 430.710360494852, 427.537491945079, 434.149191998198, 0.0869080498798711, 0.105706662762538, 0.00468390914949846, 1.67297058458945, 43
517.15, 34.85, -Inf, 38.47, 0.06, NA, NA, 3.62, Inf, 24.19, NA, 20, "all", 100, 460.789138079821, 0.0621188676573773, 20, 37.2262061849297, 460.789138079821, 459.508988866402, 462.194181138546, 0.0582861171022471, 0.0672313129965318, 0.00226639145060223, 0.683315618645865, 43
490.53, 34.85, -Inf, 38.39, 0.08, NA, NA, 3.54, Inf, 24.11, NA, 20, "all", 200, 425.733655342433, 0.0762354407173534, 20, 37.1455554907655, 425.733655342433, 424.034251734816, 427.191267033246, 0.0722590232448188, 0.081001201676762, 0.00228339623823222, 0.827859278232748, 43
583.94, 35, -Inf, 38.28, 0.15, NA, NA, 3.27, Inf, 13.93, NA, 25, "all", 50, 442.015714769209, 0.148403500977793, 20, 37.0179225056282, 487.764728293416, 439.663886626938, 444.468757580349, 0.143194927693342, 0.15655502153344, 0.00348101747509749, 1.20461180083632, 43
566.54, 35.22, -Inf, 38.5, 0.15, NA, NA, 3.27, Inf, 13.69, NA, 25, "all", 100, 425.454607936579, 0.150451139690472, 20, 37.2382074813019, 470.127961083232, 424.318157418987, 427.309272717337, 0.145863001110103, 0.155489926359539, 0.00243159052066431, 0.78241659745941, 43
539.49, 35.17, -Inf, 38.49, 0.13, NA, NA, 3.32, Inf, 15.16, NA, 25, "all", 200, 418.447965180705, 0.133923001904884, 20, 37.2339191850466, 457.341477067313, 416.687958873663, 421.01704886302, 0.127900297929476, 0.140634975669299, 0.00338879686485544, 1.13028642099416, 43
511.21, 34.8, -Inf, 38.27, 0.09, NA, NA, 3.47, Inf, 21.13, NA, 15, "all", 100, 432.649794620201, 0.0900865470582772, 20, 37.0248111058278, 406.696825834408, 431.415480517988, 434.041536599754, 0.0862748474878077, 0.0945221008725272, 0.00202195689829405, 0.707833085649631, 44
486.99, 34.95, -Inf, 38.49, 0.08, NA, NA, 3.53, Inf, 24.2, NA, 15, "all", 200, 421.398445818788, 0.0773302971047227, 20, 37.2428222607915, 399.605442723743, 419.889594066073, 423.121039931916, 0.0727787498863322, 0.0820620900493649, 0.00241982656467251, 0.8805686132403, 44
508.12, 34.95, -Inf, 38.41, 0.09, NA, NA, 3.46, Inf, 20.9, NA, 20, "all", 50, 427.988974188187, 0.0917651022282581, 20, 37.1671129911295, 427.988974188187, 424.947577971994, 431.255964367312, 0.0839330205072562, 0.102775989665126, 0.00472078243533834, 1.59726082231719, 44
512.37, 34.84, -Inf, 38.47, 0.06, NA, NA, 3.63, Inf, 24.19, NA, 20, "all", 100, 458.490649446873, 0.0598543296424005, 20, 37.2304388606615, 458.490649446873, 457.147646975467, 459.895885687086, 0.0551965887210928, 0.0650774645271835, 0.00250001045189782, 0.703503138821879, 44
488.85, 34.86, -Inf, 38.39, 0.08, NA, NA, 3.53, Inf, 24.12, NA, 20, "all", 200, 424.088161806707, 0.0764582333079137, 20, 37.1483484480816, 424.088161806707, 422.487725142171, 425.656534057572, 0.0722358726419798, 0.0811536637063892, 0.00227018659191551, 0.79829593391683, 44
579.81, 35, -Inf, 38.28, 0.15, NA, NA, 3.28, Inf, 14.02, NA, 25, "all", 50, 439.939918745668, 0.147149925036082, 20, 37.0196089145988, 485.070371305689, 437.775705966174, 442.190580806856, 0.141586296684448, 0.155252696523752, 0.00342877452189284, 1.20285895896084, 44
563.08, 35.23, -Inf, 38.5, 0.15, NA, NA, 3.27, Inf, 13.76, NA, 25, "all", 100, 423.522366531971, 0.149614447412798, 20, 37.2415543087369, 467.733041525532, 422.1392766586, 425.466546676006, 0.144591397566601, 0.155081788165005, 0.00260773268204539, 0.837657267442554, 44
538.01, 35.18, -Inf, 38.49, 0.13, NA, NA, 3.32, Inf, 15.12, NA, 25, "all", 200, 416.957034798888, 0.134324849823911, 20, 37.2366332370165, 455.833517154653, 415.056751628767, 419.642999704405, 0.128761545628037, 0.140646193968055, 0.0032896484974678, 1.17069075052966, 44
507.67, 34.78, -Inf, 38.25, 0.09, NA, NA, 3.47, Inf, 21.23, NA, 15, "all", 100, 430.17764016571, 0.0895544734016556, 20, 37.0055120380349, 404.520736647976, 428.868523474128, 431.493440154494, 0.0860646967429239, 0.0937985575615596, 0.0019830457713339, 0.687667631493348, 45
484.2, 34.96, -Inf, 38.49, 0.08, NA, NA, 3.54, Inf, 24.22, NA, 15, "all", 200, 419.491737442548, 0.076678173737178, 20, 37.2475750966454, 397.975514995962, 417.697027629494, 421.263689152874, 0.0721005715337944, 0.0816670984747878, 0.00244795240153648, 0.900687023062375, 45
502.97, 34.95, -Inf, 38.42, 0.09, NA, NA, 3.47, Inf, 21.27, NA, 20, "all", 50, 425.139277052312, 0.0899028846892574, 20, 37.1737192613063, 425.139277052312, 422.033200379374, 428.519424175588, 0.0823328164025778, 0.100491099834765, 0.00460243145079753, 1.65928096370013, 45
507.19, 34.82, -Inf, 38.47, 0.06, NA, NA, 3.65, Inf, 24.19, NA, 20, "all", 100, 456.338783769644, 0.0569702625980006, 20, 37.233947272612, 456.338783769644, 455.039984762481, 457.807931696411, 0.0526314015984284, 0.0619693529231859, 0.00241295617300759, 0.714244752873253, 45
486.99, 34.86, -Inf, 38.39, 0.08, NA, NA, 3.54, Inf, 24.12, NA, 20, "all", 200, 422.86228999198, 0.0759700108534675, 20, 37.1494130338393, 422.86228999198, 421.385244747124, 424.354759002792, 0.0723568121429974, 0.080478011405939, 0.00216446969133152, 0.80607508806924, 45
574.69, 35, -Inf, 38.28, 0.14, NA, NA, 3.28, Inf, 14.21, NA, 25, "all", 50, 437.868606541088, 0.144922294440199, 20, 37.0278852258265, 482.073370545983, 435.674374655682, 440.278604614994, 0.139406608878159, 0.153331856711936, 0.00346432355396275, 1.20827536748888, 45
559.83, 35.23, -Inf, 38.5, 0.15, NA, NA, 3.28, Inf, 13.82, NA, 25, "all", 100, 421.690256379114, 0.14885032582284, 20, 37.2441144267331, 465.473575708552, 420.328016822553, 423.564143447534, 0.144126235686504, 0.154179404601998, 0.00261859421226067, 0.85319046195966, 45
535.93, 35.18, -Inf, 38.5, 0.13, NA, NA, 3.32, Inf, 15.11, NA, 25, "all", 200, 415.252302244231, 0.134401306128639, 20, 37.2406395495886, 453.992872815202, 413.618751973305, 417.820727764457, 0.128661222260905, 0.142289004978885, 0.00347690392650641, 1.102311482618, 45
504.8, 34.75, -Inf, 38.22, 0.09, NA, NA, 3.47, Inf, 21.25, NA, 15, "all", 100, 428.026536600035, 0.0893868756518921, 20, 36.9757421987102, 402.544254976954, 426.868047855456, 429.516881116791, 0.0860304350198981, 0.0936634211204384, 0.00202780319011388, 0.684350159409102, 46
482.08, 34.96, -Inf, 38.5, 0.08, NA, NA, 3.54, Inf, 24.22, NA, 15, "all", 200, 417.920543595578, 0.076327510745521, 20, 37.2514937209586, 396.580391871631, 416.42031617802, 419.746983616523, 0.0717507512791945, 0.0814331799735752, 0.00242617880576015, 0.868480648704237, 46
498.98, 34.94, -Inf, 38.42, 0.09, NA, NA, 3.48, Inf, 21.59, NA, 20, "all", 50, 423.017348350014, 0.0883457078996728, 20, 37.1758926306667, 423.017348350014, 420.150059728435, 426.098096868126, 0.0798380646466804, 0.0984458083207787, 0.00479039489470443, 1.59806510940321, 46
502.19, 34.8, -Inf, 38.48, 0.05, NA, NA, 3.67, Inf, 24.19, NA, 20, "all", 100, 454.073348970107, 0.0543745243332763, 20, 37.2364371089384, 454.073348970107, 452.820986065475, 455.50060642359, 0.0503125385180711, 0.0594227617232922, 0.00239276859887922, 0.724086630764495, 46
485.46, 34.86, -Inf, 38.4, 0.08, NA, NA, 3.54, Inf, 24.12, NA, 20, "all", 200, 421.390331598709, 0.076135034435691, 20, 37.1526012530178, 421.390331598709, 419.85932068603, 422.847710568977, 0.07219661303246, 0.0807473369093216, 0.00217013593363933, 0.790677522579095, 46
570.98, 35.01, -Inf, 38.3, 0.14, NA, NA, 3.29, Inf, 14.27, NA, 25, "all", 50, 435.507462861749, 0.144274976248176, 20, 37.0381946198375, 479.267925281945, 433.57950137406, 437.75656330602, 0.138865115194593, 0.153129226307353, 0.00351505964934638, 1.10742836930621, 46
556.12, 35.23, -Inf, 38.5, 0.15, NA, NA, 3.28, Inf, 13.92, NA, 25, "all", 100, 419.954378023398, 0.147533878613096, 20, 37.2469730259477, 463.152650471524, 418.709907855702, 421.927034315249, 0.142853014395349, 0.152941551200168, 0.00252899761275248, 0.822355776463065, 46
532.87, 35.18, -Inf, 38.5, 0.13, NA, NA, 3.32, Inf, 15.16, NA, 25, "all", 200, 413.271981664498, 0.133877567303598, 20, 37.2461405639539, 451.670781801008, 411.464408663781, 415.743098745852, 0.128198375167885, 0.141597811469502, 0.00345356564456624, 1.05539295885199, 46
501.46, 34.74, -Inf, 38.2, 0.09, NA, NA, 3.47, Inf, 21.26, NA, 15, "all", 100, 425.335164464121, 0.0892917231940975, 20, 36.9605813620869, 400.039249347184, 424.199176291182, 426.733359546889, 0.086017606955903, 0.0935482193855275, 0.00195667093059218, 0.654475502650788, 47
480.19, 34.96, -Inf, 38.5, 0.08, NA, NA, 3.54, Inf, 24.22, NA, 15, "all", 200, 416.494469503709, 0.0760503493224214, 20, 37.2546665349775, 395.302364206805, 414.835042090423, 418.463000394854, 0.0717280595442486, 0.081343406841802, 0.00246966342905769, 0.909539653226949, 47
494.09, 34.94, -Inf, 38.43, 0.09, NA, NA, 3.49, Inf, 21.97, NA, 20, "all", 50, 420.294121980162, 0.0865514995209115, 20, 37.1817978053732, 420.294121980162, 417.379196390862, 423.50644359852, 0.079120307599652, 0.0975443689576742, 0.00460745452244706, 1.57917941435685, 47
497.49, 34.79, -Inf, 38.48, 0.05, NA, NA, 3.69, Inf, 24.2, NA, 20, "all", 100, 451.915429505314, 0.0519227792377943, 20, 37.2409467997684, 451.915429505314, 450.580180648897, 453.422546734573, 0.0472497776549648, 0.0573593186028918, 0.00259060594812136, 0.739694002425489, 47
484.01, 34.86, -Inf, 38.4, 0.08, NA, NA, 3.53, Inf, 24.12, NA, 20, "all", 200, 419.791267358944, 0.0765472708404737, 20, 37.1540019504985, 419.791267358944, 418.2621906422, 421.497673128008, 0.0723518256124641, 0.0812760510241685, 0.00226299735293845, 0.82120581149538, 47
566.6, 35.01, -Inf, 38.3, 0.14, NA, NA, 3.29, Inf, 14.38, NA, 25, "all", 50, 433.263547803303, 0.142917503825947, 20, 37.0428080455301, 476.369191257768, 431.082007448831, 435.665785562111, 0.137040391858754, 0.152537819165345, 0.00367430098733215, 1.17162085613391, 47
552.42, 35.23, -Inf, 38.51, 0.15, NA, NA, 3.28, Inf, 13.98, NA, 25, "all", 100, 417.71598079534, 0.146824091755596, 20, 37.2502195808996, 460.467048712661, 416.488808822127, 419.6609189514, 0.14211381433256, 0.152092853917125, 0.00253782641735811, 0.827498210039635, 47
529.97, 35.19, -Inf, 38.51, 0.13, NA, NA, 3.32, Inf, 15.18, NA, 25, "all", 200, 411.218083252239, 0.133586893858512, 20, 37.251269841165, 449.339359086856, 409.685488563921, 413.875377843863, 0.127512362094734, 0.140816118622877, 0.0034582344487746, 1.07094614668929, 47
497.2, 34.72, -Inf, 38.19, 0.09, NA, NA, 3.48, Inf, 21.6, NA, 15, "all", 100, 423.129695615427, 0.087594313952064, 20, 36.9492713995491, 398.429075144702, 421.943661169017, 424.606978605711, 0.0839151837137373, 0.0921628144850679, 0.00205058822266211, 0.681461965050151, 48
477.64, 34.96, -Inf, 38.5, 0.07, NA, NA, 3.55, Inf, 24.23, NA, 15, "all", 200, 415.166700312488, 0.0749183611884823, 20, 37.258775253777, 394.348567950949, 413.473761103318, 416.926484997159, 0.0704177408149853, 0.0804235570171755, 0.00249339652399811, 0.903763108786148, 48
489.15, 34.94, -Inf, 38.43, 0.08, NA, NA, 3.5, Inf, 22.4, NA, 20, "all", 50, 417.645812302254, 0.0845819879876667, 20, 37.1872873391056, 417.645812302254, 414.605531863146, 420.590183621735, 0.0769669263688672, 0.0954191923117129, 0.00469178551585373, 1.58141708736081, 48
491.92, 34.77, -Inf, 38.48, 0.05, NA, NA, 3.72, Inf, 24.2, NA, 20, "all", 100, 449.742153904762, 0.0485146195575269, 20, 37.2455585546055, 449.742153904762, 448.425682699498, 451.129101225749, 0.0446016360435626, 0.0539763894122834, 0.0024240462480665, 0.726376166787593, 48
481.7, 34.86, -Inf, 38.4, 0.08, NA, NA, 3.54, Inf, 24.13, NA, 20, "all", 200, 418.572522383803, 0.0755429385122587, 20, 37.1591031598589, 418.572522383803, 416.887051706274, 420.127034391368, 0.0715068061557153, 0.0804527464167245, 0.00232655957268143, 0.831923120854221, 48
561.46, 35.01, -Inf, 38.31, 0.14, NA, NA, 3.29, Inf, 14.57, NA, 25, "all", 50, 431.085078511061, 0.140721635415194, 20, 37.0518628626753, 473.283772894529, 428.875053616741, 433.550656410701, 0.135198135062901, 0.149119247059613, 0.00362504649959964, 1.20115867916357, 48
549.06, 35.23, -Inf, 38.51, 0.15, NA, NA, 3.28, Inf, 14.02, NA, 25, "all", 100, 415.56547676669, 0.146317390700383, 20, 37.2522830288961, 457.942432927614, 414.235631299489, 417.591442312458, 0.141855780811394, 0.152118235376827, 0.00252377056922488, 0.842325424101866, 48
528.25, 35.19, -Inf, 38.51, 0.13, NA, NA, 3.32, Inf, 15.17, NA, 25, "all", 200, 409.779383667851, 0.133698393033596, 20, 37.2541447794854, 447.800421618256, 407.974894207206, 412.272001724235, 0.127889512940065, 0.140900443424004, 0.00337327629833653, 1.09619017843471, 48
493.38, 34.62, -Inf, 38.1, 0.09, NA, NA, 3.48, Inf, 21.63, NA, 15, "all", 100, 420.551521402145, 0.0872714864545702, 20, 36.8558972091761, 396.089199400486, 419.449468216412, 421.962882572484, 0.0839711375503291, 0.0919139950439032, 0.00204747190330929, 0.679479026431374, 49
475.69, 34.96, -Inf, 38.51, 0.07, NA, NA, 3.55, Inf, 24.23, NA, 15, "all", 200, 413.403417936317, 0.0749906563750248, 20, 37.2621953275925, 392.654210395637, 411.800848812843, 415.207521920636, 0.0704742894399309, 0.0799688613758099, 0.00248768837694077, 0.871524319080286, 49
484.89, 34.93, -Inf, 38.44, 0.08, NA, NA, 3.5, Inf, 22.72, NA, 20, "all", 50, 415.115330718453, 0.0831697385657405, 20, 37.1906086833464, 415.115330718453, 412.272000075603, 418.206030244888, 0.0757271389304148, 0.0946514353790477, 0.00471977078881152, 1.59021330664331, 49
487.76, 34.75, -Inf, 38.49, 0.05, NA, NA, 3.74, Inf, 24.2, NA, 20, "all", 100, 447.716527449149, 0.0464162098644244, 20, 37.2475912212192, 447.716527449149, 446.487491902142, 449.093690944313, 0.0418371846965031, 0.0515661147797333, 0.00245384698141147, 0.675298392177865, 49
479.89, 34.86, -Inf, 38.41, 0.08, NA, NA, 3.54, Inf, 24.13, NA, 20, "all", 200, 417.088684048291, 0.0754254248259243, 20, 37.1616325937807, 417.088684048291, 415.446699783056, 418.668299284137, 0.0714671686247648, 0.0799875442207908, 0.00226147583277504, 0.814474881738006, 49
557.55, 35.01, -Inf, 38.31, 0.14, NA, NA, 3.3, Inf, 14.69, NA, 25, "all", 50, 429.14660324444, 0.139400947361527, 20, 37.0559774673129, 470.742767352533, 426.691573832762, 431.634346129391, 0.13393643463652, 0.147808948568383, 0.00356509260000085, 1.19759970906451, 49
545.55, 35.22, -Inf, 38.51, 0.14, NA, NA, 3.29, Inf, 14.17, NA, 25, "all", 100, 414.321426276072, 0.144558286092718, 20, 37.2539111849291, 456.038818521096, 413.049953502951, 416.165276618352, 0.140232546634506, 0.14954331329049, 0.00251432578387255, 0.79901174607221, 49
527.73, 35.2, -Inf, 38.51, 0.13, NA, NA, 3.32, Inf, 15.06, NA, 25, "all", 200, 408.53843646372, 0.13474012816502, 20, 37.2551824204104, 446.753088300687, 407.018267495713, 410.841894416057, 0.129061540333268, 0.141818667761255, 0.00325355875334484, 1.01152752277932, 49
490.21, 34.64, -Inf, 38.12, 0.09, NA, NA, 3.48, Inf, 21.81, NA, 15, "all", 100, 418.376548256544, 0.086479750845583, 20, 36.8777275634481, 394.25502433598, 417.136801012705, 419.778849634214, 0.0827458564388283, 0.0907675572712226, 0.00206194482577488, 0.686906589452909, 50
473.18, 34.96, -Inf, 38.51, 0.07, NA, NA, 3.55, Inf, 24.23, NA, 15, "all", 200, 411.759265029405, 0.0742938863824435, 20, 37.266110718159, 391.279745545891, 410.200845782876, 413.452517243908, 0.0697525180692651, 0.0791485393872468, 0.00241327233592938, 0.833935257776216, 50
478.89, 34.93, -Inf, 38.44, 0.08, NA, NA, 3.52, Inf, 23.32, NA, 20, "all", 50, 411.909294908141, 0.0806815969035223, 20, 37.1986402793448, 411.909294908141, 408.770528213299, 415.516511793426, 0.0731831998857598, 0.0914036048812503, 0.00475483864068143, 1.69732414655254, 50
482.46, 34.73, -Inf, 38.49, 0.04, NA, NA, 3.76, Inf, 24.2, NA, 20, "all", 100, 445.340256744019, 0.0434435132430124, 20, 37.2507621905824, 445.340256744019, 444.054194440281, 446.677931751437, 0.0387300032283651, 0.0489646019146417, 0.00258146990077415, 0.697618427227857, 50
477.99, 34.86, -Inf, 38.41, 0.08, NA, NA, 3.54, Inf, 24.13, NA, 20, "all", 200, 415.63013384331, 0.0751753462975648, 20, 37.1616726995143, 415.63013384331, 414.071319865868, 417.061615859917, 0.0714314165945185, 0.0801330260655543, 0.00218460209624393, 0.78426597776458, 50
553.25, 35.02, -Inf, 38.32, 0.14, NA, NA, 3.3, Inf, 14.82, NA, 25, "all", 50, 426.95774182079, 0.137941672286854, 20, 37.0669564337799, 467.888400868046, 424.772498351952, 429.523838636174, 0.132435576621671, 0.146832440896621, 0.00367836779406075, 1.24370364471193, 50
542.06, 35.22, -Inf, 38.51, 0.14, NA, NA, 3.29, Inf, 14.23, NA, 25, "all", 100, 412.310226460574, 0.143748423759482, 20, 37.2558621713739, 453.581265025727, 411.058573680468, 414.101322287898, 0.139389885272721, 0.149173390309572, 0.00255408453547245, 0.775713530041007, 50
524.42, 35.2, -Inf, 38.52, 0.13, NA, NA, 3.32, Inf, 15.14, NA, 25, "all", 200, 406.616775717556, 0.1338844807756, 20, 37.2606067383802, 444.399252238015, 404.983251591854, 409.167566840777, 0.128792218641339, 0.14062949176253, 0.00315368753417014, 1.07430245316116, 50
486.6, 34.56, -Inf, 38.04, 0.09, NA, NA, 3.48, Inf, 21.9, NA, 15, "all", 100, 416.069764892555, 0.0859080650797, 20, 36.8012713489711, 392.235186292657, 414.895485505183, 417.540905379863, 0.0823985097568475, 0.0904130328490213, 0.00205379124232713, 0.681628658124638, 51
471.07, 34.96, -Inf, 38.51, 0.07, NA, NA, 3.55, Inf, 24.24, NA, 15, "all", 200, 410.231710000667, 0.0738897112978211, 20, 37.2693873408831, 389.93637342962, 408.74894954679, 412.155884427061, 0.0692632848154206, 0.078974134553886, 0.00249923721328325, 0.851958279168593, 51
475.17, 34.92, -Inf, 38.45, 0.08, NA, NA, 3.52, Inf, 23.64, NA, 20, "all", 50, 409.716035760027, 0.079372494164863, 20, 37.2023409775707, 409.716035760027, 406.499816705649, 412.975567450897, 0.0711817424566389, 0.0900309512093853, 0.00491003470796526, 1.69012504072733, 51
478.01, 34.7, -Inf, 38.49, 0.04, NA, NA, 3.79, Inf, 24.2, NA, 20, "all", 100, 443.282296451667, 0.040984357451639, 20, 37.2535120040892, 443.282296451667, 441.989466542701, 444.709301992068, 0.0367767894204535, 0.0465349685448092, 0.00243862774471088, 0.68757230348832, 51
476.76, 34.87, -Inf, 38.41, 0.08, NA, NA, 3.54, Inf, 24.13, NA, 20, "all", 200, 413.889325698771, 0.0760062275848728, 20, 37.1648853546427, 413.889325698771, 412.396435805243, 415.459053291451, 0.0722971072121029, 0.0807281460047384, 0.00217520151760834, 0.798930942721258, 51
549.34, 35.02, -Inf, 38.33, 0.14, NA, NA, 3.31, Inf, 14.92, NA, 25, "all", 50, 424.718338025687, 0.136940683099047, 20, 37.0732255396619, 465.125227175779, 422.61267501555, 427.028307222387, 0.131418427423694, 0.145543762496938, 0.00355705394378866, 1.16665049186878, 51
538.47, 35.22, -Inf, 38.52, 0.14, NA, NA, 3.29, Inf, 14.33, NA, 25, "all", 100, 410.486349602147, 0.142587375000783, 20, 37.2589924893301, 451.227006394023, 409.328351726237, 412.408589566879, 0.138119629658433, 0.147792895337797, 0.00256941047677058, 0.807314685978426, 51
523.11, 35.2, -Inf, 38.52, 0.13, NA, NA, 3.32, Inf, 15.13, NA, 25, "all", 200, 405.516303071318, 0.133973529968307, 20, 37.2625903986175, 443.222717146754, 403.782050213704, 407.976626029863, 0.128249779364649, 0.140942060603875, 0.00322198280605434, 1.09153427014516, 51
482.72, 34.4, -Inf, 37.88, 0.09, NA, NA, 3.48, Inf, 21.88, NA, 15, "all", 100, 413.425998299716, 0.0859518759615961, 20, 36.6372534816568, 389.731143144506, 412.241936645569, 414.850830997761, 0.0825087333326843, 0.0901384108541901, 0.0020304726049712, 0.687323809121, 52
469.24, 34.96, -Inf, 38.52, 0.07, NA, NA, 3.56, Inf, 24.24, NA, 15, "all", 200, 409.089010369566, 0.0732957719479013, 20, 37.2720941843292, 389.008829804629, 407.621427651283, 410.810019239879, 0.0689924799978678, 0.0777893058431718, 0.0023468427628202, 0.848667202542871, 52
471.15, 34.92, -Inf, 38.45, 0.08, NA, NA, 3.53, Inf, 24.03, NA, 20, "all", 50, 407.41545159913, 0.0778735180645529, 20, 37.2050839146894, 407.41545159913, 404.097327698327, 410.66164049641, 0.0697804454964781, 0.0891346142576829, 0.00483769536624242, 1.65794463166506, 52
473.99, 34.68, -Inf, 38.49, 0.04, NA, NA, 3.81, Inf, 24.2, NA, 20, "all", 100, 441.461088214364, 0.0386892324458334, 20, 37.2552633025943, 441.461088214364, 440.206085930781, 442.842521556649, 0.0341194102945069, 0.0434392726959696, 0.00244186464532854, 0.684555489507401, 52
474.38, 34.87, -Inf, 38.41, 0.07, NA, NA, 3.54, Inf, 24.14, NA, 20, "all", 200, 412.625747596602, 0.0749669436653306, 20, 37.1691764913473, 412.625747596602, 410.960224347957, 414.312232261992, 0.0710077117716513, 0.0800560689019091, 0.00231069552315586, 0.83720129648633, 52
545.78, 35.02, -Inf, 38.33, 0.14, NA, NA, 3.31, Inf, 15.02, NA, 25, "all", 50, 422.820651882667, 0.135853119646497, 20, 37.0771531850804, 462.712910723871, 420.674849384004, 425.304716707457, 0.130464931847953, 0.145493898653229, 0.00367621029812922, 1.18110806039209, 52
534.71, 35.22, -Inf, 38.52, 0.14, NA, NA, 3.3, Inf, 14.44, NA, 25, "all", 100, 408.587459742045, 0.141366696813284, 20, 37.2600794940182, 448.775951060392, 407.301147127798, 410.332717060345, 0.136816161201213, 0.147097138467075, 0.00260191113595621, 0.789661900470111, 52
521.2, 35.2, -Inf, 38.52, 0.13, NA, NA, 3.32, Inf, 15.07, NA, 25, "all", 200, 403.576380032377, 0.134536097399786, 20, 37.2654503328958, 441.267127836833, 402.094113317315, 405.901220995095, 0.129422209006499, 0.141606759867285, 0.00324869595136209, 1.00831172947686, 52
461.61, 30.89, -Inf, 34.29, 0.08, NA, NA, 3.41, Inf, 20.07, NA, 15, "all", 100, 411.530675411312, 0.0840119492688593, 20, 33.0810422073258, 388.461576058815, 410.330246178666, 412.991355286666, 0.0805120708290319, 0.0887249370205414, 0.00214355188427524, 0.675173375620818, 53
466.08, 34.97, -Inf, 38.52, 0.07, NA, NA, 3.56, Inf, 24.24, NA, 15, "all", 200, 406.468001792929, 0.0731023468244558, 20, 37.2769543639225, 386.567814687642, 404.744630657138, 408.203838621878, 0.0686361638740285, 0.0775251585502366, 0.00235628893392328, 0.863739238814385, 53
467.15, 34.92, -Inf, 38.45, 0.08, NA, NA, 3.54, Inf, 24.17, NA, 20, "all", 50, 404.843357290064, 0.0767195044641577, 20, 37.2066156539318, 404.843357290064, 402.188974950238, 408.342069818386, 0.0683896387390874, 0.0858580099316649, 0.00467295534860041, 1.57463416417788, 53
469.59, 34.66, -Inf, 38.49, 0.04, NA, NA, 3.83, Inf, 24.2, NA, 20, "all", 100, 439.139600380703, 0.03653748265087, 20, 37.25686119838, 439.139600380703, 437.889160212626, 440.507430827729, 0.0322499817505758, 0.0416230946318366, 0.00244204782549851, 0.698532619280531, 53
472.41, 34.87, -Inf, 38.42, 0.07, NA, NA, 3.54, Inf, 24.14, NA, 20, "all", 200, 411.058651688672, 0.0747707747252171, 20, 37.1713158519971, 411.058651688672, 409.556173873373, 412.652681256933, 0.0706311569748489, 0.0795847275109404, 0.00230245713527762, 0.799988031242574, 53
540.85, 35.03, -Inf, 38.34, 0.13, NA, NA, 3.32, Inf, 15.23, NA, 25, "all", 50, 420.748348636603, 0.133617690181721, 20, 37.0866122324793, 459.762508077769, 418.429699056952, 423.271810766814, 0.128102847249666, 0.142530377198671, 0.00365625393194566, 1.21645324921488, 53
529.93, 35.22, -Inf, 38.52, 0.14, NA, NA, 3.3, Inf, 14.59, NA, 25, "all", 100, 406.280417937142, 0.139629872254442, 20, 37.264336406881, 445.727929199268, 405.046714517281, 408.096423895218, 0.135214094352782, 0.145352640009654, 0.00254370953734427, 0.841276196394606, 53
517.88, 35.21, -Inf, 38.53, 0.13, NA, NA, 3.32, Inf, 15.14, NA, 25, "all", 200, 401.52454952758, 0.133817289231502, 20, 37.2713295612563, 438.814292977919, 399.906703468041, 403.981810177864, 0.128176871609535, 0.14026745619336, 0.00314911370890308, 1.05460201969308, 53
454.72, 29.91, -Inf, 33.29, 0.08, 7.57, NA, 3.38, Inf, 19.08, -7.49, 15, "all", 100, 409.341205672728, 0.0845158545226821, 20, 32.0884178638318, 386.261163223513, 408.064760809895, 410.755761504268, 0.0804773615016608, 0.0886949726615922, 0.00217675748620419, 0.685016903663996, 54
464.3, 34.96, -Inf, 38.52, 0.07, NA, NA, 3.56, Inf, 24.25, NA, 15, "all", 200, 405.7608328859, 0.0720090508338375, 20, 37.2789605543642, 386.185085324818, 404.27037987681, 407.424846275502, 0.0675054082047288, 0.0765064119044574, 0.00231970481552573, 0.833888686741074, 54
462.28, 34.91, -Inf, 38.46, 0.07, NA, NA, 3.55, Inf, 24.18, NA, 20, "all", 50, 402.393963200091, 0.0743852789786143, 20, 37.2139507039285, 402.393963200091, 399.457755002091, 405.476532513863, 0.0664970899533686, 0.0855538965824651, 0.00488296992652132, 1.5680075137341, 54
464.18, 34.62, -Inf, 38.5, 0.03, NA, NA, 3.87, Inf, 24.21, NA, 20, "all", 100, 436.983542398882, 0.0329874558554182, 20, 37.2616912434588, 436.983542398882, 435.752030415458, 438.355807760068, 0.0286361103812459, 0.0387063053350941, 0.00257576363708551, 0.679659339930577, 54
469.82, 34.87, -Inf, 38.42, 0.07, NA, NA, 3.55, Inf, 24.14, NA, 20, "all", 200, 409.649575833569, 0.0736785262502795, 20, 37.1752218204095, 409.649575833569, 407.988232682404, 411.17272153996, 0.0696054539047485, 0.078380383074063, 0.00227934886285376, 0.831147781449636, 54
537.39, 35.03, -Inf, 38.35, 0.13, NA, NA, 3.32, Inf, 15.32, NA, 25, "all", 50, 418.707517191628, 0.132769629411393, 20, 37.0912736733931, 457.275005957008, 416.456395007732, 421.295951021695, 0.126703197469881, 0.141873897648429, 0.00379824433551732, 1.22192140848676, 54
527.12, 35.22, -Inf, 38.52, 0.14, NA, NA, 3.3, Inf, 14.65, NA, 25, "all", 100, 404.639013883909, 0.138970400141585, 20, 37.2651810351993, 443.732908597154, 403.44716947815, 406.568289854702, 0.134704480475272, 0.144268711622107, 0.00245685885620705, 0.81386254738661, 54
517.17, 35.21, -Inf, 38.53, 0.13, NA, NA, 3.32, Inf, 15.08, NA, 25, "all", 200, 400.5517661109, 0.134355531579392, 20, 37.2719085870058, 437.907561027372, 398.740119270638, 402.948895082611, 0.128558370599566, 0.141595480304333, 0.00341472726473765, 1.05041985892392, 54
451.62, 29.59, -Inf, 32.96, 0.09, 7.57, NA, 3.37, Inf, 18.75, -7.49, 15, "all", 100, 406.9574700031, 0.0865003767935448, 20, 31.7575877698105, 383.488882142564, 405.510647982593, 408.379991965226, 0.0820018564390243, 0.0911689757038736, 0.00235478340055072, 0.722982917525476, 55
461.32, 34.96, -Inf, 38.53, 0.07, NA, NA, 3.57, Inf, 24.25, NA, 15, "all", 200, 403.573591741751, 0.0714513214258015, 20, 37.2836126875333, 384.250499283152, 402.016103957698, 405.278069195363, 0.0671838628207852, 0.0760906724354998, 0.00242130381926756, 0.807851258561348, 55
458.81, 34.91, -Inf, 38.46, 0.07, NA, NA, 3.55, Inf, 24.19, NA, 20, "all", 50, 400.074786254987, 0.0734482209676305, 20, 37.2181322772569, 400.074786254987, 397.267720185083, 403.281148155649, 0.066159609871451, 0.0842975790947797, 0.00476164465008593, 1.55056710826586, 55
458.79, 34.58, -Inf, 38.5, 0.03, NA, NA, 3.92, Inf, 24.21, NA, 20, "all", 100, 434.616721755669, 0.0296501706640511, 20, 37.2646360773191, 434.616721755669, 433.318115762839, 436.118470208925, 0.0249801130987179, 0.0350874161461381, 0.00253887821428106, 0.717426065924131, 55
468.8, 34.87, -Inf, 38.42, 0.07, NA, NA, 3.55, Inf, 24.14, NA, 20, "all", 200, 408.365015793816, 0.0741865620229515, 20, 37.1747661993813, 408.365015793816, 406.751916248648, 409.950169648776, 0.0703715435108105, 0.0791944647494678, 0.00225172866086947, 0.806483950109165, 55
532.48, 35.03, -Inf, 38.35, 0.13, NA, NA, 3.33, Inf, 15.52, NA, 25, "all", 50, 416.51661753329, 0.130678774978402, 20, 37.097697374968, 454.251547375709, 414.304864394795, 418.741448375048, 0.125200343440948, 0.139926149566787, 0.00371417236875225, 1.17681079214159, 55
523.64, 35.21, -Inf, 38.52, 0.14, NA, NA, 3.31, Inf, 14.79, NA, 25, "all", 100, 403.151406052132, 0.137464141179726, 20, 37.2659488181646, 441.659861103342, 401.78703651069, 404.911652171675, 0.133192567051661, 0.143024007624272, 0.00261024731068123, 0.794292353507267, 55
515.38, 35.21, -Inf, 38.53, 0.13, NA, NA, 3.32, Inf, 15.08, NA, 25, "all", 200, 399.100340367505, 0.134420725794483, 20, 37.2745815897923, 436.33965237509, 397.753326577438, 401.296536500993, 0.128581830188885, 0.141125089285947, 0.00315404076151466, 0.949628343049072, 55
448.36, 29.54, -Inf, 32.91, 0.08, 7.57, NA, 3.37, Inf, 18.69, -7.49, 15, "all", 100, 405.04001680393, 0.0849077376705272, 20, 31.7066740749811, 382.099653771423, 403.561371438391, 406.43512884549, 0.0800799838940787, 0.0893850688132381, 0.00241730717191141, 0.748998393496872, 56
459.82, 34.96, -Inf, 38.53, 0.07, NA, NA, 3.57, Inf, 24.25, NA, 15, "all", 200, 402.44614417249, 0.0712036648911597, 20, 37.2854454201344, 383.242202775055, 401.032291489204, 404.12023115107, 0.0664518279229754, 0.0765892925722558, 0.00250251558862298, 0.826777509889779, 56
454.23, 34.9, -Inf, 38.47, 0.07, NA, NA, 3.56, Inf, 24.19, NA, 20, "all", 50, 397.366095106186, 0.071730220646333, 20, 37.2220139199575, 397.366095106186, 394.453073916634, 400.408535218322, 0.063906905739897, 0.0826197358593594, 0.00477533194030552, 1.5488331308018, 56
454.63, 34.56, -Inf, 38.5, 0.03, NA, NA, 3.95, Inf, 24.21, NA, 20, "all", 100, 432.304703512946, 0.0276394862508734, 20, 37.266265334414, 432.304703512946, 430.925778299339, 433.646314002188, 0.0231200562569899, 0.0331112912605723, 0.00253079810132363, 0.691095922669043, 56
467.24, 34.87, -Inf, 38.42, 0.07, NA, NA, 3.55, Inf, 24.14, NA, 20, "all", 200, 406.790461904735, 0.0744616357956526, 20, 37.175280452918, 406.790461904735, 405.128407139865, 408.415679207918, 0.0701198518846713, 0.0791797335890103, 0.00234703042197249, 0.8288481295329, 56
528.27, 35.03, -Inf, 38.36, 0.13, NA, NA, 3.33, Inf, 15.7, NA, 25, "all", 50, 414.500139275454, 0.128989905219245, 20, 37.1087578981845, 451.545999781404, 412.292898009003, 417.126787517344, 0.122702034027313, 0.138068770581636, 0.00378248092131369, 1.21764345420714, 56
519.75, 35.21, -Inf, 38.53, 0.14, NA, NA, 3.31, Inf, 14.88, NA, 25, "all", 100, 400.932228427164, 0.136444669955488, 20, 37.2690389865926, 438.931642111669, 399.731686540284, 402.880564048218, 0.132340342842872, 0.141931803600233, 0.00250321931595064, 0.807653271662628, 56
513.25, 35.22, -Inf, 38.53, 0.13, NA, NA, 3.32, Inf, 15.07, NA, 25, "all", 200, 397.432958869007, 0.134413847762283, 20, 37.2774796448406, 434.514707215619, 395.791350362702, 399.670020678597, 0.128930256773589, 0.141544648839668, 0.00340908290198072, 0.989285414865768, 56
445.46, 29.5, -Inf, 32.88, 0.08, 7.57, NA, 3.38, Inf, 18.66, -7.49, 15, "all", 100, 403.389553127738, 0.0832149668498821, 20, 31.678415852829, 380.985264563111, 401.886776814274, 404.750139556711, 0.0787779729229296, 0.0881997862330105, 0.00242263161493143, 0.718740842839438, 57
457.9, 34.96, -Inf, 38.53, 0.07, NA, NA, 3.57, Inf, 24.25, NA, 15, "all", 200, 401.609361241965, 0.0700990831224191, 20, 37.2877893559291, 382.735541987986, 400.155859167491, 403.288296961732, 0.0655199728460414, 0.0753891672340468, 0.00252906484540922, 0.827145542453627, 57
450.55, 34.9, -Inf, 38.47, 0.07, NA, NA, 3.57, Inf, 24.19, NA, 20, "all", 50, 395.137923030378, 0.0704105539428127, 20, 37.2253703700602, 395.137923030378, 392.534697108916, 398.264149463322, 0.0621886334247252, 0.0826783720203355, 0.0050834220815685, 1.54535079589756, 57
450.76, 34.52, -Inf, 38.5, 0.03, NA, NA, 3.98, Inf, 24.21, NA, 20, "all", 100, 430.537895070488, 0.0252504264168056, 20, 37.2693785280824, 430.537895070488, 429.346093655742, 432.059086120453, 0.0204816893490892, 0.0306804832888305, 0.00256363324712177, 0.689751370552456, 57
464.73, 34.87, -Inf, 38.42, 0.07, NA, NA, 3.55, Inf, 24.14, NA, 20, "all", 200, 405.546309728843, 0.0732274462648844, 20, 37.1781863309598, 405.546309728843, 404.067060142472, 407.014410225352, 0.0688995121675364, 0.07806867210058, 0.00233568335522693, 0.778048869687575, 57
524.36, 35.03, -Inf, 38.37, 0.13, NA, NA, 3.33, Inf, 15.79, NA, 25, "all", 50, 412.162083537072, 0.128050198916699, 20, 37.1120200137769, 448.719056833794, 410.070466407245, 414.421977190179, 0.122486724501787, 0.136531750657311, 0.00357731226658298, 1.15483349686422, 57
515.52, 35.21, -Inf, 38.53, 0.13, NA, NA, 3.32, Inf, 15.08, NA, 25, "all", 100, 399.209384106795, 0.134443880811179, 20, 37.2715309103965, 436.465577806159, 397.866189436644, 400.992962388137, 0.13015611705003, 0.139483929718705, 0.00249308192460321, 0.8001377780197, 57
510.71, 35.22, -Inf, 38.54, 0.13, NA, NA, 3.32, Inf, 15.13, NA, 25, "all", 200, 395.882350412324, 0.13384837777813, 20, 37.2810168558788, 432.657027031528, 394.535690499349, 398.420431203972, 0.127959777016149, 0.14086046676447, 0.00335476149166634, 1.01347372784785, 57
442.2, 29.39, -Inf, 32.77, 0.08, 7.58, NA, 3.37, Inf, 18.56, -7.49, 15, "all", 100, 400.634544521272, 0.0837562133370763, 20, 31.5676368326247, 378.242664434864, 399.304443155068, 402.049107801504, 0.0789382175050449, 0.0888054073362626, 0.00243237121031918, 0.714474089000286, 58
455.7, 34.96, -Inf, 38.53, 0.07, NA, NA, 3.58, Inf, 24.25, NA, 15, "all", 200, 400.245548417374, 0.0693488149013001, 20, 37.2904309881259, 381.632386247063, 398.717374671697, 401.879879341437, 0.065156584791711, 0.0745206284148133, 0.00246595891008125, 0.86447433364037, 58
445.89, 34.89, -Inf, 38.47, 0.07, NA, NA, 3.58, Inf, 24.19, NA, 20, "all", 50, 392.786323581359, 0.0680788618111941, 20, 37.2301178859307, 392.786323581359, 389.888992253635, 396.003211317422, 0.0605333651315228, 0.0785591446525104, 0.00474449947295916, 1.55881379295904, 58
446.52, 34.48, -Inf, 38.5, 0.02, NA, NA, 4.02, Inf, 24.21, NA, 20, "all", 100, 428.44433799452, 0.0227890195878151, 20, 37.2709945141823, 428.44433799452, 427.16502813661, 429.93611406348, 0.0183458945486219, 0.0282546131526787, 0.00249355200551882, 0.697134908084967, 58
463.01, 34.87, -Inf, 38.42, 0.07, NA, NA, 3.55, Inf, 24.14, NA, 20, "all", 200, 404.098532428869, 0.0731607950120683, 20, 37.1788734822718, 404.098532428869, 402.37974876476, 405.695155256591, 0.0687536656789821, 0.0784357720977729, 0.00241628045422237, 0.821325011557606, 58
521.46, 35.03, -Inf, 38.37, 0.13, NA, NA, 3.33, Inf, 15.82, NA, 25, "all", 50, 410.018657852686, 0.127853281679466, 20, 37.1148771943918, 446.327187125206, 407.876484701953, 412.368310699419, 0.122315555266068, 0.137103918731071, 0.00380044033414265, 1.17245840082597, 58
511.47, 35.21, -Inf, 38.53, 0.13, NA, NA, 3.32, Inf, 15.2, NA, 25, "all", 100, 397.077447122961, 0.133129302543891, 20, 37.2733262735239, 433.756096303097, 395.890995516981, 398.827542453811, 0.128154586236591, 0.138622534378864, 0.00261829059237189, 0.76244360471959, 58
507.5, 35.22, -Inf, 38.54, 0.13, NA, NA, 3.32, Inf, 15.16, NA, 25, "all", 200, 393.641096458913, 0.133493187083634, 20, 37.2856489045484, 430.106179082709, 392.038103554378, 395.966858341698, 0.128323006480823, 0.140684686369714, 0.00320836308971276, 1.00266162348766, 58
439.37, 29.45, -Inf, 32.83, 0.08, 7.58, NA, 3.38, Inf, 18.62, -7.5, 15, "all", 100, 398.605146042691, 0.0821554277647642, 20, 31.6287804101209, 376.740587032863, 397.088742356345, 400.054304095436, 0.0772543208758292, 0.0869759176262036, 0.00253798732706927, 0.77621753150607, 59
452.77, 34.96, -Inf, 38.54, 0.07, NA, NA, 3.58, Inf, 24.26, NA, 15, "all", 200, 398.192672338583, 0.0686497133002838, 20, 37.2942721724754, 379.857287954963, 396.608652733261, 399.766549875388, 0.0644619268669983, 0.073696198720095, 0.0023339244948979, 0.821323180723891, 59
442.27, 34.89, -Inf, 38.48, 0.07, NA, NA, 3.59, Inf, 24.2, NA, 20, "all", 50, 390.405427699648, 0.0669711329449993, 20, 37.2338191070869, 390.405427699648, 387.762818151536, 393.725126131856, 0.0591593422758473, 0.077211233156082, 0.0047651209947826, 1.54470013337149, 59
441.54, 34.43, -Inf, 38.51, 0.02, NA, NA, 4.08, Inf, 24.21, NA, 20, "all", 100, 425.994749146906, 0.0198480019268465, 20, 37.2737078696219, 425.994749146906, 424.755316868346, 427.352279267523, 0.0155605282332279, 0.0253028390593864, 0.00258799562913381, 0.692805718205955, 59
460.97, 34.87, -Inf, 38.42, 0.07, NA, NA, 3.55, Inf, 24.15, NA, 20, "all", 200, 402.480918741424, 0.0729361336717033, 20, 37.1817682192672, 402.480918741424, 400.939649401678, 404.034593556693, 0.06884689742946, 0.0781376638386912, 0.00239197488022761, 0.812434387260897, 59
516.53, 35.03, -Inf, 38.37, 0.13, NA, NA, 3.34, Inf, 16.1, NA, 25, "all", 50, 408.219185468704, 0.125188194266471, 20, 37.1176555877002, 443.583114214002, 406.095801762389, 410.67172415595, 0.119595937068876, 0.13483687520835, 0.00374399787276226, 1.17402522851356, 59
508.83, 35.2, -Inf, 38.53, 0.13, NA, NA, 3.32, Inf, 15.29, NA, 25, "all", 100, 395.652558455503, 0.13232301555986, 20, 37.2730277044337, 431.968384234796, 394.396580828054, 397.494975145868, 0.128337397781701, 0.137667330848525, 0.00251402237881849, 0.777950723585445, 59
506.04, 35.22, -Inf, 38.54, 0.13, NA, NA, 3.32, Inf, 15.12, NA, 25, "all", 200, 392.214415617554, 0.133861948894972, 20, 37.2873857632775, 428.652227596104, 390.815477846286, 394.616283877515, 0.128312437131806, 0.140794696544622, 0.00335277321877178, 0.983886000312735, 59
436.78, 29.35, -Inf, 32.73, 0.08, 7.58, NA, 3.38, Inf, 18.51, -7.5, 15, "all", 100, 396.597670136037, 0.0823121620131757, 20, 31.5260330662835, 374.802885760258, 395.08744031067, 397.975822527646, 0.0775629231691254, 0.087369252641085, 0.00248469744666951, 0.734047363552424, 60
450.73, 34.96, -Inf, 38.54, 0.07, NA, NA, 3.58, Inf, 24.26, NA, 15, "all", 200, 396.615380866145, 0.0683564503733597, 20, 37.2964567988712, 378.428824710515, 395.115269118987, 398.308317619878, 0.0640879225133527, 0.073538953569391, 0.00244460627757955, 0.84751033985942, 60
438, 34.88, -Inf, 38.48, 0.07, NA, NA, 3.6, Inf, 24.2, NA, 20, "all", 50, 387.783684091349, 0.0653954842362294, 20, 37.2401519940997, 387.783684091349, 384.882604065881, 390.975859082363, 0.0569180928750802, 0.0758355801373429, 0.00490334653050272, 1.51022760906332, 60
437.83, 34.38, -Inf, 38.51, 0.02, NA, NA, 4.12, Inf, 24.21, NA, 20, "all", 100, 424.095420219601, 0.0176950717506438, 20, 37.2754794704286, 424.095420219601, 422.88180540027, 425.587588399567, 0.0135696089428925, 0.0229927515093102, 0.00242056295751641, 0.706262332298005, 60
459.05, 34.87, -Inf, 38.43, 0.07, NA, NA, 3.56, Inf, 24.15, NA, 20, "all", 200, 401.07923428048, 0.0725647812875223, 20, 37.1843277314093, 401.07923428048, 399.356410790875, 402.641204309678, 0.0684778447918682, 0.0780238819299178, 0.00237265938619645, 0.818829544817875, 60
512.28, 35.03, -Inf, 38.38, 0.12, NA, NA, 3.35, Inf, 16.26, NA, 25, "all", 50, 405.980713962705, 0.123708320226687, 20, 37.124186662134, 440.717675975966, 403.806092962788, 408.536372742393, 0.118113870975023, 0.132863827970668, 0.00369140733443225, 1.23242083120064, 60
504.68, 35.2, -Inf, 38.53, 0.13, NA, NA, 3.33, Inf, 15.48, NA, 25, "all", 100, 393.904199856786, 0.130370351109455, 20, 37.2754865601055, 429.502603036793, 392.603590614269, 395.64944069131, 0.125670556367077, 0.13558965905832, 0.00259809094434745, 0.781568382053688, 60
501.49, 35.23, -Inf, 38.55, 0.13, NA, NA, 3.32, Inf, 15.24, NA, 25, "all", 200, 389.576347584046, 0.132641124414775, 20, 37.2937263152098, 425.424258072291, 388.20726221191, 391.873975586402, 0.12665095195281, 0.139792753015137, 0.00339387504558503, 0.963019085376839, 60
433.98, 29.3, -Inf, 32.68, 0.08, 7.59, NA, 3.38, Inf, 18.47, -7.5, 15, "all", 100, 394.393774900229, 0.0820194293890647, 20, 31.4774247302915, 372.795033573612, 393.040623011882, 395.795232147235, 0.0769991888499861, 0.0866760401230574, 0.00246812798940756, 0.713553418613806, 61
449.18, 34.96, -Inf, 38.54, 0.07, NA, NA, 3.59, Inf, 24.26, NA, 15, "all", 200, 395.589806491769, 0.0679034267897946, 20, 37.297968352915, 377.567713714526, 394.088668633356, 397.304263223426, 0.063459602147598, 0.0725127231923802, 0.00227907388105735, 0.828285638313552, 61
434.27, 34.88, -Inf, 38.48, 0.06, NA, NA, 3.61, Inf, 24.2, NA, 20, "all", 50, 385.691218728377, 0.0637503560644948, 20, 37.2421032896655, 385.691218728377, 382.777005963397, 389.138259573211, 0.0560135179183738, 0.0746052665339567, 0.00493335511410191, 1.6889339965079, 61
432.27, 34.29, -Inf, 38.51, 0.01, NA, NA, 4.22, Inf, 24.21, NA, 20, "all", 100, 421.69943839782, 0.0138342527786561, 20, 37.2794952795797, 421.69943839782, 420.457668180448, 423.101983883947, 0.0093828451557262, 0.0191068928002353, 0.00251663143851741, 0.683875586193901, 61
457.46, 34.88, -Inf, 38.43, 0.07, NA, NA, 3.55, Inf, 24.15, NA, 20, "all", 200, 399.380228607141, 0.0729614203478164, 20, 37.1859524861809, 399.380228607141, 397.686044819794, 400.885282060127, 0.0689396770880555, 0.0779499299093722, 0.00236220428848128, 0.807901705314829, 61
509.05, 35.03, -Inf, 38.38, 0.12, NA, NA, 3.35, Inf, 16.36, NA, 25, "all", 50, 404.06398893922, 0.122854768700524, 20, 37.1275159605012, 438.388550967541, 401.787774256428, 406.609815545146, 0.117357989119426, 0.13250434352592, 0.00384045610531259, 1.21780711599021, 61
501.12, 35.2, -Inf, 38.53, 0.13, NA, NA, 3.33, Inf, 15.57, NA, 25, "all", 100, 391.735318792858, 0.129566170085337, 20, 37.2768966442409, 426.909813373071, 390.556023600231, 393.502863976328, 0.125211189051279, 0.135181808928127, 0.00253038462080065, 0.758982894129225, 61
500.94, 35.23, -Inf, 38.55, 0.13, NA, NA, 3.32, Inf, 15.16, NA, 25, "all", 200, 388.539879120165, 0.133436316794952, 20, 37.2939194650154, 424.516386319741, 387.027189754078, 391.010772746972, 0.127480842761639, 0.140973717240082, 0.00344226949429715, 1.0269596994745, 61
430.41, 29.23, -Inf, 32.62, 0.08, 7.58, NA, 3.39, Inf, 18.41, -7.5, 15, "all", 100, 392.160467862297, 0.0803395552355138, 20, 31.4228146479475, 371.111876181313, 390.781501390921, 393.530651898888, 0.0754928546664624, 0.0851957655003426, 0.002506827792639, 0.702292952018917, 62
445.83, 34.95, -Inf, 38.55, 0.07, NA, NA, 3.6, Inf, 24.26, NA, 15, "all", 200, 393.797427778384, 0.0663576145234356, 20, 37.3013701821023, 376.256167058931, 392.418829793947, 395.381154374713, 0.0616525726468052, 0.0711622013274736, 0.00240343133757365, 0.799971867872401, 62
429.94, 34.87, -Inf, 38.49, 0.06, NA, NA, 3.62, Inf, 24.21, NA, 20, "all", 50, 383.133501389246, 0.0619754865368644, 20, 37.2460026696552, 383.133501389246, 380.371998780027, 386.650761733014, 0.0542120618645639, 0.0729239444226147, 0.00495979968083996, 1.5906645668798, 62
429.04, 34.24, -Inf, 38.51, 0.01, NA, NA, 4.28, Inf, 24.22, NA, 20, "all", 100, 419.869293461169, 0.0121239663716111, 20, 37.2811536346234, 419.869293461169, 418.629025188995, 421.243902676769, 0.00750364683792177, 0.0172632042245162, 0.0024918342812531, 0.662373353609484, 62
455.48, 34.87, -Inf, 38.43, 0.07, NA, NA, 3.56, Inf, 24.15, NA, 20, "all", 200, 398.320276430954, 0.0720821332723418, 20, 37.1861271080686, 398.320276430954, 396.739702738278, 399.952392019807, 0.0679840771032643, 0.0769154616752526, 0.00236848284311771, 0.823551722678829, 62
504.62, 35.04, -Inf, 38.39, 0.12, NA, NA, 3.36, Inf, 16.58, NA, 25, "all", 50, 401.930267038231, 0.120981884062622, 20, 37.1398714712948, 435.531897752741, 399.633624158661, 404.193086004533, 0.115631006267703, 0.13078791621101, 0.00374749968721552, 1.17637519534738, 62
496.33, 35.2, -Inf, 38.53, 0.13, NA, NA, 3.34, Inf, 15.81, NA, 25, "all", 100, 389.750824009007, 0.127213280412407, 20, 37.280334528945, 424.084406437394, 388.541406647166, 391.631252097966, 0.122753007915655, 0.133369944980753, 0.00271365898287811, 0.787382793905968, 62
499.01, 35.23, -Inf, 38.55, 0.13, NA, NA, 3.32, Inf, 15.19, NA, 25, "all", 200, 387.250822760958, 0.133148072286111, 20, 37.2956940526268, 423.027041074162, 385.766693647447, 389.569811735602, 0.127586492453478, 0.140591606630998, 0.00330444918234205, 0.97026120821398, 62
428.57, 29.24, -Inf, 32.63, 0.08, 7.58, NA, 3.39, Inf, 18.42, -7.5, 15, "all", 100, 390.524043951662, 0.080192211178383, 20, 31.4299177902649, 369.600678361192, 389.149504974614, 391.910726587184, 0.0750035585661687, 0.0847228849424098, 0.00254767265910158, 0.700466176635924, 63
443.96, 34.95, -Inf, 38.55, 0.07, NA, NA, 3.6, Inf, 24.27, NA, 15, "all", 200, 392.673025272159, 0.0656492178523475, 20, 37.3033651454985, 375.364398253213, 391.057384345039, 394.316831386111, 0.061064703169849, 0.0707079133400858, 0.00252225518484698, 0.835955326268393, 63
425.9, 34.86, -Inf, 38.49, 0.06, NA, NA, 3.63, Inf, 24.21, NA, 20, "all", 50, 380.681509515938, 0.0603611273377199, 20, 37.2528257017097, 380.681509515938, 377.765684357471, 383.96160223402, 0.0524696399469704, 0.0724823322519738, 0.00504972430402742, 1.57432226906522, 63
423.82, 34.1, -Inf, 38.51, 0.01, NA, NA, 4.41, Inf, 24.22, NA, 20, "all", 100, 417.31521862666, 0.00875625787793608, 20, 37.2834892063139, 417.31521862666, 416.101506443947, 418.665599841476, 0.0043324682181575, 0.0144920789783606, 0.00265759602521351, 0.666369015262512, 63
452.69, 34.87, -Inf, 38.44, 0.07, NA, NA, 3.56, Inf, 24.16, NA, 20, "all", 200, 396.557351232395, 0.0711593615002209, 20, 37.1923196912078, 396.557351232395, 394.814416229922, 398.205971759063, 0.0668443367793894, 0.0762313715756927, 0.00238420639385134, 0.835779913967411, 63
501.31, 35.04, -Inf, 38.39, 0.12, NA, NA, 3.36, Inf, 16.62, NA, 25, "all", 50, 399.600565848477, 0.120580539657427, 20, 37.1404663287791, 432.892115188695, 397.519955131889, 401.950874639118, 0.114753786574398, 0.129540368895022, 0.00386108479802742, 1.11604636200442, 63
492.21, 35.19, -Inf, 38.54, 0.13, NA, NA, 3.34, Inf, 16.01, NA, 25, "all", 100, 387.855241994654, 0.125419544065088, 20, 37.283484134113, 421.51976030243, 386.577846982944, 389.644058707039, 0.120853469783873, 0.131047929360198, 0.00265096064159572, 0.785250389199734, 63
496.57, 35.23, -Inf, 38.55, 0.13, NA, NA, 3.32, Inf, 15.2, NA, 25, "all", 200, 385.474270717676, 0.132969928430476, 20, 37.2982323531601, 421.036582095107, 383.870903255845, 387.829402614089, 0.127502056215231, 0.140198298657905, 0.00336044724841482, 1.03113172324864, 63
425.79, 29.22, -Inf, 32.61, 0.08, 7.59, NA, 3.39, Inf, 18.4, -7.51, 15, "all", 100, 388.238824821638, 0.0797986245198883, 20, 31.4133268615014, 367.537216047733, 386.94942025387, 389.620655334462, 0.0748246011570527, 0.0846213497076246, 0.00250702414342527, 0.691160917339367, 64
440.95, 34.94, -Inf, 38.55, 0.06, NA, NA, 3.61, Inf, 24.27, NA, 15, "all", 200, 390.967785682669, 0.0643668106330743, 20, 37.3062915527821, 374.063580413022, 389.556674294603, 392.43088561439, 0.0599057299634058, 0.069185319326754, 0.0023870696511841, 0.784859678621827, 64
421.19, 34.85, -Inf, 38.5, 0.06, NA, NA, 3.65, Inf, 24.22, NA, 20, "all", 50, 378.290983535205, 0.0578222067762565, 20, 37.2580332357713, 378.290983535205, 375.552372510684, 381.53262584469, 0.0492885742516719, 0.0699177622706691, 0.00538951617990488, 1.56683668584401, 64
420.68, 34.02, -Inf, 38.52, 0.01, NA, NA, 4.5, Inf, 24.22, NA, 20, "all", 100, 415.535006622083, 0.00700819885154646, 20, 37.2868734722754, 415.535006622083, 414.186966202201, 417.138619123271, 0.00217442270544786, 0.0122416241957127, 0.0025986764024606, 0.704099733270773, 64
451.54, 34.87, -Inf, 38.43, 0.07, NA, NA, 3.56, Inf, 24.15, NA, 20, "all", 200, 395.223052276487, 0.0716165183060905, 20, 37.1877818637527, 395.223052276487, 393.61267614714, 396.880836976396, 0.0673097930785936, 0.0773953216820249, 0.00255757748375309, 0.847002383180118, 64
496.4, 35.04, -Inf, 38.4, 0.12, NA, NA, 3.37, Inf, 16.95, NA, 25, "all", 50, 397.74914268071, 0.117803589501027, 20, 37.1512368644213, 430.093088831108, 395.764010375126, 399.895003898179, 0.111737140798413, 0.127113717764637, 0.00392177600528237, 1.11356387726983, 64
488.66, 35.19, -Inf, 38.54, 0.12, NA, NA, 3.35, Inf, 16.15, NA, 25, "all", 100, 385.994214479558, 0.124167744345169, 20, 37.2843362499048, 419.148847307745, 384.840959753874, 387.854893394258, 0.119539062359666, 0.130177912306441, 0.00267635905444749, 0.787442768196538, 64
494.51, 35.23, -Inf, 38.56, 0.13, NA, NA, 3.32, Inf, 15.21, NA, 25, "all", 200, 383.986306691672, 0.132807120207292, 20, 37.3005229925138, 419.366030609635, 382.36333784165, 386.330528356198, 0.127020869932516, 0.139661209131529, 0.00329245693202156, 1.01334348975426, 64
423.33, 29.17, -Inf, 32.55, 0.08, 7.6, NA, 3.38, Inf, 18.34, -7.52, 15, "all", 100, 385.684949310966, 0.0809857030746601, 20, 31.3524560204305, 364.822014619113, 384.246172218348, 387.033132535766, 0.0760813918819637, 0.0860000120809617, 0.00256986856042402, 0.722067410737228, 65
438.26, 34.94, -Inf, 38.55, 0.06, NA, NA, 3.61, Inf, 24.27, NA, 15, "all", 200, 389.366374560453, 0.0632988915897559, 20, 37.308803999599, 372.804693526177, 387.812668953072, 390.971634785912, 0.0591822577222397, 0.0680655004773944, 0.00239122354173647, 0.806360700970594, 65
418.23, 34.85, -Inf, 38.5, 0.06, NA, NA, 3.65, Inf, 24.22, NA, 20, "all", 50, 375.899334226514, 0.0574363246210266, 20, 37.2588916531752, 375.899334226514, 373.005715419395, 379.056647774867, 0.04819779282488, 0.0683726382258254, 0.00491383094363995, 1.52382622851136, 65
415.18, 33.68, -Inf, 38.52, 0, NA, NA, 4.84, Inf, 24.22, NA, 20, "all", 100, 413.017205485036, 0.00304201885925877, 20, 37.2907274641687, 413.017205485036, 411.771441291027, 414.401314462218, 0, 0.0089877349358174, 0.00250070111103429, 0.685156686288158, 65
449.5, 34.87, -Inf, 38.43, 0.07, NA, NA, 3.56, Inf, 24.16, NA, 20, "all", 200, 393.504860691151, 0.071508959258679, 20, 37.1907795133667, 393.504860691151, 391.889808094698, 395.030564761401, 0.0671410797123724, 0.076573408587786, 0.00240526424546168, 0.821857635935461, 65
492.7, 35.04, -Inf, 38.41, 0.12, NA, NA, 3.37, Inf, 17.05, NA, 25, "all", 50, 395.315946307542, 0.117067746452634, 20, 37.1566894597953, 427.25333484444, 393.189516456721, 397.537438868028, 0.111360031898599, 0.128300180145429, 0.00412056639974231, 1.18119726576489, 65
485.81, 35.19, -Inf, 38.54, 0.12, NA, NA, 3.35, Inf, 16.29, NA, 25, "all", 100, 384.637026163519, 0.122986493267704, 20, 37.2826177304603, 417.347782545996, 383.347251897368, 386.501076875833, 0.117963392707075, 0.128754358556409, 0.00268404758887026, 0.786866398547156, 65
492.55, 35.24, -Inf, 38.56, 0.13, NA, NA, 3.32, Inf, 15.19, NA, 25, "all", 200, 382.255447719634, 0.133079592522981, 20, 37.3016768635937, 417.551190986955, 380.79019175967, 384.58528439669, 0.127798159948598, 0.140268866906127, 0.00322863442336616, 0.997916837433221, 65
420.06, 29.15, -Inf, 32.55, 0.08, 7.6, NA, 3.4, Inf, 18.34, -7.52, 15, "all", 100, 384.212161349779, 0.0777417214994808, 20, 31.3475863577996, 364.239362436117, 382.893317981803, 385.436959547503, 0.0726530862336332, 0.082619865062794, 0.0025839151912509, 0.676728462561045, 66
435.51, 34.94, -Inf, 38.56, 0.06, NA, NA, 3.62, Inf, 24.27, NA, 15, "all", 200, 387.479818646635, 0.0625376415338549, 20, 37.312400564783, 371.192366706938, 385.956357536283, 389.109909273145, 0.0580901930323392, 0.0672495409462394, 0.00237221501079362, 0.776672586694178, 66
414.86, 34.85, -Inf, 38.5, 0.06, NA, NA, 3.66, Inf, 24.22, NA, 20, "all", 50, 373.623751051425, 0.0563658594577915, 20, 37.2641722224277, 373.623751051425, 370.809867147478, 376.761422815574, 0.0486569337232102, 0.0684761085431002, 0.00504778151590653, 1.53745499428557, 66
413, 33.6, -Inf, 38.52, 0, NA, NA, 4.92, Inf, 24.22, NA, 20, "all", 100, 411.236651286087, 0.00250699306236677, 20, 37.2916852043818, 411.236651286087, 409.974071446365, 412.651206484958, 0, 0.00825267714711685, 0.00236233821456129, 0.679985261741828, 66
447.72, 34.87, -Inf, 38.43, 0.07, NA, NA, 3.56, Inf, 24.16, NA, 20, "all", 200, 392.035985054573, 0.071386875448223, 20, 37.1904170157645, 392.035985054573, 390.404053456297, 393.621960023597, 0.066820742345622, 0.0764630905052833, 0.00249947626827257, 0.825709933068217, 66
489.35, 35.03, -Inf, 38.41, 0.12, NA, NA, 3.37, Inf, 17.18, NA, 25, "all", 50, 393.493290135108, 0.115937713807216, 20, 37.1554215420785, 424.964607816544, 391.301535927068, 396.032181440993, 0.110475979735936, 0.12591907186713, 0.0039478818926239, 1.2035868536813, 66
481.03, 35.18, -Inf, 38.54, 0.12, NA, NA, 3.36, Inf, 16.54, NA, 25, "all", 100, 382.440807811663, 0.120819468128812, 20, 37.2871486826455, 414.368441141978, 381.206463341243, 384.222985299898, 0.116461260704788, 0.126649804274968, 0.00267701710915908, 0.773082990790616, 66
490.66, 35.24, -Inf, 38.56, 0.13, NA, NA, 3.32, Inf, 15.2, NA, 25, "all", 200, 380.891791609255, 0.132930460307836, 20, 37.3030855884146, 416.020444881568, 379.340101461289, 383.2559036291, 0.127196925814451, 0.140062223274805, 0.00333511654262867, 1.01070562983067, 66
416.62, 29.16, -Inf, 32.57, 0.08, 7.6, NA, 3.41, Inf, 18.36, -7.52, 15, "all", 100, 381.765397246882, 0.0760516923457509, 20, 31.3687583899052, 362.340045254685, 380.383843769843, 383.105000125073, 0.0712422257693915, 0.080841839954544, 0.00243632157739457, 0.712796867331152, 67
432.88, 34.93, -Inf, 38.56, 0.06, NA, NA, 3.62, Inf, 24.28, NA, 15, "all", 200, 385.875513822516, 0.0615334769538032, 20, 37.3149722757289, 369.910477696084, 384.524790259827, 387.452945281261, 0.0573417101994496, 0.0668041629116015, 0.00253211638039882, 0.763167685887042, 67
409.68, 34.84, -Inf, 38.51, 0.05, NA, NA, 3.68, Inf, 24.23, NA, 20, "all", 50, 370.587140230981, 0.0540214602507503, 20, 37.272692986468, 370.587140230981, 367.786805296027, 373.947021361255, 0.0445435428809307, 0.0665258661405072, 0.00533019938151629, 1.57626036018111, 67
409.38, 32.99, -Inf, 38.52, 0, NA, NA, 5.53, Inf, 24.22, NA, 20, "all", 100, 409.015585477994, 0.000553489242768623, 20, 37.291627700757, 409.015585477994, 407.867216141958, 410.388978824776, 0, 0.00628966080036695, 0.00188952308960649, 0.637697459699491, 67
445.83, 34.87, -Inf, 38.43, 0.07, NA, NA, 3.56, Inf, 24.15, NA, 20, "all", 200, 390.375503521295, 0.0714028746246324, 20, 37.1891792210244, 390.375503521295, 388.593035232981, 391.967848543424, 0.0671941251500865, 0.0765030944219423, 0.00249448261598754, 0.86288050225745, 67
486.16, 35.04, -Inf, 38.41, 0.12, NA, NA, 3.38, Inf, 17.29, NA, 25, "all", 50, 391.526554212256, 0.115114135594423, 20, 37.1600847726174, 422.609526458378, 389.170427845424, 393.73857418914, 0.108493098167428, 0.125248208426575, 0.00413564019376453, 1.17231649748253, 67
477.42, 35.17, -Inf, 38.54, 0.12, NA, NA, 3.37, Inf, 16.74, NA, 25, "all", 100, 380.822560838121, 0.119134948507999, 20, 37.2864328165721, 412.154080158157, 379.646176227587, 382.579258366121, 0.114781631037629, 0.124425890733749, 0.00266451747082509, 0.76512757180856, 67
488.11, 35.24, -Inf, 38.56, 0.13, NA, NA, 3.32, Inf, 15.24, NA, 25, "all", 200, 379.220517149231, 0.132493981517294, 20, 37.3051401940337, 414.075071300042, 377.619758719975, 381.461300027103, 0.127147636888582, 0.139485611636634, 0.00325450194357522, 0.9722476502802, 67
414.53, 29.12, -Inf, 32.52, 0.08, 7.6, NA, 3.4, Inf, 18.31, -7.52, 15, "all", 100, 379.700637536793, 0.0767492079834097, 20, 31.3230284705162, 360.207776637879, 378.220495525072, 380.938344735153, 0.0716527424169732, 0.0817732018679628, 0.00261148994129437, 0.69427888260094, 68
430.63, 34.93, -Inf, 38.56, 0.06, NA, NA, 3.63, Inf, 24.28, NA, 15, "all", 200, 384.585475988154, 0.0605537988586329, 20, 37.3166125311141, 368.921912853646, 383.159280194195, 386.312708287152, 0.0563834485691573, 0.0652971738695559, 0.00238172834277633, 0.817605985806079, 68
406.56, 34.83, -Inf, 38.52, 0.05, NA, NA, 3.69, Inf, 24.23, NA, 20, "all", 50, 368.574001466325, 0.0528642570154978, 20, 37.2746452145552, 368.574001466325, 365.590298403833, 371.872421635788, 0.0443986224823035, 0.0648562607649563, 0.00532528372933119, 1.5612495352055, 68
444.04, 34.87, -Inf, 38.43, 0.07, NA, NA, 3.56, Inf, 24.16, NA, 20, "all", 200, 388.665079486314, 0.0715954319295637, 20, 37.1905413766661, 388.665079486314, 387.00901813652, 390.286390596208, 0.0676160013457834, 0.0770120727014053, 0.00238208796184369, 0.836612276703263, 68
481.77, 35.03, -Inf, 38.42, 0.11, NA, NA, 3.38, Inf, 17.58, NA, 25, "all", 50, 389.701840988286, 0.112806928130758, 20, 37.163145698835, 419.996370443494, 387.657396262285, 392.009029918643, 0.107029730119334, 0.123058978076706, 0.00414814094088447, 1.19718802748437, 68
474.32, 35.17, -Inf, 38.54, 0.12, NA, NA, 3.37, Inf, 16.86, NA, 25, "all", 100, 379.047744431859, 0.118168114893723, 20, 37.288785023822, 409.970107170721, 377.698094920928, 380.688863462655, 0.113886282965387, 0.124690604465759, 0.00275937274647152, 0.749947017733202, 68
483.32, 35.24, -Inf, 38.57, 0.13, NA, NA, 3.33, Inf, 15.35, NA, 25, "all", 200, 376.242045695929, 0.131432720170488, 20, 37.3117331839033, 410.53360297262, 374.666329566172, 378.489635542035, 0.125364002255335, 0.138732769083885, 0.00348066349383339, 0.961890036252874, 68
411.56, 29.03, -Inf, 32.43, 0.08, 7.61, NA, 3.4, Inf, 18.22, -7.54, 15, "all", 100, 377.183782048044, 0.0770418430752192, 20, 31.2295714254525, 357.748234573628, 375.742608403223, 378.553767350114, 0.0720460176410351, 0.0820583750574025, 0.00259998162484515, 0.713622774240472, 69
428.78, 34.92, -Inf, 38.56, 0.06, NA, NA, 3.64, Inf, 24.28, NA, 15, "all", 200, 383.40931899103, 0.0599056434245224, 20, 37.3173839373036, 367.957391151198, 381.910092626932, 385.103395262808, 0.0555697479172994, 0.0654358471227523, 0.00255564424124317, 0.799781582531574, 69
404.28, 34.83, -Inf, 38.52, 0.05, NA, NA, 3.69, Inf, 24.23, NA, 20, "all", 50, 366.913105200647, 0.052286593677991, 20, 37.2750622867943, 366.913105200647, 363.83847670939, 370.006144874422, 0.0442040007739435, 0.0659664699194472, 0.00546422873546272, 1.56554652095871, 69
441.67, 34.87, -Inf, 38.43, 0.07, NA, NA, 3.57, Inf, 24.15, NA, 20, "all", 200, 387.0371212152, 0.0709976562938363, 20, 37.1887159537656, 387.0371212152, 385.391049716979, 388.747198013523, 0.0666891135312312, 0.0764117207307864, 0.00248631360061432, 0.84872047377259, 69
477.46, 35.03, -Inf, 38.42, 0.11, NA, NA, 3.39, Inf, 17.83, NA, 25, "all", 50, 387.588298687021, 0.11095797008525, 20, 37.1649828178193, 417.206275694798, 385.393365777435, 389.837703763831, 0.105006381286921, 0.120341143663894, 0.00392738228549637, 1.12604183943833, 69
469.3, 35.17, -Inf, 38.54, 0.12, NA, NA, 3.38, Inf, 17.14, NA, 25, "all", 100, 376.638210854914, 0.115962594598215, 20, 37.290378791907, 406.768187643414, 375.426726767108, 378.468226635474, 0.111369449571267, 0.121941712200102, 0.00274477972278275, 0.76551812649693, 69
482.52, 35.24, -Inf, 38.57, 0.13, NA, NA, 3.33, Inf, 15.33, NA, 25, "all", 200, 375.514507799724, 0.131574456120122, 20, 37.3109439052327, 409.7782987089, 373.982350624316, 377.825058281089, 0.125931832260625, 0.139056276985736, 0.00329481085970469, 0.999516520619189, 69
409.98, 29.07, -Inf, 32.47, 0.08, 7.61, NA, 3.4, Inf, 18.26, -7.54, 15, "all", 100, 375.808205222053, 0.0765353072061048, 20, 31.2712150790141, 356.567541122551, 374.436146417573, 377.230269930296, 0.0713645293527541, 0.0820488719890158, 0.00272660935764885, 0.708164683874496, 70
425.29, 34.92, -Inf, 38.56, 0.06, NA, NA, 3.65, Inf, 24.28, NA, 15, "all", 200, 381.244261386389, 0.0585874280733662, 20, 37.3208159066149, 366.210929494949, 379.765533922318, 382.911295417781, 0.0541601327554127, 0.0636404765299221, 0.00244480550051852, 0.785206121119442, 70
400.6, 34.82, -Inf, 38.52, 0.05, NA, NA, 3.7, Inf, 24.24, NA, 20, "all", 50, 364.439058526313, 0.0510219108699255, 20, 37.2806213057121, 364.439058526313, 361.650856125368, 367.551451418369, 0.0423813942039267, 0.0630769375660103, 0.00511469817965708, 1.51355151386512, 70
439.87, 34.87, -Inf, 38.43, 0.07, NA, NA, 3.56, Inf, 24.16, NA, 20, "all", 200, 385.055614282235, 0.0715301677071138, 20, 37.1906031047599, 385.055614282235, 383.363879547466, 386.660641666025, 0.0673147163472482, 0.0767649944665022, 0.00248737330934196, 0.874541047379533, 70
474.12, 35.03, -Inf, 38.42, 0.11, NA, NA, 3.39, Inf, 17.96, NA, 25, "all", 50, 385.551418197731, 0.109996941486651, 20, 37.1724083623526, 414.749139616335, 383.412807285205, 388.05373506586, 0.104093507727979, 0.120057160542643, 0.00407735718937888, 1.18784938407984, 70
465.78, 35.16, -Inf, 38.55, 0.11, NA, NA, 3.38, Inf, 17.38, NA, 25, "all", 100, 375.159707789683, 0.114100314944005, 20, 37.2930141991673, 404.670967009996, 373.985187666227, 377.120429513525, 0.10943050466365, 0.119647971710477, 0.00270596225953961, 0.780564923214796, 70
480.25, 35.24, -Inf, 38.57, 0.13, NA, NA, 3.33, Inf, 15.32, NA, 25, "all", 200, 373.682413449625, 0.131650320145215, 20, 37.3124128150234, 407.799566040488, 372.264894548103, 375.858389501188, 0.126477051104798, 0.139035996239986, 0.00331738025422122, 0.926081960824277, 70
406.54, 29.06, -Inf, 32.47, 0.07, 7.61, NA, 3.41, Inf, 18.26, -7.54, 15, "all", 100, 373.655836682274, 0.074243301182585, 20, 31.2751909568855, 355.083787349703, 372.258230532472, 375.163720883649, 0.0692440733893284, 0.0789719772525005, 0.00252036342185663, 0.727080707161259, 71
422.58, 34.91, -Inf, 38.56, 0.06, NA, NA, 3.65, Inf, 24.28, NA, 15, "all", 200, 379.541383722725, 0.0575792460799992, 20, 37.3234114552971, 364.827682298717, 378.099779620074, 381.160302444556, 0.0529630938094087, 0.0625551671604584, 0.00239385946828026, 0.780856649487248, 71
397.82, 34.82, -Inf, 38.52, 0.05, NA, NA, 3.7, Inf, 24.24, NA, 20, "all", 50, 362.33817472971, 0.0503931086909223, 20, 37.2801692308123, 362.33817472971, 359.293929397685, 365.584339892918, 0.0422966416215789, 0.0636237133199337, 0.0054149761146848, 1.61020489322798, 71
437.78, 34.87, -Inf, 38.43, 0.07, NA, NA, 3.56, Inf, 24.15, NA, 20, "all", 200, 383.612664546842, 0.0710133982935743, 20, 37.1892187670422, 383.612664546842, 381.964957359084, 385.18805929893, 0.0661738099320165, 0.0761751094524115, 0.00257628859757003, 0.843817986104287, 71
470.61, 35.04, -Inf, 38.43, 0.11, NA, NA, 3.4, Inf, 18.1, NA, 25, "all", 50, 383.374249133982, 0.10901541417217, 20, 37.1822929326442, 412.138544066131, 381.365595617168, 385.968058893955, 0.102987042312339, 0.11850163411045, 0.00391323886834803, 1.18305591411173, 71
462.54, 35.16, -Inf, 38.55, 0.11, NA, NA, 3.39, Inf, 17.53, NA, 25, "all", 100, 373.369355043873, 0.112967319450275, 20, 37.2941928425517, 402.437068916326, 372.073970539638, 375.111013052135, 0.108588193156366, 0.119499088553595, 0.00280335573127377, 0.763161702185706, 71
477.6, 35.24, -Inf, 38.57, 0.13, NA, NA, 3.33, Inf, 15.41, NA, 25, "all", 200, 372.230285462212, 0.130816119386339, 20, 37.3131237179321, 405.990034176212, 370.851811323442, 374.629904117022, 0.12569715828547, 0.138841824188755, 0.00329951320151441, 0.980652720254144, 71
404.49, 29.04, -Inf, 32.44, 0.08, 7.62, NA, 3.41, Inf, 18.24, -7.54, 15, "all", 100, 371.281913069824, 0.0755897852747668, 20, 31.2468791896256, 352.50178130975, 369.903804191037, 372.657333816017, 0.0703350930171337, 0.0808358379932111, 0.00268701272403267, 0.724510473396415, 72
420.03, 34.91, -Inf, 38.57, 0.06, NA, NA, 3.66, Inf, 24.28, NA, 15, "all", 200, 378.187165099292, 0.0562793867427679, 20, 37.3252259188211, 363.850586159101, 376.709220127785, 379.760402864597, 0.0521626373274279, 0.0609798786953437, 0.00234712656981826, 0.759038555803358, 72
395.53, 34.82, -Inf, 38.52, 0.05, NA, NA, 3.7, Inf, 24.24, NA, 20, "all", 50, 360.006780573796, 0.0507487613168399, 20, 37.2830074518171, 360.006780573796, 357.327885034456, 363.447340600535, 0.0413410248336952, 0.0630242841255705, 0.00541973502864053, 1.5308503659247, 72
436.16, 34.87, -Inf, 38.43, 0.07, NA, NA, 3.56, Inf, 24.16, NA, 20, "all", 200, 381.602926356194, 0.0718181348775176, 20, 37.1895120394968, 381.602926356194, 379.894013144224, 383.259243690257, 0.0673390979719554, 0.0772857828250673, 0.00264073345216287, 0.863583089689898, 72
467.68, 35.03, -Inf, 38.43, 0.11, NA, NA, 3.4, Inf, 18.24, NA, 25, "all", 50, 381.711407206067, 0.108035946858081, 20, 37.1826393155353, 410.084289885952, 379.544447516619, 384.170636386272, 0.102369262371849, 0.117559844031859, 0.00408551107228239, 1.1765500670551, 72
457.46, 35.16, -Inf, 38.55, 0.11, NA, NA, 3.39, Inf, 17.8, NA, 25, "all", 100, 370.640579076113, 0.111001613471477, 20, 37.3019483977178, 398.975033539259, 369.254776668117, 372.3445709366, 0.106023783916307, 0.116642599071162, 0.00282915723112675, 0.816664016820319, 72
472.8, 35.24, -Inf, 38.57, 0.13, NA, NA, 3.33, Inf, 15.53, NA, 25, "all", 200, 369.33474778801, 0.129594683593165, 20, 37.3193507560908, 402.505478430175, 367.897042595665, 371.600440949503, 0.124398708956542, 0.13701417494973, 0.00329525387530733, 0.94548137392972, 72
400.46, 29.01, -Inf, 32.44, 0.07, 7.63, NA, 3.43, Inf, 18.23, -7.55, 15, "all", 100, 369.275342251059, 0.0717680331747848, 20, 31.2391404104978, 351.517992751286, 367.828309690447, 370.780158713774, 0.0664616440693731, 0.0766153401343088, 0.00267892271800836, 0.739264652549892, 73
416.88, 34.9, -Inf, 38.57, 0.06, NA, NA, 3.67, Inf, 24.28, NA, 15, "all", 200, 376.258292797616, 0.0550099957008202, 20, 37.327560168637, 362.310510690685, 374.875436917881, 377.941511302154, 0.0505490314776639, 0.0599541645290792, 0.00241760078485097, 0.778435307849974, 73
392.11, 34.81, -Inf, 38.53, 0.05, NA, NA, 3.72, Inf, 24.24, NA, 20, "all", 50, 358.155151557398, 0.0488901606545444, 20, 37.285681532764, 358.155151557398, 355.617581959453, 361.382338549591, 0.0382431635018804, 0.0617512514331671, 0.00574824036353601, 1.54989928642904, 73
434.19, 34.87, -Inf, 38.43, 0.07, NA, NA, 3.56, Inf, 24.15, NA, 20, "all", 200, 380.051941590895, 0.0715946632767401, 20, 37.1879441900443, 380.051941590895, 378.403205068408, 381.674161076395, 0.0673188360946187, 0.0777880722620317, 0.00265964882567212, 0.839287407057798, 73
462.7, 35.03, -Inf, 38.44, 0.11, NA, NA, 3.41, Inf, 18.55, NA, 25, "all", 50, 379.175074015391, 0.10591445110991, 20, 37.1857054475362, 406.786300375484, 376.985665121794, 381.397659058177, 0.0999856629019747, 0.115687538151079, 0.00406211131742388, 1.15526440821661, 73
454.89, 35.16, -Inf, 38.55, 0.11, NA, NA, 3.4, Inf, 17.93, NA, 25, "all", 100, 369.221713784208, 0.110090293271698, 20, 37.3002387813752, 397.207397724782, 367.943186739842, 370.879866670219, 0.104876016382243, 0.116478728559867, 0.00294022418507468, 0.75517739641959, 73
471.32, 35.24, -Inf, 38.57, 0.13, NA, NA, 3.33, Inf, 15.59, NA, 25, "all", 200, 368.585053587487, 0.129029489529494, 20, 37.318177152978, 401.53781150265, 367.180709929323, 370.818336715828, 0.123465856402298, 0.136570011791629, 0.00343482446338819, 0.968043889075225, 73
398.67, 28.98, -Inf, 32.41, 0.07, 7.62, NA, 3.42, Inf, 18.2, -7.55, 15, "all", 100, 367.508333120822, 0.0722486558246397, 20, 31.2098629577773, 349.720515171623, 366.206211027925, 368.828389462446, 0.0672718655733101, 0.0771332417683996, 0.00256093330302957, 0.669380884767894, 74
414.37, 34.9, -Inf, 38.57, 0.05, NA, NA, 3.67, Inf, 24.29, NA, 15, "all", 200, 374.407972911756, 0.0544152607981128, 20, 37.3302890168106, 360.676048888931, 373.001450963304, 376.026289809555, 0.050161837472666, 0.0597909562770443, 0.00247785092426354, 0.771238068034224, 74
387.45, 34.8, -Inf, 38.53, 0.05, NA, NA, 3.73, Inf, 24.24, NA, 20, "all", 50, 355.108889091101, 0.0470758475660466, 20, 37.2913506404377, 355.108889091101, 352.359467436487, 358.351965981313, 0.0389502637325628, 0.059904745832147, 0.0052754861329823, 1.53049673583589, 74
431.77, 34.86, -Inf, 38.42, 0.07, NA, NA, 3.56, Inf, 24.15, NA, 20, "all", 200, 378.417590734434, 0.070955513890327, 20, 37.1814284588583, 378.417590734434, 376.845484764991, 380.097934308023, 0.066367304454047, 0.0764942190527722, 0.0025881385606308, 0.831637708430063, 74
460, 35.03, -Inf, 38.44, 0.11, NA, NA, 3.41, Inf, 18.61, NA, 25, "all", 50, 377.207435239126, 0.105538909853148, 20, 37.1916239831299, 404.574536112155, 374.981837100164, 379.585657372023, 0.0993589124320032, 0.115910221829196, 0.00413144196673209, 1.21750615403288, 74
450.63, 35.15, -Inf, 38.55, 0.11, NA, NA, 3.41, Inf, 18.31, NA, 25, "all", 100, 367.637911692084, 0.107468257652413, 20, 37.2999251092935, 394.815928007125, 366.379929314558, 369.231089721993, 0.102584038094771, 0.113761759011185, 0.00283357707148517, 0.74332021713522, 74
467.91, 35.24, -Inf, 38.58, 0.13, NA, NA, 3.33, Inf, 15.62, NA, 25, "all", 200, 366.10800725414, 0.1287349494667, 20, 37.3219761894786, 398.761354887482, 364.585291674217, 368.604572957414, 0.122990797385828, 0.136209857606957, 0.00337188211184465, 0.997870364450737, 74
394.94, 29.02, -Inf, 32.46, 0.07, 7.63, NA, 3.44, Inf, 18.25, -7.56, 15, "all", 100, 365.245572792748, 0.0691454505663684, 20, 31.2600442016832, 348.308698587241, 363.78782447593, 366.689361459769, 0.0643703494733228, 0.0743431163682241, 0.00256049294903813, 0.733811589627081, 75
412.17, 34.89, -Inf, 38.57, 0.05, NA, NA, 3.68, Inf, 24.29, NA, 15, "all", 200, 373.025755643993, 0.0535703315919919, 20, 37.3310659251612, 359.553076987127, 371.637737891872, 374.42529886539, 0.0492536822370584, 0.0587685789686069, 0.00251429070445429, 0.753887420684379, 75
385.5, 34.8, -Inf, 38.53, 0.05, NA, NA, 3.73, Inf, 24.25, NA, 20, "all", 50, 353.4152616458, 0.0469203318572264, 20, 37.2944817401133, 353.4152616458, 350.829779499953, 356.314964357304, 0.0378265918478075, 0.0606069877252511, 0.00559622656320043, 1.457315959366, 75
430.11, 34.87, -Inf, 38.43, 0.07, NA, NA, 3.56, Inf, 24.15, NA, 20, "all", 200, 376.581220430352, 0.0714665782895873, 20, 37.1853753268066, 376.581220430352, 374.887548206446, 378.173361952027, 0.0667934803570671, 0.076846940629597, 0.00255158601437403, 0.857971121168413, 75
455.53, 35.03, -Inf, 38.45, 0.1, NA, NA, 3.42, Inf, 18.97, NA, 25, "all", 50, 375.24212553183, 0.103166190896898, 20, 37.1957455300049, 401.833393717082, 373.022664264196, 377.738320348864, 0.0967169119817076, 0.113859194188933, 0.00418611594857886, 1.22485658108084, 75
447.16, 35.14, -Inf, 38.55, 0.11, NA, NA, 3.41, Inf, 18.55, NA, 25, "all", 100, 365.917000160582, 0.105896570044384, 20, 37.3015603780912, 392.55812574791, 364.628790400256, 367.638375009327, 0.101295145559605, 0.111788143168143, 0.00268008328884571, 0.756232805267237, 75
465.99, 35.24, -Inf, 38.58, 0.13, NA, NA, 3.34, Inf, 15.65, NA, 25, "all", 200, 364.840623306053, 0.128420584413666, 20, 37.3207247491163, 397.298036278166, 363.276095116619, 367.052278479892, 0.123021776266996, 0.136504440927661, 0.0034665626518231, 0.980148685722474, 75
392.65, 28.97, -Inf, 32.4, 0.07, 7.64, NA, 3.43, Inf, 18.19, -7.57, 15, "all", 100, 362.845610684265, 0.0702003118441195, 20, 31.2072439323164, 345.769476105569, 361.446224532651, 364.174338873731, 0.0652040528350628, 0.0752480959706236, 0.00261193417002585, 0.707562503812971, 76
409.37, 34.88, -Inf, 38.57, 0.05, NA, NA, 3.69, Inf, 24.29, NA, 15, "all", 200, 371.315043479894, 0.0524015616019062, 20, 37.3334764486111, 358.191509767885, 369.978823037508, 372.911359677602, 0.0478689302662849, 0.057187777389331, 0.00246001881854582, 0.755162775606297, 76
382.38, 34.8, -Inf, 38.53, 0.05, NA, NA, 3.74, Inf, 24.25, NA, 20, "all", 50, 350.957630142271, 0.0463267675383632, 20, 37.2942404803874, 350.957630142271, 347.917670057263, 353.840374265917, 0.0366930580743808, 0.0589056703233494, 0.00558267087613527, 1.55684128378009, 76
427.39, 34.86, -Inf, 38.43, 0.07, NA, NA, 3.57, Inf, 24.15, NA, 20, "all", 200, 374.745659264636, 0.0706989860535229, 20, 37.1850459211784, 374.745659264636, 372.867288035582, 376.508922075777, 0.065596795328686, 0.0763431859745693, 0.00276391984655888, 0.896343178914303, 76
453.89, 35.03, -Inf, 38.45, 0.1, NA, NA, 3.42, Inf, 18.89, NA, 25, "all", 50, 373.48581760235, 0.103701379646597, 20, 37.1999955099551, 400.094705525459, 371.462185101284, 375.966336094082, 0.0981302220765753, 0.114202998158579, 0.00417693011992659, 1.15768500102975, 76
443.43, 35.14, -Inf, 38.56, 0.11, NA, NA, 3.41, Inf, 18.68, NA, 25, "all", 100, 363.455471670506, 0.105018148770863, 20, 37.3067328939164, 389.690140953472, 362.104235670312, 365.27673287915, 0.100335836906853, 0.111181652697899, 0.00282171336279169, 0.779710585719189, 76
461.84, 35.24, -Inf, 38.58, 0.13, NA, NA, 3.34, Inf, 15.77, NA, 25, "all", 200, 362.404284804298, 0.127243032381708, 20, 37.3244112049779, 394.336666299021, 360.97413904463, 364.858603248759, 0.121538929283858, 0.134567548875686, 0.00343022329990324, 1.03195090186845, 76
390.08, 28.94, -Inf, 32.39, 0.07, 7.63, NA, 3.45, Inf, 18.18, -7.57, 15, "all", 100, 361.352046501565, 0.068243905084052, 20, 31.1897242874202, 344.809115718774, 359.966943160709, 362.704501974692, 0.063175412334347, 0.0734601695236356, 0.00263644445085168, 0.699106908182357, 77
406.88, 34.88, -Inf, 38.58, 0.05, NA, NA, 3.7, Inf, 24.29, NA, 15, "all", 200, 369.523744152094, 0.05173092348705, 20, 37.3346877754471, 356.62771513591, 368.105827340634, 371.01856596531, 0.0474253693409371, 0.0571363185006941, 0.0024698671935662, 0.764901686606753, 77
380.25, 34.8, -Inf, 38.53, 0.05, NA, NA, 3.74, Inf, 24.25, NA, 20, "all", 50, 349.140558675774, 0.0461136564208898, 20, 37.2956912615347, 349.140558675774, 346.12124540246, 352.372747576958, 0.0369831438758512, 0.0579505305572375, 0.00557042565280159, 1.61397913026199, 77
425.41, 34.86, -Inf, 38.43, 0.07, NA, NA, 3.57, Inf, 24.15, NA, 20, "all", 200, 372.92075206826, 0.0708316606809138, 20, 37.1830416774394, 372.92075206826, 371.156253517157, 374.582789766933, 0.0660324276129768, 0.0766790033416727, 0.00276789325826616, 0.868967655995879, 77
450.14, 35.04, -Inf, 38.46, 0.1, NA, NA, 3.42, Inf, 19.01, NA, 25, "all", 50, 370.928507457652, 0.102920331477697, 20, 37.205745704079, 397.149288311851, 368.802034597055, 373.569734696018, 0.0966678221455493, 0.113149555540503, 0.00419033889827856, 1.2202049595368, 77
440.92, 35.14, -Inf, 38.56, 0.1, NA, NA, 3.42, Inf, 18.78, NA, 25, "all", 100, 361.885648976839, 0.104347267705569, 20, 37.3040882325686, 387.834292933257, 360.69356598952, 363.512457257034, 0.0995178016380772, 0.110434579734797, 0.00273152123004387, 0.749161333646264, 77
459.94, 35.24, -Inf, 38.58, 0.13, NA, NA, 3.34, Inf, 15.81, NA, 25, "all", 200, 361.146174377256, 0.126905829940047, 20, 37.3252042207581, 392.879770514057, 359.713177813457, 363.440266583279, 0.121374331129526, 0.134568022638603, 0.00333039174401224, 1.00464329634401, 77
387.83, 28.98, -Inf, 32.42, 0.07, 7.64, NA, 3.44, Inf, 18.21, -7.57, 15, "all", 100, 358.960013915243, 0.0687026802726153, 20, 31.2271685614554, 342.418702223952, 357.62201591746, 360.305116974969, 0.0640802402692935, 0.0739327575377571, 0.00261366499841434, 0.695527993901857, 78
404.53, 34.88, -Inf, 38.58, 0.05, NA, NA, 3.7, Inf, 24.29, NA, 15, "all", 200, 368.033662079612, 0.0508083875170919, 20, 37.336688479506, 355.414714724697, 366.629327445549, 369.490506516611, 0.0466280633664438, 0.0561390733097721, 0.00246975361519241, 0.75228917996065, 78
375.4, 34.78, -Inf, 38.54, 0.04, NA, NA, 3.76, Inf, 24.25, NA, 20, "all", 50, 346.362516362917, 0.043535755836438, 20, 37.3044161642943, 346.362516362917, 343.483858491873, 349.527363879166, 0.0337741125830333, 0.0558885957753988, 0.00556100654983702, 1.60014912489409, 78
423.6, 34.87, -Inf, 38.43, 0.07, NA, NA, 3.56, Inf, 24.15, NA, 20, "all", 200, 370.896743620463, 0.0714391400769896, 20, 37.1868147319243, 370.896743620463, 369.345641854975, 372.807692626019, 0.0660250728136716, 0.0774058324145171, 0.0028943431967218, 0.882446359560548, 78
445.88, 35.03, -Inf, 38.46, 0.1, NA, NA, 3.43, Inf, 19.37, NA, 25, "all", 50, 368.992463401124, 0.10067967956698, 20, 37.2103302509251, 394.489342139438, 366.914701439983, 371.549007729387, 0.0947796922307928, 0.110854614581215, 0.0042373432773939, 1.20020481289201, 78
435.92, 35.13, -Inf, 38.56, 0.1, NA, NA, 3.43, Inf, 19.21, NA, 25, "all", 100, 359.612844813103, 0.101681667079264, 20, 37.3099709943644, 384.717344071084, 358.331544176501, 361.423117687208, 0.096520196791082, 0.108370571265054, 0.00302313955296121, 0.76510273318932, 78
456.95, 35.24, -Inf, 38.58, 0.13, NA, NA, 3.34, Inf, 15.86, NA, 25, "all", 200, 359.10499226009, 0.126458217051046, 20, 37.3273825866074, 390.543200479338, 357.489533855453, 361.395723397484, 0.120389738668969, 0.133407939689824, 0.00340015656804668, 0.998372260363549, 78
385.2, 28.96, -Inf, 32.41, 0.07, 7.64, NA, 3.44, Inf, 18.2, -7.57, 15, "all", 100, 356.592883541987, 0.0686414519909323, 20, 31.2111327792864, 340.174954171464, 355.104787524364, 358.074346312519, 0.0634480232765611, 0.0742644469022882, 0.00275643304979239, 0.732003448221088, 79
400.02, 34.86, -Inf, 38.58, 0.05, NA, NA, 3.72, Inf, 24.3, NA, 15, "all", 200, 365.343610120062, 0.0487693640025372, 20, 37.3415055138003, 353.31124259519, 363.883084604116, 366.957224698264, 0.043871905344231, 0.0542172555513632, 0.00253529577380113, 0.79180601580359, 79
373.88, 34.79, -Inf, 38.54, 0.04, NA, NA, 3.76, Inf, 24.25, NA, 20, "all", 50, 344.512466966181, 0.0442233774968878, 20, 37.3039741837687, 344.512466966181, 341.514982053251, 347.715909500191, 0.0352611841229138, 0.0563744591728131, 0.00531907661027297, 1.55287433498325, 79
421.22, 34.85, -Inf, 38.42, 0.07, NA, NA, 3.57, Inf, 24.14, NA, 20, "all", 200, 369.358064239821, 0.0707286783824661, 20, 37.1729060550885, 369.358064239821, 367.666657781576, 370.900865339999, 0.0657520404687474, 0.0773261120374678, 0.0029892661089227, 0.869386756674079, 79
443.82, 35.03, -Inf, 38.46, 0.1, NA, NA, 3.43, Inf, 19.32, NA, 25, "all", 50, 367.104093233448, 0.100945454151035, 20, 37.2083296159337, 392.53971854478, 364.878248020103, 369.744601664737, 0.0937788144497627, 0.112862881766876, 0.00470801920476214, 1.24863241574151, 79
432.98, 35.13, -Inf, 38.56, 0.1, NA, NA, 3.43, Inf, 19.44, NA, 25, "all", 100, 358.137328994544, 0.100301027558659, 20, 37.3123268185574, 382.787929119741, 356.833088235999, 359.685795410444, 0.0955684932747683, 0.106597089695444, 0.00285674256138098, 0.744191320958112, 79
453.77, 35.24, -Inf, 38.58, 0.13, NA, NA, 3.34, Inf, 15.94, NA, 25, "all", 200, 357.128056369024, 0.125687281723028, 20, 37.3292160532955, 388.194528973974, 355.582940823297, 359.535835395068, 0.119788867470578, 0.133428554087916, 0.00347910689561538, 1.01596126288424, 79
381.76, 28.94, -Inf, 32.4, 0.07, 6.83, NA, 3.46, Inf, 18.19, -6.77, 15, "all", 100, 354.736159779278, 0.0655154639305922, 20, 31.2022256583633, 339.130897574264, 353.371569675496, 356.268780916325, 0.0603538209844532, 0.0709051337114842, 0.00272848210487438, 0.728962166848654, 80
398.61, 34.86, -Inf, 38.58, 0.05, NA, NA, 3.72, Inf, 24.3, NA, 15, "all", 200, 364.274864321232, 0.0484540122750045, 20, 37.3410062553564, 352.3539877399, 362.895974074478, 365.903308353798, 0.0441131913080794, 0.053382186048955, 0.0024222292725312, 0.771609233575686, 80
371.35, 34.79, -Inf, 38.54, 0.04, NA, NA, 3.76, Inf, 24.26, NA, 20, "all", 50, 342.265807961206, 0.044079932754875, 20, 37.3054850141816, 342.265807961206, 339.652644001422, 345.696382922909, 0.0353259570374542, 0.0557519752619956, 0.00527496480671336, 1.56756245254044, 80
419.4, 34.86, -Inf, 38.42, 0.07, NA, NA, 3.56, Inf, 24.14, NA, 20, "all", 200, 367.417038327696, 0.0711781518866202, 20, 37.1797451294215, 367.417038327696, 365.789981730337, 369.133551605741, 0.0654934075900539, 0.0773275759459299, 0.00295463789394515, 0.860585021586468, 80
439.33, 35.03, -Inf, 38.46, 0.1, NA, NA, 3.44, Inf, 19.76, NA, 25, "all", 50, 365.222430232412, 0.0983070388799061, 20, 37.2147185632501, 389.844472498642, 363.086408141799, 367.591620395611, 0.0919246264964341, 0.109386191354087, 0.00436652822694639, 1.15682151032406, 80
428.1, 35.12, -Inf, 38.56, 0.1, NA, NA, 3.44, Inf, 19.83, NA, 25, "all", 100, 355.666800597813, 0.098008973186326, 20, 37.315091559005, 379.569544737697, 354.329722324366, 357.254892051264, 0.0929965909995312, 0.1046055525938, 0.00290594591273565, 0.748233454107013, 80
451.27, 35.24, -Inf, 38.58, 0.13, NA, NA, 3.34, Inf, 15.96, NA, 25, "all", 200, 355.250664128337, 0.125556134160866, 20, 37.3298979272016, 386.120215122965, 353.870980116696, 357.43242584651, 0.119961690757523, 0.133618052390303, 0.00342111343062356, 0.936768852066026, 80
378.8, 28.94, -Inf, 32.41, 0.06, 6.83, NA, 3.47, Inf, 18.2, -6.77, 15, "all", 100, 352.805604358701, 0.0634332818071728, 20, 31.2169853746037, 337.767862340243, 351.413479632493, 354.203245231624, 0.057998980353448, 0.0689198628051631, 0.00276708386428331, 0.709453801752607, 81
396.01, 34.85, -Inf, 38.58, 0.05, NA, NA, 3.73, Inf, 24.3, NA, 15, "all", 200, 362.650526515038, 0.0473568525436704, 20, 37.3430201743882, 351.047184714004, 361.269563542877, 364.307386128062, 0.0424785419866989, 0.0530010009423185, 0.0025333086797862, 0.771099127235864, 81
367.63, 34.77, -Inf, 38.55, 0.04, NA, NA, 3.78, Inf, 24.26, NA, 20, "all", 50, 340.082418161236, 0.0421420866788485, 20, 37.3089308102902, 340.082418161236, 337.293552464047, 343.609782478504, 0.0324412804032415, 0.0547425068412599, 0.00564343200174984, 1.57301967714957, 81
418.18, 34.87, -Inf, 38.42, 0.07, NA, NA, 3.55, Inf, 24.14, NA, 20, "all", 200, 364.928066832536, 0.073220125588795, 20, 37.1784297272245, 364.928066832536, 363.205716067944, 366.619658030204, 0.0684739642627274, 0.0794509887650509, 0.00276886933126462, 0.888282738834624, 81
437.23, 35.03, -Inf, 38.47, 0.1, NA, NA, 3.44, Inf, 19.73, NA, 25, "all", 50, 363.327582444123, 0.0984955195202669, 20, 37.2177737750583, 387.870394261247, 361.080924407006, 365.692427943939, 0.0915653902607003, 0.109160740297803, 0.00431377896036827, 1.19880787107072, 81
425.97, 35.12, -Inf, 38.56, 0.1, NA, NA, 3.44, Inf, 19.91, NA, 25, "all", 100, 354.200998307555, 0.0975836683004283, 20, 37.3127035217844, 377.898554544548, 352.997509692389, 355.917576997026, 0.0924024585162051, 0.104414880677507, 0.00299529793962386, 0.754981988158788, 81
448.76, 35.24, -Inf, 38.58, 0.12, NA, NA, 3.35, Inf, 16.07, NA, 25, "all", 200, 353.970458947064, 0.124548494482663, 20, 37.329888681129, 384.471577141937, 352.586693351764, 356.366292048771, 0.119145452436125, 0.133093654884309, 0.00350212560102998, 0.969347326488148, 81
376.29, 28.93, -Inf, 32.41, 0.06, 6.84, NA, 3.48, Inf, 18.2, -6.78, 15, "all", 100, 351.011840248524, 0.0620969337177768, 20, 31.2163963825078, 336.359070402188, 349.570745588497, 352.418676877065, 0.0566734593213896, 0.0672761551324912, 0.00274567687284308, 0.736172734481595, 82
393.48, 34.85, -Inf, 38.58, 0.05, NA, NA, 3.74, Inf, 24.3, NA, 15, "all", 200, 360.861033324036, 0.046588400202168, 20, 37.3438553086089, 349.499323400522, 359.467637161275, 362.300416681533, 0.0417566106168611, 0.0515336236647283, 0.00260623226977079, 0.761298753071792, 82
364.51, 34.76, -Inf, 38.55, 0.04, NA, NA, 3.79, Inf, 24.26, NA, 20, "all", 50, 338.023040058072, 0.0408388245490502, 20, 37.3147810632737, 338.023040058072, 335.289133555308, 341.25139666611, 0.03149863734276, 0.0538102475445986, 0.00564825719250379, 1.5866988442627, 82
414.98, 34.85, -Inf, 38.42, 0.07, NA, NA, 3.56, Inf, 24.14, NA, 20, "all", 200, 363.623659565407, 0.0710951133860623, 20, 37.1748227967748, 363.623659565407, 361.880709377173, 365.401897399294, 0.0663353986492747, 0.0771187295927926, 0.00282320716672513, 0.927776388091958, 82
433.2, 35.03, -Inf, 38.47, 0.1, NA, NA, 3.44, Inf, 19.95, NA, 25, "all", 50, 360.884614386678, 0.0971946048766959, 20, 37.218734841141, 384.929930779765, 358.676008820778, 363.213913116732, 0.0913170493738551, 0.107841190342208, 0.004229950730711, 1.23344895685658, 82
422.57, 35.12, -Inf, 38.57, 0.1, NA, NA, 3.45, Inf, 20.1, NA, 25, "all", 100, 352.080802897174, 0.0965298777241294, 20, 37.3160868288441, 375.373900827439, 350.84876770339, 353.668985895939, 0.0920493008021145, 0.103096126499851, 0.00283643602592867, 0.76288476154564, 82
445.31, 35.24, -Inf, 38.59, 0.12, NA, NA, 3.35, Inf, 16.12, NA, 25, "all", 200, 351.555738938046, 0.124076934144555, 20, 37.3336540252616, 381.729303257487, 350.100742577377, 353.906149788824, 0.117661344933132, 0.132054714487402, 0.0038110455533941, 0.953386577641619, 82
373.85, 28.91, -Inf, 32.39, 0.06, 6.84, NA, 3.48, Inf, 18.18, -6.78, 15, "all", 100, 348.786855996697, 0.0621078694961542, 20, 31.198498609141, 334.224456900149, 347.483653352378, 350.168444838737, 0.0569309361249788, 0.067689913732378, 0.00275511074449344, 0.700556438583463, 83
390.14, 34.84, -Inf, 38.59, 0.05, NA, NA, 3.75, Inf, 24.3, NA, 15, "all", 200, 358.388324240722, 0.0457088661864476, 20, 37.3476035093984, 347.314167460324, 356.910345057822, 360.023376888361, 0.0412914163330528, 0.051758424733052, 0.00264666311875437, 0.797137992013047, 83
362.03, 34.76, -Inf, 38.55, 0.04, NA, NA, 3.79, Inf, 24.26, NA, 20, "all", 50, 335.869196190437, 0.0406045396817651, 20, 37.3154919595617, 335.869196190437, 332.905040794164, 339.131397579165, 0.0309171034982141, 0.0531899921143621, 0.00545995528529893, 1.55058165777476, 83
412.78, 34.86, -Inf, 38.42, 0.07, NA, NA, 3.56, Inf, 24.14, NA, 20, "all", 200, 361.340674353863, 0.0716103311584044, 20, 37.1736566008694, 361.340674353863, 359.611559595397, 363.206388847164, 0.0662162582135802, 0.0772564762013099, 0.00284793414233656, 0.908444466578391, 83
430.01, 35.02, -Inf, 38.47, 0.1, NA, NA, 3.45, Inf, 20.2, NA, 25, "all", 50, 359.182685711544, 0.0958048214271609, 20, 37.2191761314801, 382.761410370079, 357.339843652692, 361.625655683458, 0.0891344115539975, 0.107266963222329, 0.0044584658802782, 1.17695791440699, 83
418.83, 35.11, -Inf, 38.57, 0.09, NA, NA, 3.46, Inf, 20.48, NA, 25, "all", 100, 350.35819455412, 0.0944561784188738, 20, 37.3180757487438, 373.023616323704, 348.936022296287, 352.273828199093, 0.0902108374108595, 0.100546355490234, 0.00273460997860615, 0.815839498959684, 83
442.04, 35.24, -Inf, 38.59, 0.12, NA, NA, 3.35, Inf, 16.14, NA, 25, "all", 200, 349.126490676597, 0.123849857877985, 20, 37.3339937490874, 379.034431494005, 347.535177224306, 351.411514636856, 0.118364921900973, 0.132754931532126, 0.00370515039091744, 0.98583192753953, 83
371.33, 28.93, -Inf, 32.42, 0.06, 6.84, NA, 3.49, Inf, 18.21, -6.78, 15, "all", 100, 346.930086278739, 0.0606798699252598, 20, 31.2272653855479, 332.771358685601, 345.565579817506, 348.35625290631, 0.0548694477522926, 0.0662645109712183, 0.0028225650742207, 0.713576343173697, 84
388.16, 34.84, -Inf, 38.59, 0.05, NA, NA, 3.75, Inf, 24.3, NA, 15, "all", 200, 356.895946608271, 0.0452281087222647, 20, 37.3483225912939, 345.982103093982, 355.306058443955, 358.584837373518, 0.0403012086526109, 0.0510878132947345, 0.00268032583030273, 0.823219993616384, 84
359.71, 34.75, -Inf, 38.55, 0.04, NA, NA, 3.8, Inf, 24.26, NA, 20, "all", 50, 334.314219923581, 0.0396686321467048, 20, 37.3155599952133, 334.314219923581, 331.496989690074, 337.193152743289, 0.0302925879646523, 0.0524588796370323, 0.00574671209727463, 1.5415704714152, 84
410.87, 34.86, -Inf, 38.42, 0.07, NA, NA, 3.56, Inf, 24.14, NA, 20, "all", 200, 359.207266564893, 0.0722889403260141, 20, 37.1717321486571, 359.207266564893, 357.543097299242, 360.974830185151, 0.0668755982078499, 0.07855195543534, 0.00297228001815053, 0.900672751430737, 84
427.87, 35.03, -Inf, 38.48, 0.1, NA, NA, 3.45, Inf, 20.18, NA, 25, "all", 50, 357.275928855049, 0.0959179151847318, 20, 37.2289766193866, 380.758060047174, 355.207361839969, 359.798460608439, 0.0890959597070306, 0.105734567198415, 0.004458880911549, 1.20973045615131, 84
415.24, 35.11, -Inf, 38.57, 0.09, NA, NA, 3.46, Inf, 20.69, NA, 25, "all", 100, 348.094743392255, 0.0933540872744449, 20, 37.32049809754, 370.342769513451, 346.677963574676, 349.779314746361, 0.0882722652078232, 0.0999179821757593, 0.00301260700365866, 0.812045883059309, 84
439.4, 35.24, -Inf, 38.59, 0.12, NA, NA, 3.35, Inf, 16.23, NA, 25, "all", 200, 347.520640056691, 0.12313269250923, 20, 37.3357050713953, 377.111488307806, 346.051547217924, 349.751754411762, 0.11676381193306, 0.131416537496279, 0.00369958896997646, 0.968223130195982, 84
368.43, 28.92, -Inf, 32.42, 0.06, 6.85, NA, 3.5, Inf, 18.21, -6.79, 15, "all", 100, 344.624584670637, 0.0596904989770774, 20, 31.2256248160311, 330.784600430016, 343.126200814711, 346.030044279629, 0.0540908706314022, 0.0650265001896089, 0.00280938397949566, 0.733509904256658, 85
385.39, 34.83, -Inf, 38.59, 0.04, NA, NA, 3.76, Inf, 24.3, NA, 15, "all", 200, 354.937023293867, 0.0443589037333766, 20, 37.3496759173446, 344.288516064643, 353.419284894721, 356.61369925172, 0.0396909985616822, 0.050451065404697, 0.00266992154702641, 0.794244302620474, 85
357.11, 34.74, -Inf, 38.55, 0.04, NA, NA, 3.81, Inf, 24.26, NA, 20, "all", 50, 332.619097511734, 0.0385131428952532, 20, 37.3165472597677, 332.619097511734, 329.545338592572, 335.99827726404, 0.0295374260504324, 0.0510108703201082, 0.00555920925757526, 1.62688580670547, 85
408.53, 34.85, -Inf, 38.41, 0.07, NA, NA, 3.56, Inf, 24.13, NA, 20, "all", 200, 357.563937930184, 0.0717220391289663, 20, 37.1690545598823, 357.563937930184, 355.907879658587, 359.252117515827, 0.0658331846183367, 0.0783446746941059, 0.00315126380131594, 0.94467472864882, 85
424.48, 35.03, -Inf, 38.48, 0.09, NA, NA, 3.45, Inf, 20.43, NA, 25, "all", 50, 355.376368573035, 0.0945365152908993, 20, 37.2325341346468, 378.386600072304, 353.082724949497, 357.785235986792, 0.0873885737399473, 0.105718876074605, 0.00452624963800339, 1.20357815967273, 85
410.95, 35.11, -Inf, 38.57, 0.09, NA, NA, 3.47, Inf, 21.08, NA, 25, "all", 100, 345.794364669781, 0.0913818440111104, 20, 37.3253347135933, 367.414150631128, 344.413428247918, 347.52013496252, 0.0865953898562405, 0.0981558859231799, 0.00306684135600319, 0.810459152332945, 85
437.39, 35.24, -Inf, 38.59, 0.12, NA, NA, 3.35, Inf, 16.16, NA, 25, "all", 200, 345.56366948662, 0.123668953761818, 20, 37.3356041974094, 375.121362478751, 344.060346384385, 347.820691840544, 0.117680659239424, 0.132749564106698, 0.00382485700192939, 0.99657436325248, 85
365.89, 28.89, -Inf, 32.4, 0.06, 6.86, NA, 3.5, Inf, 18.18, -6.8, 15, "all", 100, 342.808148503814, 0.0584380518238189, 20, 31.2034852069507, 329.324218573062, 341.425608688395, 344.148493255967, 0.0526687419622115, 0.0637386535505375, 0.00276806518468298, 0.698168310851887, 86
382.55, 34.83, -Inf, 38.59, 0.04, NA, NA, 3.76, Inf, 24.3, NA, 15, "all", 200, 352.841645646004, 0.0435796318517678, 20, 37.3517151310439, 342.439195771796, 351.237917729724, 354.459097452465, 0.0386455646104442, 0.0487152889674641, 0.00262107561012211, 0.782295716090699, 86
354.49, 34.75, -Inf, 38.56, 0.04, NA, NA, 3.81, Inf, 24.27, NA, 20, "all", 50, 329.753524098656, 0.0391791617765693, 20, 37.3211789789498, 329.753524098656, 326.80489128985, 332.810535344614, 0.0289760275687357, 0.0519012956242793, 0.00582596993650693, 1.59654533788323, 86
406.48, 34.85, -Inf, 38.41, 0.07, NA, NA, 3.56, Inf, 24.13, NA, 20, "all", 200, 355.539752493578, 0.0720633860015192, 20, 37.167027786895, 355.539752493578, 353.715336249302, 357.233121896822, 0.0669789063098778, 0.0788493681129298, 0.00314295361177838, 0.938264428679585, 86
421.87, 35.03, -Inf, 38.48, 0.09, NA, NA, 3.45, Inf, 20.41, NA, 25, "all", 50, 353.120861319129, 0.0946531556572264, 20, 37.2308610343879, 376.014156636593, 350.994870425677, 355.646642712065, 0.0879685597441474, 0.106185265408901, 0.00455774540287961, 1.17512103566463, 86
408.9, 35.1, -Inf, 38.57, 0.09, NA, NA, 3.47, Inf, 21.13, NA, 25, "all", 100, 344.25433592773, 0.0911119450121988, 20, 37.3253140354793, 365.712324537891, 342.913051463714, 345.8816625603, 0.0864468758837852, 0.09795371573907, 0.0028932986432847, 0.774168077737907, 86
433.85, 35.24, -Inf, 38.59, 0.12, NA, NA, 3.35, Inf, 16.32, NA, 25, "all", 200, 343.690082001655, 0.122277329084353, 20, 37.3376963357799, 372.743112500993, 342.289806181158, 346.159908310361, 0.116243965300049, 0.131391064051665, 0.00383966430913348, 1.00887910288115, 86
362.54, 28.9, -Inf, 32.42, 0.06, 6.86, NA, 3.52, Inf, 18.21, -6.8, 15, "all", 100, 340.254227322214, 0.0568250363304711, 20, 31.2255411971928, 327.233003492083, 338.874644878872, 341.781129224982, 0.051650456909231, 0.0623346302147748, 0.00279745926306956, 0.727926656594054, 87
379.46, 34.82, -Inf, 38.59, 0.04, NA, NA, 3.77, Inf, 24.3, NA, 15, "all", 200, 350.659426617606, 0.0425762800561718, 20, 37.3540681210845, 340.555868575427, 349.02154566968, 352.253630845088, 0.0382863832852487, 0.0482438385578336, 0.0026440079384643, 0.79916529249169, 87
351.34, 34.74, -Inf, 38.56, 0.04, NA, NA, 3.82, Inf, 24.27, NA, 20, "all", 50, 327.599724081828, 0.037918319097755, 20, 37.3233366665956, 327.599724081828, 324.790190962229, 330.335272626287, 0.0287657731772992, 0.0510755334994048, 0.00576640271915358, 1.44142079534485, 87
404.77, 34.86, -Inf, 38.41, 0.07, NA, NA, 3.55, Inf, 24.13, NA, 20, "all", 200, 353.121695457962, 0.0734442104262119, 20, 37.1637526211764, 353.121695457962, 351.355039796773, 355.00484862557, 0.0682873897016253, 0.0804033421576984, 0.00325847997879427, 0.918627423640371, 87
418.03, 35.02, -Inf, 38.48, 0.09, NA, NA, 3.46, Inf, 20.77, NA, 25, "all", 50, 351.18887982601, 0.0927339132674098, 20, 37.2350693703719, 373.480915717362, 348.940701787828, 353.635574898714, 0.0858475227779232, 0.101993429481488, 0.00431961375677219, 1.22099381446768, 87
405.8, 35.1, -Inf, 38.58, 0.09, NA, NA, 3.48, Inf, 21.34, NA, 25, "all", 100, 342.333514336178, 0.0900551430709347, 20, 37.3271948897612, 363.41680478577, 341.013803114926, 344.106975251183, 0.084882669000789, 0.0968159329354936, 0.00300730209317556, 0.798124755744572, 87
431.94, 35.24, -Inf, 38.59, 0.12, NA, NA, 3.35, Inf, 16.32, NA, 25, "all", 200, 342.14699690037, 0.122323223904205, 20, 37.3377666866452, 371.080888557729, 340.571819664829, 344.441809894174, 0.115472929443097, 0.130918077942942, 0.00379868966009908, 0.995132130888756, 87
360.57, 28.92, -Inf, 32.43, 0.06, 6.87, NA, 3.52, Inf, 18.22, -6.81, 15, "all", 100, 338.392721239365, 0.0567543601502373, 20, 31.2409932856378, 325.458530313197, 336.941151392702, 339.846650278242, 0.0510422592547147, 0.0626267812704805, 0.00290604167518636, 0.736913021185313, 88
376.84, 34.82, -Inf, 38.59, 0.04, NA, NA, 3.77, Inf, 24.3, NA, 15, "all", 200, 348.356837004167, 0.0423975280897041, 20, 37.3536859847318, 338.361153237868, 346.644237318214, 350.068797907812, 0.037886323681541, 0.048242867679364, 0.00263070581303729, 0.836763696490652, 88
347.67, 34.73, -Inf, 38.57, 0.04, NA, NA, 3.84, Inf, 24.28, NA, 20, "all", 50, 325.153020059186, 0.0363146614664543, 20, 37.3314708455086, 325.153020059186, 322.395539034036, 328.214253483976, 0.0255572892212844, 0.0500090054408172, 0.00621808642462236, 1.5235338204296, 88
402.23, 34.85, -Inf, 38.41, 0.07, NA, NA, 3.55, Inf, 24.13, NA, 20, "all", 200, 351.281212312488, 0.0728832878360893, 20, 37.1647184443401, 351.281212312488, 349.403194365146, 353.161406801973, 0.0673833066704078, 0.0796008749277756, 0.00322609808403721, 0.961605793545355, 88
414.31, 35.02, -Inf, 38.49, 0.09, NA, NA, 3.47, Inf, 21.01, NA, 25, "all", 50, 348.889262726154, 0.0914774389591299, 20, 37.2405113384626, 370.72606682449, 346.677565714317, 351.375118413783, 0.0844235989891928, 0.102044634248212, 0.00435503788047542, 1.21714340687803, 88
401.31, 35.09, -Inf, 38.58, 0.09, NA, NA, 3.48, Inf, 21.76, NA, 25, "all", 100, 339.860336484262, 0.0880440494574406, 20, 37.3311600036615, 360.310099190786, 338.491196136509, 341.631001535455, 0.0828292543906927, 0.0951681810347011, 0.0030136614519469, 0.792279653761442, 88
428.28, 35.24, -Inf, 38.59, 0.12, NA, NA, 3.36, Inf, 16.38, NA, 25, "all", 200, 339.594469932943, 0.121782755433177, 20, 37.340208456679, 368.180422410912, 338.02498763143, 341.765647716637, 0.115999467080155, 0.130228432875844, 0.00375169213956204, 0.945868785330364, 88
358.02, 28.87, -Inf, 32.39, 0.06, 6.87, NA, 3.53, Inf, 18.18, -6.81, 15, "all", 100, 336.626919248573, 0.0554199614223276, 20, 31.1981810898195, 324.057020476426, 335.168789128638, 337.956607063555, 0.0495234149418221, 0.0610122948393496, 0.00292425989968973, 0.707862745129079, 89
374.78, 34.81, -Inf, 38.59, 0.04, NA, NA, 3.78, Inf, 24.3, NA, 15, "all", 200, 346.82411152407, 0.0418248518442258, 20, 37.3545220138891, 337.00490698068, 345.25390034453, 348.562913479133, 0.0366917407532657, 0.0480541778656563, 0.00284538102472624, 0.801182492297007, 89
346.36, 34.74, -Inf, 38.56, 0.04, NA, NA, 3.83, Inf, 24.27, NA, 20, "all", 50, 323.330020189292, 0.0373126882677447, 20, 37.3266263484479, 323.330020189292, 320.667215537622, 326.31066777819, 0.0270330775630413, 0.0509247925249061, 0.00584592539652046, 1.42988120502057, 89
400.52, 34.85, -Inf, 38.39, 0.07, NA, NA, 3.55, Inf, 24.12, NA, 20, "all", 200, 349.095732299012, 0.0739777822096921, 20, 37.1510562727363, 349.095732299012, 347.102735932108, 351.001131814453, 0.0680083022354632, 0.0808172559307785, 0.00331127738487356, 0.982982864557876, 89
410.61, 35.03, -Inf, 38.5, 0.09, NA, NA, 3.47, Inf, 21.2, NA, 25, "all", 50, 346.3628291241, 0.0905427306906188, 20, 37.2490136102536, 367.813273177911, 344.137896119545, 348.967364762903, 0.0832368559096663, 0.101432763344135, 0.0046034938108666, 1.23705767575556, 89
398.17, 35.09, -Inf, 38.58, 0.09, NA, NA, 3.49, Inf, 22, NA, 25, "all", 100, 337.929210643804, 0.0869182897363843, 20, 37.3325665853087, 357.995214190034, 336.536955160992, 339.588924759709, 0.0819554948123479, 0.0936389063271135, 0.00297515860066528, 0.795630410549994, 89
425.4, 35.24, -Inf, 38.59, 0.12, NA, NA, 3.36, Inf, 16.46, NA, 25, "all", 200, 337.794648073482, 0.121047975419039, 20, 37.3416402762444, 366.050554637505, 336.264873181087, 340.206030048747, 0.114833068660882, 0.129379019582049, 0.00373068833627725, 0.981542300248934, 89
354.67, 28.9, -Inf, 32.44, 0.05, 6.86, NA, 3.54, Inf, 18.22, -6.81, 15, "all", 100, 334.162892151735, 0.0533682662781708, 20, 31.2460517044476, 322.138529686495, 332.781898478815, 335.540041409107, 0.0476175204067814, 0.0587093125834855, 0.00284404612953269, 0.70670987658555, 90
372.45, 34.81, -Inf, 38.6, 0.04, NA, NA, 3.78, Inf, 24.31, NA, 15, "all", 200, 344.837533367991, 0.0415687984965028, 20, 37.3572153292701, 335.133492584414, 343.448386467801, 346.415314443462, 0.0370101243047695, 0.0480438899179927, 0.00269021610316176, 0.781065243173636, 90
341.6, 34.71, -Inf, 38.57, 0.03, NA, NA, 3.86, Inf, 24.28, NA, 20, "all", 50, 320.612602776668, 0.0344378912881249, 20, 37.3346240386364, 320.612602776668, 317.630877779688, 323.813584027068, 0.024830812742858, 0.0474967095581884, 0.0057312110035157, 1.54703200852324, 90
397.79, 34.85, -Inf, 38.4, 0.07, NA, NA, 3.55, Inf, 24.12, NA, 20, "all", 200, 346.977290509907, 0.0735861660997705, 20, 37.1528822841853, 346.977290509907, 345.105638767685, 348.826468199859, 0.0684219087766626, 0.0802073859051017, 0.00316707399200266, 0.947544676871516, 90
408.74, 35.02, -Inf, 38.49, 0.09, NA, NA, 3.47, Inf, 21.2, NA, 25, "all", 50, 344.813653857591, 0.0905314763218885, 20, 37.2441269538703, 366.165421740228, 342.659891340199, 347.404142090418, 0.0839332452365483, 0.101684585710967, 0.00463179574334078, 1.19751166578458, 90
395.98, 35.09, -Inf, 38.58, 0.09, NA, NA, 3.49, Inf, 22.12, NA, 25, "all", 100, 336.425221034562, 0.0863720044828833, 20, 37.3319776503143, 356.272731714277, 335.08203015038, 338.141034632531, 0.0811809952168692, 0.0934677919633883, 0.00304268926052405, 0.758068261454967, 90
422.46, 35.23, -Inf, 38.6, 0.12, NA, NA, 3.36, Inf, 16.57, NA, 25, "all", 200, 336.0198437414, 0.120177630259937, 20, 37.3426531335873, 363.917030821399, 334.083027378943, 338.36943809247, 0.113928337944541, 0.129468788337639, 0.00383207595218755, 1.04716230641147, 90
352.35, 28.86, -Inf, 32.4, 0.05, 6.88, NA, 3.54, Inf, 18.18, -6.83, 15, "all", 100, 332.221525876358, 0.0529626989240002, 20, 31.2073166426548, 320.356225778914, 330.786267228353, 333.563252807681, 0.0470349840881168, 0.058699175845544, 0.00294147448392636, 0.703564272125816, 91
369.35, 34.81, -Inf, 38.6, 0.04, NA, NA, 3.79, Inf, 24.31, NA, 15, "all", 200, 342.376543628379, 0.040926034421711, 20, 37.3599072136344, 332.888652986595, 340.899513347157, 344.035322376704, 0.0355012805984917, 0.0470901064637795, 0.0028279318698669, 0.811976220338814, 91
340.48, 34.71, -Inf, 38.57, 0.03, NA, NA, 3.86, Inf, 24.28, NA, 20, "all", 50, 319.507867070436, 0.0345342396102611, 20, 37.3329092813498, 319.507867070436, 316.357520583136, 323.23586552694, 0.0245858274994026, 0.0485646694615378, 0.00577444509523611, 1.66792513878562, 91
395.62, 34.85, -Inf, 38.4, 0.07, NA, NA, 3.55, Inf, 24.12, NA, 20, "all", 200, 344.998763651234, 0.0737019630019884, 20, 37.1544471942226, 344.998763651234, 342.990129042754, 346.768877342144, 0.0681284680781589, 0.080642932565414, 0.00315734173557373, 0.970688918326443, 91
404.99, 35.02, -Inf, 38.5, 0.09, NA, NA, 3.48, Inf, 21.56, NA, 25, "all", 50, 342.801391649579, 0.0887401683410608, 20, 37.2507222616018, 363.596055456203, 340.6493847974, 345.092207254534, 0.0812713466942674, 0.099818644836121, 0.00469457439482102, 1.18889479569165, 91
392.04, 35.08, -Inf, 38.58, 0.08, NA, NA, 3.5, Inf, 22.49, NA, 25, "all", 100, 334.156124435429, 0.0846851605050175, 20, 37.3350952981492, 353.473843679842, 332.666412604721, 335.957874482391, 0.0793370111389786, 0.0914020334081859, 0.00317853282585281, 0.813618547818361, 91
418.41, 35.24, -Inf, 38.6, 0.12, NA, NA, 3.37, Inf, 16.66, NA, 25, "all", 200, 333.283763358765, 0.119414033391665, 20, 37.346321613599, 360.770923834564, 331.825271942447, 335.728953128765, 0.112620626897319, 0.129118324732092, 0.00388095398670024, 1.00510604459713, 91
367.13, 34.8, -Inf, 38.6, 0.04, NA, NA, 3.79, Inf, 24.31, NA, 15, "all", 200, 340.600198083337, 0.0404889982124616, 20, 37.3597988736265, 331.26093106069, 338.859007857165, 342.463947041199, 0.0351693481891177, 0.0469912610696813, 0.00293143553608095, 0.857751313416274, 92
336.34, 34.7, -Inf, 38.58, 0.03, NA, NA, 3.88, Inf, 24.29, NA, 20, "all", 50, 316.548561444508, 0.032955654355629, 20, 37.3418961975522, 316.548561444508, 313.634720298778, 319.602421192891, 0.02299489107446, 0.0463577852744755, 0.00597237947759036, 1.50762331830852, 92
392.7, 34.84, -Inf, 38.4, 0.07, NA, NA, 3.55, Inf, 24.12, NA, 20, "all", 200, 343.032719051113, 0.0728151871767714, 20, 37.1548190416563, 343.032719051113, 340.903976004885, 344.884713769115, 0.066980306343707, 0.0801068665585771, 0.00329475617744229, 1.00677969152353, 92
401.99, 35.02, -Inf, 38.5, 0.09, NA, NA, 3.48, Inf, 21.69, NA, 25, "all", 50, 340.654050624144, 0.0881231758679017, 20, 37.2545690704683, 361.170537295805, 338.385840106306, 343.196959830473, 0.0812493122565625, 0.100158910714103, 0.00490907753953422, 1.23193374633091, 92
387.82, 35.08, -Inf, 38.59, 0.08, NA, NA, 3.51, Inf, 22.93, NA, 25, "all", 100, 331.782847140509, 0.0827611215082709, 20, 37.3391649824931, 350.51551215031, 330.363122818863, 333.555221474721, 0.0771405194053283, 0.08983280778724, 0.00318701778876788, 0.814233289580935, 92
416.47, 35.24, -Inf, 38.6, 0.12, NA, NA, 3.36, Inf, 16.64, NA, 25, "all", 200, 331.655052385897, 0.119538233634187, 20, 37.3457294150885, 359.0374795143, 330.000167102362, 334.026583145492, 0.113184411734701, 0.128488867308001, 0.003939787534956, 1.02193074367538, 92
347.35, 28.89, -Inf, 32.45, 0.05, 6.88, NA, 3.56, Inf, 18.23, -6.83, 15, "all", 100, 328.249570436895, 0.0507627642147789, 20, 31.2541457498001, 317.004650540555, 326.773301958594, 329.586198489984, 0.0451219601785144, 0.0561502736303223, 0.00284051821927374, 0.718068179780258, 93
364.93, 34.8, -Inf, 38.6, 0.04, NA, NA, 3.8, Inf, 24.31, NA, 15, "all", 200, 338.692263464284, 0.0402829660670418, 20, 37.3616987732293, 329.45191899524, 337.105985197707, 340.646927687492, 0.0358309903737697, 0.0462215749267186, 0.00270258907698303, 0.869455416897464, 93
333.77, 34.69, -Inf, 38.58, 0.03, NA, NA, 3.89, Inf, 24.29, NA, 20, "all", 50, 314.945568404101, 0.0315867536582655, 20, 37.3424849524338, 314.945568404101, 312.421337539654, 318.177761054554, 0.0215970298038714, 0.0447768450722198, 0.00604121022915494, 1.46200422284935, 93
390.23, 34.83, -Inf, 38.38, 0.07, NA, NA, 3.55, Inf, 24.1, NA, 20, "all", 200, 340.726918008864, 0.0731243834114678, 20, 37.1371223341469, 340.726918008864, 338.838877985245, 342.795913060153, 0.067074485867703, 0.0806735252641463, 0.00341688723663124, 1.03124952052696, 93
399.62, 35.02, -Inf, 38.5, 0.09, NA, NA, 3.48, Inf, 21.65, NA, 25, "all", 50, 338.545714170173, 0.0882917111354073, 20, 37.2530201622613, 358.975371074582, 336.109301479663, 340.96763931215, 0.0808356302148845, 0.102569528343528, 0.00530567502706461, 1.23709435318334, 93
384.81, 35.08, -Inf, 38.59, 0.08, NA, NA, 3.51, Inf, 23.06, NA, 25, "all", 100, 329.548888709545, 0.0822121847771176, 20, 37.3421304665556, 348.028612787326, 328.235887129107, 331.370251251999, 0.0770132962571236, 0.0893517212980556, 0.00317001717435012, 0.80785311856819, 93
413.17, 35.24, -Inf, 38.6, 0.12, NA, NA, 3.36, Inf, 16.67, NA, 25, "all", 200, 329.170541929463, 0.119310007432463, 20, 37.3474718777023, 356.293871438486, 327.854074950205, 331.454242519586, 0.112937230174066, 0.128224447920537, 0.00396584394834587, 0.950309119591927, 93
361.11, 34.8, -Inf, 38.6, 0.04, NA, NA, 3.8, Inf, 24.31, NA, 15, "all", 200, 335.404395309082, 0.0398740144095625, 20, 37.3648355364162, 326.345382893225, 333.714287120632, 337.050790330843, 0.0345777008275547, 0.0462296909520819, 0.0028578680057709, 0.85773177471513, 94
331.49, 34.7, -Inf, 38.58, 0.03, NA, NA, 3.88, Inf, 24.29, NA, 20, "all", 50, 312.47061499471, 0.0321371808252707, 20, 37.3442515735565, 312.47061499471, 309.495338485366, 315.566740552461, 0.0225755449082545, 0.0452676246821777, 0.00593237062256207, 1.57849359516342, 94
388.14, 34.83, -Inf, 38.38, 0.07, NA, NA, 3.55, Inf, 24.1, NA, 20, "all", 200, 338.548905189954, 0.0736751118207519, 20, 37.1361869211586, 338.548905189954, 336.672889470765, 340.50026487011, 0.0678082392470344, 0.080894945119556, 0.00345643837075477, 0.989320922663418, 94
395.53, 35.02, -Inf, 38.51, 0.09, NA, NA, 3.49, Inf, 22.05, NA, 25, "all", 50, 336.25758701251, 0.0864185931036774, 20, 37.2635870293805, 356.106218157199, 334.110093640226, 338.72543344765, 0.0789384588534998, 0.0993855400490211, 0.00512205355069472, 1.2014885026575, 94
381.24, 35.08, -Inf, 38.59, 0.08, NA, NA, 3.52, Inf, 23.39, NA, 25, "all", 100, 327.341199661228, 0.080843107353405, 20, 37.3474376790313, 345.383172849327, 326.111229841117, 329.107145783878, 0.0754239619999363, 0.0879257987942949, 0.00316355167033801, 0.743670096870725, 94
408.76, 35.23, -Inf, 38.61, 0.12, NA, NA, 3.37, Inf, 16.93, NA, 25, "all", 200, 327.005208073386, 0.117162243332008, 20, 37.3520277377225, 353.445969197174, 325.46375393774, 329.233260546541, 0.110222177824431, 0.126934038601752, 0.00401777879285297, 0.988544282601354, 94
359.4, 34.8, -Inf, 38.6, 0.04, NA, NA, 3.8, Inf, 24.31, NA, 15, "all", 200, 333.874549550901, 0.0397733770057086, 20, 37.3652224578661, 324.879307306033, 332.36525403228, 335.576407770516, 0.0345381426621509, 0.0462800081679311, 0.00292149556754386, 0.78829340946309, 95
328.5, 34.68, -Inf, 38.58, 0.03, NA, NA, 3.9, Inf, 24.29, NA, 20, "all", 50, 310.194904974438, 0.0311986273304128, 20, 37.3459184894815, 310.194904974438, 307.426761661986, 313.225317243261, 0.0215981113802763, 0.0459789883829181, 0.00593332143730795, 1.49563656627724, 95
384.59, 34.81, -Inf, 38.37, 0.07, NA, NA, 3.56, Inf, 24.09, NA, 20, "all", 200, 336.774596863434, 0.071638895278231, 20, 37.1291571275354, 336.774596863434, 335.05394435201, 338.767532169503, 0.0647950342521268, 0.0783213689436986, 0.00337810485818731, 0.9960058342956, 95
392.06, 35.01, -Inf, 38.51, 0.08, NA, NA, 3.5, Inf, 22.38, NA, 25, "all", 50, 334.276846717836, 0.0849088702711612, 20, 37.2642975510845, 353.654046189003, 332.142575936235, 336.484793865371, 0.0771668022961881, 0.0960905148662357, 0.00491099858412178, 1.12223527695768, 95
379.54, 35.07, -Inf, 38.59, 0.08, NA, NA, 3.52, Inf, 23.39, NA, 25, "all", 100, 325.897370089603, 0.0808394810115604, 20, 37.3430643219225, 343.858936590378, 324.445104451504, 327.655187179018, 0.0752120109190658, 0.0871425135130064, 0.00308856729548905, 0.819957726777786, 95
406.5, 35.23, -Inf, 38.61, 0.12, NA, NA, 3.37, Inf, 16.89, NA, 25, "all", 200, 324.984980148841, 0.11749936045949, 20, 37.3513650993878, 351.340986832423, 323.188132410918, 327.406091479213, 0.110556823353391, 0.126884892099362, 0.00414789985202917, 1.05923971719978, 95
357.43, 34.8, -Inf, 38.6, 0.04, NA, NA, 3.8, Inf, 24.31, NA, 15, "all", 200, 332.074068312911, 0.039728498446897, 20, 37.365144540385, 323.137292633691, 330.537943305482, 333.877075889863, 0.0348358941784202, 0.0459090765786134, 0.0028830502753486, 0.840508820495377, 96
326.8, 34.68, -Inf, 38.58, 0.03, NA, NA, 3.9, Inf, 24.29, NA, 20, "all", 50, 308.638150157152, 0.0311263146197963, 20, 37.3448562825208, 308.638150157152, 305.857901480145, 311.536415574126, 0.02201749812521, 0.0441342429417904, 0.00574714187270475, 1.47146390977745, 96
384.21, 34.84, -Inf, 38.38, 0.08, NA, NA, 3.54, Inf, 24.1, NA, 20, "all", 200, 334.07309149392, 0.0753364899325811, 20, 37.1321290518988, 334.07309149392, 332.19701208183, 335.971827624656, 0.0697232603189667, 0.0831550694828829, 0.0033742389352371, 0.977883790948797, 96
390.17, 35.02, -Inf, 38.51, 0.09, NA, NA, 3.49, Inf, 22.17, NA, 25, "all", 50, 332.047230758857, 0.0858899841149754, 20, 37.2611370734058, 351.523992828432, 329.949798360838, 334.372084929453, 0.0783603884194267, 0.0985670764957488, 0.00503214649941437, 1.16301136898064, 96
376.28, 35.06, -Inf, 38.59, 0.08, NA, NA, 3.53, Inf, 23.83, NA, 25, "all", 100, 324.204836636629, 0.0790665486261434, 20, 37.3449787006139, 341.670872742817, 322.788090961377, 325.932978836249, 0.0733968403008595, 0.0863776521655814, 0.0033431431725611, 0.797503028184659, 96
404.75, 35.23, -Inf, 38.6, 0.12, NA, NA, 3.37, Inf, 16.91, NA, 25, "all", 200, 323.713803962639, 0.117307364794614, 20, 37.3497230462656, 349.922130252383, 322.153584136961, 326.261700637766, 0.110572986235072, 0.12682078695794, 0.00399508957406029, 1.04194378139384, 96
337.22, 28.9, -Inf, 32.47, 0.05, 6.89, NA, 3.57, Inf, 18.26, -6.84, 15, "all", 100, 319.188749140811, 0.0492247170692712, 20, 31.2809800787545, 308.57996123187, 317.875809745854, 320.613833726801, 0.0433753493424439, 0.0554766302100875, 0.00316353528640006, 0.71029981875534, 97
354.88, 34.8, -Inf, 38.6, 0.04, NA, NA, 3.81, Inf, 24.31, NA, 15, "all", 200, 330.215255791499, 0.0389171802573718, 20, 37.3663367362164, 321.507571509216, 328.734444074351, 331.861656295283, 0.0333791496779405, 0.0454654592693568, 0.00300648360577051, 0.814032437127953, 97
324.86, 34.7, -Inf, 38.58, 0.03, NA, NA, 3.89, Inf, 24.29, NA, 20, "all", 50, 306.320530937867, 0.0319502331341212, 20, 37.3481157451268, 306.320530937867, 303.309443079808, 309.000289998043, 0.0226206250832858, 0.0454186316851183, 0.00578907634433189, 1.45710405816667, 97
379.47, 34.82, -Inf, 38.38, 0.07, NA, NA, 3.56, Inf, 24.1, NA, 20, "all", 200, 331.99681245143, 0.0720831048648785, 20, 37.1358388279323, 331.99681245143, 330.252911129347, 333.773035406303, 0.0657886071796489, 0.0792867331093333, 0.00342942183124025, 0.936423254161823, 97
386.27, 35.01, -Inf, 38.51, 0.08, NA, NA, 3.5, Inf, 22.54, NA, 25, "all", 50, 329.812042135435, 0.0841745086169041, 20, 37.261895380481, 348.760415390341, 327.646023255689, 332.265316944642, 0.0767743288121254, 0.0963999845604416, 0.00495330157236931, 1.22057355858552, 97
373.08, 35.06, -Inf, 38.59, 0.08, NA, NA, 3.53, Inf, 24.13, NA, 25, "all", 100, 322.204075858633, 0.0778595673106406, 20, 37.3423571349714, 339.290439750802, 320.834378216431, 323.7892151951, 0.0723990156047738, 0.0851415984691868, 0.00331142757590479, 0.761883512364941, 97
402.17, 35.23, -Inf, 38.6, 0.12, NA, NA, 3.37, Inf, 16.95, NA, 25, "all", 200, 321.829872663477, 0.117034712420209, 20, 37.3483586833915, 347.822730633983, 320.294409669392, 324.137801733641, 0.110352602364098, 0.126871216252928, 0.00418071934654683, 0.984569819832263, 97
350.39, 34.78, -Inf, 38.61, 0.04, NA, NA, 3.83, Inf, 24.32, NA, 15, "all", 200, 327.187243160018, 0.0370388457835733, 20, 37.3725228791642, 318.970554260346, 325.723686877268, 328.86028296124, 0.0312244347461978, 0.044370157172041, 0.00321872785589535, 0.806693822410697, 98
321.99, 34.68, -Inf, 38.58, 0.03, NA, NA, 3.9, Inf, 24.29, NA, 20, "all", 50, 304.100589576595, 0.0310998018113098, 20, 37.3474463482509, 304.100589576595, 301.24340643827, 307.306784205432, 0.0214488927442104, 0.0437504218281966, 0.00599622672593094, 1.57759009124324, 98
377.3, 34.8, -Inf, 38.35, 0.07, NA, NA, 3.55, Inf, 24.08, NA, 20, "all", 200, 329.765967812013, 0.0727134428302807, 20, 37.111278212627, 329.765967812013, 327.670110421766, 331.616869529669, 0.06670884840265, 0.080882561733305, 0.0035626764486006, 0.974175739943012, 98
383.29, 35.01, -Inf, 38.51, 0.08, NA, NA, 3.5, Inf, 22.7, NA, 25, "all", 50, 327.695531883591, 0.0834847885578437, 20, 37.265172264378, 346.363729405923, 325.566290684105, 330.207998072465, 0.0757870244221147, 0.0959357925254967, 0.00513901146677274, 1.18413504976958, 98
370.07, 35.06, -Inf, 38.6, 0.08, NA, NA, 3.53, Inf, 24.19, NA, 25, "all", 100, 319.684265693162, 0.0776852507454049, 20, 37.35158633086, 336.598063410342, 318.180153293541, 321.477250018308, 0.072066058697471, 0.0847638930044773, 0.00328294476743574, 0.816404205019694, 98
397.88, 35.23, -Inf, 38.61, 0.12, NA, NA, 3.37, Inf, 17.02, NA, 25, "all", 200, 318.717665262382, 0.116473384814199, 20, 37.3554693939104, 344.330867750049, 317.238432594214, 321.152649826572, 0.108991006339717, 0.125770490972266, 0.00416871268344039, 1.03300253488365, 98
349.8, 34.8, -Inf, 38.61, 0.04, NA, NA, 3.81, Inf, 24.32, NA, 15, "all", 200, 325.439268266122, 0.0389883532207957, 20, 37.3692689638372, 316.842040035143, 323.593775249106, 327.161487042668, 0.0337479619739056, 0.0458163761035576, 0.00311681337101191, 0.89505875610348, 99
321.64, 34.7, -Inf, 38.58, 0.03, NA, NA, 3.89, Inf, 24.29, NA, 20, "all", 50, 303.293850435696, 0.0319361225013584, 20, 37.3471805053876, 303.293850435696, 300.409415010356, 306.527683198339, 0.0228131263093846, 0.0454837048975689, 0.00583852950008521, 1.55871163878432, 99
373.91, 34.81, -Inf, 38.37, 0.07, NA, NA, 3.56, Inf, 24.09, NA, 20, "all", 200, 327.57016403305, 0.0714008282639494, 20, 37.1303523649341, 327.57016403305, 325.486082359783, 329.562908040038, 0.06516329600226, 0.0803811630284699, 0.00386375816277827, 1.06963276246695, 99
380.89, 35, -Inf, 38.51, 0.08, NA, NA, 3.5, Inf, 22.73, NA, 25, "all", 50, 325.729419659853, 0.0833581937228926, 20, 37.2613787246338, 344.256687717355, 323.341386003187, 328.290679257686, 0.0761671601766292, 0.0959959425567531, 0.0051605391143374, 1.25150119949328, 99
367.38, 35.06, -Inf, 38.6, 0.08, NA, NA, 3.54, Inf, 24.32, NA, 25, "all", 100, 317.842751997905, 0.0769004477421514, 20, 37.3514310044093, 334.484863033348, 316.335052006389, 319.483992328198, 0.0719098002307748, 0.0840641815453899, 0.00311870527879305, 0.783409211671773, 99
395.14, 35.23, -Inf, 38.61, 0.12, NA, NA, 3.38, Inf, 17.17, NA, 25, "all", 200, 317.263108501573, 0.115288000667799, 20, 37.354002782227, 342.489882666708, 315.536225805071, 319.924184982645, 0.108317500487661, 0.125675556082431, 0.00438505306808587, 1.11207438279878, 99
348.11, 34.8, -Inf, 38.61, 0.04, NA, NA, 3.81, Inf, 24.32, NA, 15, "all", 200, 323.945097837551, 0.0388553330614029, 20, 37.3693055109967, 315.416151065156, 322.280043308898, 325.903596610657, 0.0334907456165208, 0.0451788584589327, 0.00301176444614375, 0.903621510050057, 100
321.32, 34.71, -Inf, 38.58, 0.03, NA, NA, 3.87, Inf, 24.29, NA, 20, "all", 50, 302.208365249047, 0.033322426537834, 20, 37.3420348261352, 302.208365249047, 299.368506108399, 305.257934105415, 0.0244326632708736, 0.047824270984842, 0.0060584132276624, 1.49242398357359, 100
372.8, 34.82, -Inf, 38.38, 0.07, NA, NA, 3.56, Inf, 24.1, NA, 20, "all", 200, 326.238331697546, 0.0719359192326978, 20, 37.1379471664213, 326.238331697546, 324.280656385315, 328.262347947175, 0.0652448372868046, 0.0801822860735406, 0.00383861201508004, 1.0085711912377, 100
380.45, 35.01, -Inf, 38.5, 0.08, NA, NA, 3.5, Inf, 22.37, NA, 25, "all", 50, 324.371178612154, 0.0849424097670474, 20, 37.2579807255736, 343.18180968275, 322.136077326761, 326.928703709788, 0.0779199306891279, 0.0965454531975268, 0.00495086280362309, 1.17653053253723, 100
367.07, 35.06, -Inf, 38.59, 0.08, NA, NA, 3.53, Inf, 23.95, NA, 25, "all", 100, 316.544788769375, 0.078601104522051, 20, 37.3480748451171, 333.495121972012, 315.114255248072, 318.383205742859, 0.0722199433437117, 0.0857129034326738, 0.00334007787042406, 0.828819417249328, 100
394.03, 35.23, -Inf, 38.61, 0.12, NA, NA, 3.38, Inf, 17.08, NA, 25, "all", 200, 315.951640685571, 0.115971722697517, 20, 37.3524612592454, 341.228932997312, 314.081989064769, 318.240310372225, 0.109116774042106, 0.126121089151541, 0.00413451032506595, 1.06703334515075, 100
